-- MySQL dump 10.13  Distrib 5.6.24, for Win64 (x86_64)
--
-- Host: localhost    Database: bd_facturacion
-- ------------------------------------------------------
-- Server version	5.5.44

/*!40101 SET @OLD_CHARACTER_SET_CLIENT=@@CHARACTER_SET_CLIENT */;
/*!40101 SET @OLD_CHARACTER_SET_RESULTS=@@CHARACTER_SET_RESULTS */;
/*!40101 SET @OLD_COLLATION_CONNECTION=@@COLLATION_CONNECTION */;
/*!40101 SET NAMES utf8 */;
/*!40103 SET @OLD_TIME_ZONE=@@TIME_ZONE */;
/*!40103 SET TIME_ZONE='+00:00' */;
/*!40014 SET @OLD_UNIQUE_CHECKS=@@UNIQUE_CHECKS, UNIQUE_CHECKS=0 */;
/*!40014 SET @OLD_FOREIGN_KEY_CHECKS=@@FOREIGN_KEY_CHECKS, FOREIGN_KEY_CHECKS=0 */;
/*!40101 SET @OLD_SQL_MODE=@@SQL_MODE, SQL_MODE='NO_AUTO_VALUE_ON_ZERO' */;
/*!40111 SET @OLD_SQL_NOTES=@@SQL_NOTES, SQL_NOTES=0 */;

--
-- Table structure for table `ajustes`
--

DROP TABLE IF EXISTS `ajustes`;
/*!40101 SET @saved_cs_client     = @@character_set_client */;
/*!40101 SET character_set_client = utf8 */;
CREATE TABLE `ajustes` (
  `idajuste` int(11) NOT NULL AUTO_INCREMENT,
  `idusuario` int(11) NOT NULL,
  `idsucursales_productos` int(11) NOT NULL,
  `justificacion` varchar(500) NOT NULL,
  `cantidad` int(11) NOT NULL,
  `tipo_ajuste` enum('Suma','Resta') NOT NULL,
  `fecha_ajuste` timestamp NOT NULL DEFAULT CURRENT_TIMESTAMP ON UPDATE CURRENT_TIMESTAMP,
  PRIMARY KEY (`idajuste`),
  KEY `fk_ajustes_usuarios1_idx` (`idusuario`),
  KEY `fk_ajustes_sucursales_productos1_idx` (`idsucursales_productos`),
  CONSTRAINT `fk_ajustes_sucursales_productos1` FOREIGN KEY (`idsucursales_productos`) REFERENCES `sucursales_productos` (`idsucursal_producto`) ON DELETE NO ACTION ON UPDATE NO ACTION,
  CONSTRAINT `fk_ajustes_usuarios1` FOREIGN KEY (`idusuario`) REFERENCES `usuarios` (`idusuario`) ON DELETE NO ACTION ON UPDATE NO ACTION
) ENGINE=InnoDB DEFAULT CHARSET=latin1;
/*!40101 SET character_set_client = @saved_cs_client */;

--
-- Dumping data for table `ajustes`
--

LOCK TABLES `ajustes` WRITE;
/*!40000 ALTER TABLE `ajustes` DISABLE KEYS */;
/*!40000 ALTER TABLE `ajustes` ENABLE KEYS */;
UNLOCK TABLES;

--
-- Table structure for table `anulaciones_compras`
--

DROP TABLE IF EXISTS `anulaciones_compras`;
/*!40101 SET @saved_cs_client     = @@character_set_client */;
/*!40101 SET character_set_client = utf8 */;
CREATE TABLE `anulaciones_compras` (
  `idanulacion_compra` int(11) NOT NULL AUTO_INCREMENT,
  `idcompra` int(11) NOT NULL,
  `justificacion` varchar(400) NOT NULL,
  `idusuario` int(11) NOT NULL,
  `fecha` timestamp NOT NULL DEFAULT CURRENT_TIMESTAMP ON UPDATE CURRENT_TIMESTAMP,
  PRIMARY KEY (`idanulacion_compra`),
  KEY `fk_anulaciones_compras_compras1_idx` (`idcompra`),
  KEY `fk_anulaciones_compras_usuarios1_idx` (`idusuario`),
  CONSTRAINT `fk_anulaciones_compras_compras1` FOREIGN KEY (`idcompra`) REFERENCES `compras` (`idcompra`) ON DELETE NO ACTION ON UPDATE NO ACTION,
  CONSTRAINT `fk_anulaciones_compras_usuarios1` FOREIGN KEY (`idusuario`) REFERENCES `usuarios` (`idusuario`) ON DELETE NO ACTION ON UPDATE NO ACTION
) ENGINE=InnoDB DEFAULT CHARSET=latin1;
/*!40101 SET character_set_client = @saved_cs_client */;

--
-- Dumping data for table `anulaciones_compras`
--

LOCK TABLES `anulaciones_compras` WRITE;
/*!40000 ALTER TABLE `anulaciones_compras` DISABLE KEYS */;
/*!40000 ALTER TABLE `anulaciones_compras` ENABLE KEYS */;
UNLOCK TABLES;

--
-- Table structure for table `anulaciones_ventas`
--

DROP TABLE IF EXISTS `anulaciones_ventas`;
/*!40101 SET @saved_cs_client     = @@character_set_client */;
/*!40101 SET character_set_client = utf8 */;
CREATE TABLE `anulaciones_ventas` (
  `idanulacion_venta` int(11) NOT NULL AUTO_INCREMENT,
  `idventa` int(11) NOT NULL,
  `justificicacion` varchar(400) NOT NULL,
  `idusuario` int(11) NOT NULL,
  `fecha` timestamp NOT NULL DEFAULT CURRENT_TIMESTAMP ON UPDATE CURRENT_TIMESTAMP,
  PRIMARY KEY (`idanulacion_venta`),
  KEY `fk_anulaciones_ventas_ventas1_idx` (`idventa`),
  KEY `fk_anulaciones_ventas_usuarios1_idx` (`idusuario`),
  CONSTRAINT `fk_anulaciones_ventas_usuarios1` FOREIGN KEY (`idusuario`) REFERENCES `usuarios` (`idusuario`) ON DELETE NO ACTION ON UPDATE NO ACTION,
  CONSTRAINT `fk_anulaciones_ventas_ventas1` FOREIGN KEY (`idventa`) REFERENCES `ventas` (`idventa`) ON DELETE NO ACTION ON UPDATE NO ACTION
) ENGINE=InnoDB DEFAULT CHARSET=latin1;
/*!40101 SET character_set_client = @saved_cs_client */;

--
-- Dumping data for table `anulaciones_ventas`
--

LOCK TABLES `anulaciones_ventas` WRITE;
/*!40000 ALTER TABLE `anulaciones_ventas` DISABLE KEYS */;
/*!40000 ALTER TABLE `anulaciones_ventas` ENABLE KEYS */;
UNLOCK TABLES;

--
-- Table structure for table `bancos`
--

DROP TABLE IF EXISTS `bancos`;
/*!40101 SET @saved_cs_client     = @@character_set_client */;
/*!40101 SET character_set_client = utf8 */;
CREATE TABLE `bancos` (
  `idbanco` int(11) NOT NULL AUTO_INCREMENT,
  `nombre` varchar(100) NOT NULL,
  `telefono_banco` varchar(45) DEFAULT NULL,
  PRIMARY KEY (`idbanco`)
) ENGINE=InnoDB AUTO_INCREMENT=7 DEFAULT CHARSET=latin1;
/*!40101 SET character_set_client = @saved_cs_client */;

--
-- Dumping data for table `bancos`
--

LOCK TABLES `bancos` WRITE;
/*!40000 ALTER TABLE `bancos` DISABLE KEYS */;
INSERT INTO `bancos` VALUES (1,'Scotiabank','2856-8966'),(2,'America central','-'),(4,'Ninguno','-'),(5,'Davivienda El salvador','-'),(6,'Agricola','-');
/*!40000 ALTER TABLE `bancos` ENABLE KEYS */;
UNLOCK TABLES;

--
-- Table structure for table `cargos`
--

DROP TABLE IF EXISTS `cargos`;
/*!40101 SET @saved_cs_client     = @@character_set_client */;
/*!40101 SET character_set_client = utf8 */;
CREATE TABLE `cargos` (
  `idcargo` int(11) NOT NULL AUTO_INCREMENT,
  `nombre_cargo` varchar(45) DEFAULT NULL,
  `descripcion` varchar(300) DEFAULT NULL,
  PRIMARY KEY (`idcargo`)
) ENGINE=InnoDB AUTO_INCREMENT=4 DEFAULT CHARSET=utf8;
/*!40101 SET character_set_client = @saved_cs_client */;

--
-- Dumping data for table `cargos`
--

LOCK TABLES `cargos` WRITE;
/*!40000 ALTER TABLE `cargos` DISABLE KEYS */;
INSERT INTO `cargos` VALUES (1,'Informatica','Creador del sistema'),(2,'Ordenanza','Se encargar de hacer la limpieza de los edificios.'),(3,'Encargado','Encargados de sucursales');
/*!40000 ALTER TABLE `cargos` ENABLE KEYS */;
UNLOCK TABLES;

--
-- Table structure for table `categorias`
--

DROP TABLE IF EXISTS `categorias`;
/*!40101 SET @saved_cs_client     = @@character_set_client */;
/*!40101 SET character_set_client = utf8 */;
CREATE TABLE `categorias` (
  `idcategoria` int(11) NOT NULL AUTO_INCREMENT,
  `nombre_categoria` varchar(50) NOT NULL,
  `descripcion` varchar(200) NOT NULL,
  PRIMARY KEY (`idcategoria`)
) ENGINE=InnoDB AUTO_INCREMENT=60 DEFAULT CHARSET=latin1;
/*!40101 SET character_set_client = @saved_cs_client */;

--
-- Dumping data for table `categorias`
--

LOCK TABLES `categorias` WRITE;
/*!40000 ALTER TABLE `categorias` DISABLE KEYS */;
INSERT INTO `categorias` VALUES (1,'GRASAS Y ACEITES','Aceites y grasas alimenticias'),(2,'CUIDADO PERSONAL','productos del cuidado personal'),(3,'PRODUCTOS DE LIMPIEZA','Productos que se utilizan para limpiar el hogar.'),(4,'DESECHABLES','Productos de un solo uso.'),(5,'HOGAR','-'),(6,'ELECTRICIDAD','-'),(7,'SUEROS','-'),(8,'DETERGENTES','-'),(9,'CAFÉ','-'),(10,'BAYGON Y AROMAS','-'),(11,'JABONES PARA ROPA','-'),(12,'JABONES PARA BAÑO','-'),(13,'JABONES PARA TRASTES','-'),(14,'DESINFECTANTES','-'),(15,'PAPEL HIGIENICO','-'),(16,'SHAMPO','-'),(17,'LECHES','-\r\n'),(18,'ATOLES Y ARINA','-'),(19,'CEREALES EN HOJUELAS','-'),(20,'PAÑALES DESECHABLES','-'),(21,'TOLLAS SANITARIAS','-'),(22,'GRANOS BASICOS','-'),(23,'PLASTICOS','-'),(24,'JUGUETERIA','-'),(25,'SOPAS Y SABROSADORES','-\r\n'),(26,'FRIJOLES Y SALSAS EMPACADOS','-'),(27,'PASTAS','-'),(28,'FOCOS Y LAMPARAS','-'),(29,'CRISTALERIA','-'),(30,'UTENCILIOS DE COCINA','-'),(31,'PLATOS PARA COMIDA','-'),(32,'VINOS Y VINAGRES','-'),(33,'TOALLAS HUMEDAS PARA BEBE','-'),(34,'GALLETAS Y DULCES','-'),(35,'BEBIDAS Y REFRESCOS','-'),(36,'BOQUITAS','-'),(37,'MAYONESAS Y ADEREZOS','-'),(38,'PRODUCTOS ENLATADOS','-'),(39,'VELAS Y FOSFOROS','-'),(40,'BOLSAS PLASTICAS','-'),(41,'ZAPATOS','-'),(42,'LACTEOS Y EMBUTIDOS','-'),(43,'JALEAS Y MIELES','-'),(44,'VERDURAS','-'),(45,'PALETAS Y HELADOS','-'),(46,'BATERIAS Y LAMPARAS','-'),(47,'JABON PARA PERRO','\r\n-'),(48,'MASCOTAS','_'),(51,'PALILLOS','-'),(52,'SEMILLAS','-'),(53,'CARNES','-'),(54,'ROPA','-'),(55,'ESPECIAS','-'),(56,'PAPELERIA','-'),(57,'PASTILLAS','-'),(58,'HUEVOS','-'),(59,'BISUTERIA','-');
/*!40000 ALTER TABLE `categorias` ENABLE KEYS */;
UNLOCK TABLES;

--
-- Table structure for table `clientes`
--

DROP TABLE IF EXISTS `clientes`;
/*!40101 SET @saved_cs_client     = @@character_set_client */;
/*!40101 SET character_set_client = utf8 */;
CREATE TABLE `clientes` (
  `idcliente` int(11) NOT NULL AUTO_INCREMENT,
  `cod_cliente` varchar(45) NOT NULL,
  `nombre_cliente` varchar(100) NOT NULL,
  `direccion` varchar(300) NOT NULL,
  `dui` varchar(45) NOT NULL,
  `nit` varchar(45) NOT NULL,
  `ncr` varchar(45) NOT NULL,
  `razon_social` varchar(45) NOT NULL,
  `telefono` varchar(45) NOT NULL,
  `correo` varchar(45) NOT NULL,
  `iddescuento` int(11) NOT NULL,
  `fecha_ingreso` timestamp NOT NULL DEFAULT CURRENT_TIMESTAMP ON UPDATE CURRENT_TIMESTAMP,
  `genero` enum('Femenino','Masculino') DEFAULT NULL,
  PRIMARY KEY (`idcliente`),
  KEY `fk_clientes_descuentos1_idx` (`iddescuento`),
  CONSTRAINT `fk_clientes_descuentos1` FOREIGN KEY (`iddescuento`) REFERENCES `descuentos` (`iddescuento`) ON DELETE NO ACTION ON UPDATE NO ACTION
) ENGINE=InnoDB DEFAULT CHARSET=utf8;
/*!40101 SET character_set_client = @saved_cs_client */;

--
-- Dumping data for table `clientes`
--

LOCK TABLES `clientes` WRITE;
/*!40000 ALTER TABLE `clientes` DISABLE KEYS */;
/*!40000 ALTER TABLE `clientes` ENABLE KEYS */;
UNLOCK TABLES;

--
-- Table structure for table `compras`
--

DROP TABLE IF EXISTS `compras`;
/*!40101 SET @saved_cs_client     = @@character_set_client */;
/*!40101 SET character_set_client = utf8 */;
CREATE TABLE `compras` (
  `idcompra` int(11) NOT NULL AUTO_INCREMENT,
  `idfactura` int(11) NOT NULL,
  `idsucursal` int(11) NOT NULL,
  `fecha_ingreso` timestamp NOT NULL DEFAULT CURRENT_TIMESTAMP ON UPDATE CURRENT_TIMESTAMP,
  `anulacion` enum('NO','SI') DEFAULT NULL,
  PRIMARY KEY (`idcompra`),
  KEY `fk_compras_facturas_compras1_idx` (`idfactura`),
  KEY `fk_compras_sucursales1_idx` (`idsucursal`),
  CONSTRAINT `fk_compras_facturas_compras1` FOREIGN KEY (`idfactura`) REFERENCES `facturas_compras` (`idfactura_compra`) ON DELETE NO ACTION ON UPDATE NO ACTION,
  CONSTRAINT `fk_compras_sucursales1` FOREIGN KEY (`idsucursal`) REFERENCES `sucursales` (`idsucursal`) ON DELETE NO ACTION ON UPDATE NO ACTION
) ENGINE=InnoDB DEFAULT CHARSET=utf8;
/*!40101 SET character_set_client = @saved_cs_client */;

--
-- Dumping data for table `compras`
--

LOCK TABLES `compras` WRITE;
/*!40000 ALTER TABLE `compras` DISABLE KEYS */;
/*!40000 ALTER TABLE `compras` ENABLE KEYS */;
UNLOCK TABLES;

--
-- Table structure for table `cortes_diarios`
--

DROP TABLE IF EXISTS `cortes_diarios`;
/*!40101 SET @saved_cs_client     = @@character_set_client */;
/*!40101 SET character_set_client = utf8 */;
CREATE TABLE `cortes_diarios` (
  `idcorte_diario` int(11) NOT NULL AUTO_INCREMENT,
  `total` double(6,2) NOT NULL,
  `total_anulado` double(6,2) DEFAULT NULL,
  `total_ganancia` double(6,2) DEFAULT NULL,
  `idusuario` int(11) NOT NULL,
  `gastos_operativos` double(6,2) NOT NULL,
  PRIMARY KEY (`idcorte_diario`)
) ENGINE=InnoDB DEFAULT CHARSET=latin1;
/*!40101 SET character_set_client = @saved_cs_client */;

--
-- Dumping data for table `cortes_diarios`
--

LOCK TABLES `cortes_diarios` WRITE;
/*!40000 ALTER TABLE `cortes_diarios` DISABLE KEYS */;
/*!40000 ALTER TABLE `cortes_diarios` ENABLE KEYS */;
UNLOCK TABLES;

--
-- Table structure for table `cortes_sucursales`
--

DROP TABLE IF EXISTS `cortes_sucursales`;
/*!40101 SET @saved_cs_client     = @@character_set_client */;
/*!40101 SET character_set_client = utf8 */;
CREATE TABLE `cortes_sucursales` (
  `idcorte_sucursal` int(11) NOT NULL AUTO_INCREMENT,
  `idsucursal` int(11) NOT NULL,
  `idcorte_diario` int(11) NOT NULL,
  `fecha` timestamp NOT NULL DEFAULT CURRENT_TIMESTAMP ON UPDATE CURRENT_TIMESTAMP,
  PRIMARY KEY (`idcorte_sucursal`),
  KEY `fk_cortes_sucursales_cortes_diarios1_idx` (`idcorte_diario`),
  KEY `fk_cortes_sucursales_sucursales1_idx` (`idsucursal`),
  CONSTRAINT `fk_cortes_sucursales_cortes_diarios1` FOREIGN KEY (`idcorte_diario`) REFERENCES `cortes_diarios` (`idcorte_diario`) ON DELETE NO ACTION ON UPDATE NO ACTION,
  CONSTRAINT `fk_cortes_sucursales_sucursales1` FOREIGN KEY (`idsucursal`) REFERENCES `sucursales` (`idsucursal`) ON DELETE NO ACTION ON UPDATE NO ACTION
) ENGINE=InnoDB DEFAULT CHARSET=latin1;
/*!40101 SET character_set_client = @saved_cs_client */;

--
-- Dumping data for table `cortes_sucursales`
--

LOCK TABLES `cortes_sucursales` WRITE;
/*!40000 ALTER TABLE `cortes_sucursales` DISABLE KEYS */;
/*!40000 ALTER TABLE `cortes_sucursales` ENABLE KEYS */;
UNLOCK TABLES;

--
-- Table structure for table `cuentas_proveedores`
--

DROP TABLE IF EXISTS `cuentas_proveedores`;
/*!40101 SET @saved_cs_client     = @@character_set_client */;
/*!40101 SET character_set_client = utf8 */;
CREATE TABLE `cuentas_proveedores` (
  `idcuenta_proveedor` int(11) NOT NULL AUTO_INCREMENT,
  `idproveedor` int(11) NOT NULL,
  `idbanco` int(11) NOT NULL,
  `numero_cuenta` varchar(45) NOT NULL,
  PRIMARY KEY (`idcuenta_proveedor`),
  KEY `fk_cuentas_proveedores_bancos1_idx` (`idbanco`),
  KEY `fk_cuentas_proveedores_proveedores1_idx` (`idproveedor`),
  CONSTRAINT `fk_cuentas_proveedores_bancos1` FOREIGN KEY (`idbanco`) REFERENCES `bancos` (`idbanco`) ON DELETE NO ACTION ON UPDATE NO ACTION,
  CONSTRAINT `fk_cuentas_proveedores_proveedores1` FOREIGN KEY (`idproveedor`) REFERENCES `proveedores` (`idproveedor`) ON DELETE NO ACTION ON UPDATE NO ACTION
) ENGINE=InnoDB AUTO_INCREMENT=10 DEFAULT CHARSET=latin1;
/*!40101 SET character_set_client = @saved_cs_client */;

--
-- Dumping data for table `cuentas_proveedores`
--

LOCK TABLES `cuentas_proveedores` WRITE;
/*!40000 ALTER TABLE `cuentas_proveedores` DISABLE KEYS */;
INSERT INTO `cuentas_proveedores` VALUES (1,1,2,'200692127'),(2,1,2,'200033033'),(4,2,2,'200692127'),(5,3,5,'18510010623'),(7,3,2,'200726677'),(9,1,6,'5030308163');
/*!40000 ALTER TABLE `cuentas_proveedores` ENABLE KEYS */;
UNLOCK TABLES;

--
-- Table structure for table `descuentos`
--

DROP TABLE IF EXISTS `descuentos`;
/*!40101 SET @saved_cs_client     = @@character_set_client */;
/*!40101 SET character_set_client = utf8 */;
CREATE TABLE `descuentos` (
  `iddescuento` int(11) NOT NULL AUTO_INCREMENT,
  `tipo_descuento` varchar(45) NOT NULL,
  `descuento` double(6,2) NOT NULL,
  PRIMARY KEY (`iddescuento`)
) ENGINE=InnoDB DEFAULT CHARSET=utf8;
/*!40101 SET character_set_client = @saved_cs_client */;

--
-- Dumping data for table `descuentos`
--

LOCK TABLES `descuentos` WRITE;
/*!40000 ALTER TABLE `descuentos` DISABLE KEYS */;
/*!40000 ALTER TABLE `descuentos` ENABLE KEYS */;
UNLOCK TABLES;

--
-- Table structure for table `detalle_productos_traslados`
--

DROP TABLE IF EXISTS `detalle_productos_traslados`;
/*!40101 SET @saved_cs_client     = @@character_set_client */;
/*!40101 SET character_set_client = utf8 */;
CREATE TABLE `detalle_productos_traslados` (
  `idproducto_traslado` int(11) NOT NULL AUTO_INCREMENT,
  `idsucursal_producto` int(11) NOT NULL,
  `cantidad` int(11) NOT NULL,
  `recibido` enum('SI','NO') NOT NULL,
  `idtraslado` int(11) NOT NULL,
  PRIMARY KEY (`idproducto_traslado`),
  KEY `fk_detalle_productos_traslados_traslados1_idx` (`idtraslado`),
  KEY `fk_detalle_productos_traslados_productos1_idx` (`idsucursal_producto`),
  CONSTRAINT `fk_detalle_productos_traslados_productos1` FOREIGN KEY (`idsucursal_producto`) REFERENCES `sucursales_productos` (`idsucursal_producto`) ON DELETE NO ACTION ON UPDATE NO ACTION,
  CONSTRAINT `fk_detalle_productos_traslados_traslados1` FOREIGN KEY (`idtraslado`) REFERENCES `traslados` (`idtraslado`) ON DELETE NO ACTION ON UPDATE NO ACTION
) ENGINE=InnoDB DEFAULT CHARSET=latin1;
/*!40101 SET character_set_client = @saved_cs_client */;

--
-- Dumping data for table `detalle_productos_traslados`
--

LOCK TABLES `detalle_productos_traslados` WRITE;
/*!40000 ALTER TABLE `detalle_productos_traslados` DISABLE KEYS */;
/*!40000 ALTER TABLE `detalle_productos_traslados` ENABLE KEYS */;
UNLOCK TABLES;

--
-- Table structure for table `detalles_compras`
--

DROP TABLE IF EXISTS `detalles_compras`;
/*!40101 SET @saved_cs_client     = @@character_set_client */;
/*!40101 SET character_set_client = utf8 */;
CREATE TABLE `detalles_compras` (
  `iddetalle_compra` int(11) NOT NULL AUTO_INCREMENT,
  `idsucursal_producto` int(11) NOT NULL,
  `cantidad` int(11) NOT NULL,
  `precio_compra_m` double(6,2) NOT NULL,
  `precio_compra_d` double(6,2) DEFAULT NULL,
  `total` double(6,2) NOT NULL,
  `porcentaje_utilidad` double(6,2) DEFAULT NULL,
  `idfactura_compra` int(11) NOT NULL,
  `idutilidad` int(11) NOT NULL,
  PRIMARY KEY (`iddetalle_compra`),
  KEY `fk_detalles_compras_facturas_compras1_idx` (`idfactura_compra`),
  KEY `fk_detalles_compras_sucursales_productos1_idx` (`idsucursal_producto`),
  KEY `fk_detalles_compras_utilidades_compras1_idx` (`idutilidad`),
  CONSTRAINT `fk_detalles_compras_facturas_compras1` FOREIGN KEY (`idfactura_compra`) REFERENCES `facturas_compras` (`idfactura_compra`) ON DELETE NO ACTION ON UPDATE NO ACTION,
  CONSTRAINT `fk_detalles_compras_sucursales_productos1` FOREIGN KEY (`idsucursal_producto`) REFERENCES `sucursales_productos` (`idsucursal_producto`) ON DELETE NO ACTION ON UPDATE NO ACTION,
  CONSTRAINT `fk_detalles_compras_utilidades_compras1` FOREIGN KEY (`idutilidad`) REFERENCES `utilidades_compras` (`idutilidad_compra`) ON DELETE NO ACTION ON UPDATE NO ACTION
) ENGINE=InnoDB DEFAULT CHARSET=utf8;
/*!40101 SET character_set_client = @saved_cs_client */;

--
-- Dumping data for table `detalles_compras`
--

LOCK TABLES `detalles_compras` WRITE;
/*!40000 ALTER TABLE `detalles_compras` DISABLE KEYS */;
/*!40000 ALTER TABLE `detalles_compras` ENABLE KEYS */;
UNLOCK TABLES;

--
-- Table structure for table `detalles_ventas_factura`
--

DROP TABLE IF EXISTS `detalles_ventas_factura`;
/*!40101 SET @saved_cs_client     = @@character_set_client */;
/*!40101 SET character_set_client = utf8 */;
CREATE TABLE `detalles_ventas_factura` (
  `iddetalle_venta` int(11) NOT NULL AUTO_INCREMENT,
  `idpresentacion_producto` int(11) NOT NULL,
  `cantidad` int(11) NOT NULL,
  `precio_venta` double(6,2) NOT NULL,
  `total` double(6,2) NOT NULL,
  `utilidad` double(6,2) NOT NULL,
  `idventa_factura` int(11) NOT NULL,
  PRIMARY KEY (`iddetalle_venta`),
  KEY `fk_detalles_ventas_factura_ventas_factura1_idx` (`idventa_factura`),
  KEY `fk_detalles_ventas_factura_sucursales_productos1_idx` (`idpresentacion_producto`),
  CONSTRAINT `fk_detalles_ventas_factura_sucursales_productos1` FOREIGN KEY (`idpresentacion_producto`) REFERENCES `presentaciones_productos` (`idpresentacion_producto`) ON DELETE NO ACTION ON UPDATE NO ACTION,
  CONSTRAINT `fk_detalles_ventas_factura_ventas_factura1` FOREIGN KEY (`idventa_factura`) REFERENCES `ventas_factura` (`idventa`) ON DELETE NO ACTION ON UPDATE NO ACTION
) ENGINE=InnoDB DEFAULT CHARSET=utf8;
/*!40101 SET character_set_client = @saved_cs_client */;

--
-- Dumping data for table `detalles_ventas_factura`
--

LOCK TABLES `detalles_ventas_factura` WRITE;
/*!40000 ALTER TABLE `detalles_ventas_factura` DISABLE KEYS */;
/*!40000 ALTER TABLE `detalles_ventas_factura` ENABLE KEYS */;
UNLOCK TABLES;

--
-- Table structure for table `detalles_ventas_ticket`
--

DROP TABLE IF EXISTS `detalles_ventas_ticket`;
/*!40101 SET @saved_cs_client     = @@character_set_client */;
/*!40101 SET character_set_client = utf8 */;
CREATE TABLE `detalles_ventas_ticket` (
  `iddetalle_ventas_ticket` int(11) NOT NULL,
  `idpresentacion_producto` int(11) NOT NULL,
  `cantidad` int(11) NOT NULL,
  `precio_venta` double(6,2) NOT NULL,
  `total` double(6,2) NOT NULL,
  `utilidad` double(6,2) NOT NULL,
  `idventa_ticket` int(11) NOT NULL,
  PRIMARY KEY (`iddetalle_ventas_ticket`),
  KEY `fk_detalles_ventas_ticket_ventas_tickets1_idx` (`idventa_ticket`),
  KEY `fk_detalles_ventas_ticket_sucursales_productos1_idx` (`idpresentacion_producto`),
  CONSTRAINT `fk_detalles_ventas_ticket_sucursales_productos1` FOREIGN KEY (`idpresentacion_producto`) REFERENCES `presentaciones_productos` (`idpresentacion_producto`) ON DELETE NO ACTION ON UPDATE NO ACTION,
  CONSTRAINT `fk_detalles_ventas_ticket_ventas_tickets1` FOREIGN KEY (`idventa_ticket`) REFERENCES `ventas_tickets` (`idventa_ticket`) ON DELETE NO ACTION ON UPDATE NO ACTION
) ENGINE=InnoDB DEFAULT CHARSET=latin1;
/*!40101 SET character_set_client = @saved_cs_client */;

--
-- Dumping data for table `detalles_ventas_ticket`
--

LOCK TABLES `detalles_ventas_ticket` WRITE;
/*!40000 ALTER TABLE `detalles_ventas_ticket` DISABLE KEYS */;
/*!40000 ALTER TABLE `detalles_ventas_ticket` ENABLE KEYS */;
UNLOCK TABLES;

--
-- Table structure for table `empleados`
--

DROP TABLE IF EXISTS `empleados`;
/*!40101 SET @saved_cs_client     = @@character_set_client */;
/*!40101 SET character_set_client = utf8 */;
CREATE TABLE `empleados` (
  `idempleado` int(11) NOT NULL AUTO_INCREMENT,
  `nombres` varchar(45) NOT NULL,
  `apellidos` varchar(45) NOT NULL,
  `dui` varchar(45) NOT NULL,
  `nit` varchar(45) NOT NULL,
  `genero` enum('Femenino','Masculino') NOT NULL,
  `idcargo` int(11) NOT NULL,
  `telefono` varchar(45) DEFAULT NULL,
  `correo` varchar(45) DEFAULT NULL,
  PRIMARY KEY (`idempleado`),
  KEY `fk_empleados_cargos1_idx` (`idcargo`),
  CONSTRAINT `fk_empleados_cargos1` FOREIGN KEY (`idcargo`) REFERENCES `cargos` (`idcargo`) ON DELETE NO ACTION ON UPDATE NO ACTION
) ENGINE=InnoDB AUTO_INCREMENT=7 DEFAULT CHARSET=latin1;
/*!40101 SET character_set_client = @saved_cs_client */;

--
-- Dumping data for table `empleados`
--

LOCK TABLES `empleados` WRITE;
/*!40000 ALTER TABLE `empleados` DISABLE KEYS */;
INSERT INTO `empleados` VALUES (1,'Jhovany','Fuentes','04060663-4','1010-022189-101','Masculino',1,'7624-8080','vfjhovany@gmail.com'),(5,'Juana ','Perez','4568','99','Femenino',2,'2148','545'),(6,'Laura','de Aguilar','-','-','Femenino',3,'-','-');
/*!40000 ALTER TABLE `empleados` ENABLE KEYS */;
UNLOCK TABLES;

--
-- Table structure for table `empleados_sucursales`
--

DROP TABLE IF EXISTS `empleados_sucursales`;
/*!40101 SET @saved_cs_client     = @@character_set_client */;
/*!40101 SET character_set_client = utf8 */;
CREATE TABLE `empleados_sucursales` (
  `idempleado_sucursal` int(11) NOT NULL AUTO_INCREMENT,
  `idsucursal` int(11) NOT NULL,
  `idempleado` int(11) NOT NULL,
  PRIMARY KEY (`idempleado_sucursal`),
  KEY `fk_empleados_sucursales_empleados1_idx` (`idempleado`),
  KEY `fk_empleados_sucursales_sucursales1_idx` (`idsucursal`),
  CONSTRAINT `fk_empleados_sucursales_empleados1` FOREIGN KEY (`idempleado`) REFERENCES `empleados` (`idempleado`) ON DELETE NO ACTION ON UPDATE NO ACTION,
  CONSTRAINT `fk_empleados_sucursales_sucursales1` FOREIGN KEY (`idsucursal`) REFERENCES `sucursales` (`idsucursal`) ON DELETE NO ACTION ON UPDATE NO ACTION
) ENGINE=InnoDB AUTO_INCREMENT=7 DEFAULT CHARSET=latin1;
/*!40101 SET character_set_client = @saved_cs_client */;

--
-- Dumping data for table `empleados_sucursales`
--

LOCK TABLES `empleados_sucursales` WRITE;
/*!40000 ALTER TABLE `empleados_sucursales` DISABLE KEYS */;
INSERT INTO `empleados_sucursales` VALUES (1,1,1),(5,4,5),(6,5,6);
/*!40000 ALTER TABLE `empleados_sucursales` ENABLE KEYS */;
UNLOCK TABLES;

--
-- Table structure for table `estantes`
--

DROP TABLE IF EXISTS `estantes`;
/*!40101 SET @saved_cs_client     = @@character_set_client */;
/*!40101 SET character_set_client = utf8 */;
CREATE TABLE `estantes` (
  `idestante` int(11) NOT NULL AUTO_INCREMENT,
  `nombre` varchar(45) NOT NULL,
  `descripcion` varchar(150) NOT NULL,
  PRIMARY KEY (`idestante`)
) ENGINE=InnoDB AUTO_INCREMENT=16 DEFAULT CHARSET=latin1;
/*!40101 SET character_set_client = @saved_cs_client */;

--
-- Dumping data for table `estantes`
--

LOCK TABLES `estantes` WRITE;
/*!40000 ALTER TABLE `estantes` DISABLE KEYS */;
INSERT INTO `estantes` VALUES (1,'UNO','Ubicado en la parte superior este'),(2,'DOS','-'),(6,'TRES','-'),(7,'CUATRO','-'),(8,'CINCO','-'),(9,'SEIS','-'),(10,'SIETE','-'),(11,'OCHO','-'),(12,'NUEVE','-'),(13,'DIEZ','-'),(14,'CAMARA UNO','-'),(15,'REFRIJERACION','-');
/*!40000 ALTER TABLE `estantes` ENABLE KEYS */;
UNLOCK TABLES;

--
-- Table structure for table `facturas_compras`
--

DROP TABLE IF EXISTS `facturas_compras`;
/*!40101 SET @saved_cs_client     = @@character_set_client */;
/*!40101 SET character_set_client = utf8 */;
CREATE TABLE `facturas_compras` (
  `idfactura_compra` int(11) NOT NULL,
  `numero_factura` varchar(45) NOT NULL,
  `idtipofactura` int(11) NOT NULL,
  `idusuario` int(11) NOT NULL,
  `monto_total_neto` double(6,2) NOT NULL,
  `descuento_iva` double(6,2) DEFAULT NULL,
  `descuento_renta` double(6,2) DEFAULT NULL,
  `monto_total` double(6,2) NOT NULL,
  `fecha_factura` timestamp NOT NULL DEFAULT CURRENT_TIMESTAMP ON UPDATE CURRENT_TIMESTAMP,
  `idproveedor` int(11) NOT NULL,
  PRIMARY KEY (`idfactura_compra`),
  KEY `fk_facturas_compras_proveedores1_idx` (`idproveedor`),
  KEY `fk_facturas_compras_usuarios1_idx` (`idusuario`),
  KEY `fk_facturas_compras_tipos_facturas1_idx` (`idtipofactura`),
  CONSTRAINT `fk_facturas_compras_proveedores1` FOREIGN KEY (`idproveedor`) REFERENCES `proveedores` (`idproveedor`) ON DELETE NO ACTION ON UPDATE NO ACTION,
  CONSTRAINT `fk_facturas_compras_tipos_facturas1` FOREIGN KEY (`idtipofactura`) REFERENCES `tipos_facturas` (`idtipo_factura`) ON DELETE NO ACTION ON UPDATE NO ACTION,
  CONSTRAINT `fk_facturas_compras_usuarios1` FOREIGN KEY (`idusuario`) REFERENCES `usuarios` (`idusuario`) ON DELETE NO ACTION ON UPDATE NO ACTION
) ENGINE=InnoDB DEFAULT CHARSET=utf8;
/*!40101 SET character_set_client = @saved_cs_client */;

--
-- Dumping data for table `facturas_compras`
--

LOCK TABLES `facturas_compras` WRITE;
/*!40000 ALTER TABLE `facturas_compras` DISABLE KEYS */;
/*!40000 ALTER TABLE `facturas_compras` ENABLE KEYS */;
UNLOCK TABLES;

--
-- Table structure for table `facturas_ventas`
--

DROP TABLE IF EXISTS `facturas_ventas`;
/*!40101 SET @saved_cs_client     = @@character_set_client */;
/*!40101 SET character_set_client = utf8 */;
CREATE TABLE `facturas_ventas` (
  `idfactura_venta` int(11) NOT NULL AUTO_INCREMENT,
  `numero_factura` varchar(45) NOT NULL,
  `idtipo_factura` int(11) NOT NULL,
  `idusuario` int(11) NOT NULL,
  `monto_total_neto` double(6,2) NOT NULL,
  `descuento_iva` double(6,2) DEFAULT NULL,
  `monto_total` double(6,2) NOT NULL,
  `fecha_factura` timestamp NOT NULL DEFAULT CURRENT_TIMESTAMP ON UPDATE CURRENT_TIMESTAMP,
  `idcliente` int(11) NOT NULL,
  PRIMARY KEY (`idfactura_venta`),
  KEY `fk_facturas_ventas_clientes1_idx` (`idcliente`),
  KEY `fk_facturas_ventas_tipos_facturas1_idx` (`idtipo_factura`),
  KEY `fk_facturas_ventas_usuarios1_idx` (`idusuario`),
  CONSTRAINT `fk_facturas_ventas_clientes1` FOREIGN KEY (`idcliente`) REFERENCES `clientes` (`idcliente`) ON DELETE NO ACTION ON UPDATE NO ACTION,
  CONSTRAINT `fk_facturas_ventas_tipos_facturas1` FOREIGN KEY (`idtipo_factura`) REFERENCES `tipos_facturas` (`idtipo_factura`) ON DELETE NO ACTION ON UPDATE NO ACTION,
  CONSTRAINT `fk_facturas_ventas_usuarios1` FOREIGN KEY (`idusuario`) REFERENCES `usuarios` (`idusuario`) ON DELETE NO ACTION ON UPDATE NO ACTION
) ENGINE=InnoDB DEFAULT CHARSET=latin1;
/*!40101 SET character_set_client = @saved_cs_client */;

--
-- Dumping data for table `facturas_ventas`
--

LOCK TABLES `facturas_ventas` WRITE;
/*!40000 ALTER TABLE `facturas_ventas` DISABLE KEYS */;
/*!40000 ALTER TABLE `facturas_ventas` ENABLE KEYS */;
UNLOCK TABLES;

--
-- Table structure for table `formas_pagos`
--

DROP TABLE IF EXISTS `formas_pagos`;
/*!40101 SET @saved_cs_client     = @@character_set_client */;
/*!40101 SET character_set_client = utf8 */;
CREATE TABLE `formas_pagos` (
  `idforma_pago` int(11) NOT NULL AUTO_INCREMENT,
  `nombre_pago` varchar(45) NOT NULL,
  PRIMARY KEY (`idforma_pago`)
) ENGINE=InnoDB DEFAULT CHARSET=utf8;
/*!40101 SET character_set_client = @saved_cs_client */;

--
-- Dumping data for table `formas_pagos`
--

LOCK TABLES `formas_pagos` WRITE;
/*!40000 ALTER TABLE `formas_pagos` DISABLE KEYS */;
/*!40000 ALTER TABLE `formas_pagos` ENABLE KEYS */;
UNLOCK TABLES;

--
-- Table structure for table `gastos_operativos`
--

DROP TABLE IF EXISTS `gastos_operativos`;
/*!40101 SET @saved_cs_client     = @@character_set_client */;
/*!40101 SET character_set_client = utf8 */;
CREATE TABLE `gastos_operativos` (
  `idgasto_operativo` int(11) NOT NULL,
  `idtipo_gasto` int(11) NOT NULL,
  `descripcion` varchar(400) NOT NULL,
  `total` double(6,2) NOT NULL,
  `fecha` timestamp NOT NULL DEFAULT CURRENT_TIMESTAMP ON UPDATE CURRENT_TIMESTAMP,
  `idsucursal` int(11) NOT NULL,
  `idusuario` int(11) NOT NULL,
  PRIMARY KEY (`idgasto_operativo`),
  KEY `fk_gastos_operativos_tipos_gastos1_idx` (`idtipo_gasto`),
  KEY `fk_gastos_operativos_sucursales1_idx` (`idsucursal`),
  KEY `fk_gastos_operativos_usuarios1_idx` (`idusuario`),
  CONSTRAINT `fk_gastos_operativos_sucursales1` FOREIGN KEY (`idsucursal`) REFERENCES `sucursales` (`idsucursal`) ON DELETE NO ACTION ON UPDATE NO ACTION,
  CONSTRAINT `fk_gastos_operativos_tipos_gastos1` FOREIGN KEY (`idtipo_gasto`) REFERENCES `tipos_gastos` (`idtipo_gasto`) ON DELETE NO ACTION ON UPDATE NO ACTION,
  CONSTRAINT `fk_gastos_operativos_usuarios1` FOREIGN KEY (`idusuario`) REFERENCES `usuarios` (`idusuario`) ON DELETE NO ACTION ON UPDATE NO ACTION
) ENGINE=InnoDB DEFAULT CHARSET=latin1;
/*!40101 SET character_set_client = @saved_cs_client */;

--
-- Dumping data for table `gastos_operativos`
--

LOCK TABLES `gastos_operativos` WRITE;
/*!40000 ALTER TABLE `gastos_operativos` DISABLE KEYS */;
/*!40000 ALTER TABLE `gastos_operativos` ENABLE KEYS */;
UNLOCK TABLES;

--
-- Table structure for table `grupos`
--

DROP TABLE IF EXISTS `grupos`;
/*!40101 SET @saved_cs_client     = @@character_set_client */;
/*!40101 SET character_set_client = utf8 */;
CREATE TABLE `grupos` (
  `idgrupo` int(11) NOT NULL AUTO_INCREMENT,
  `nombre` varchar(45) NOT NULL,
  `descripcion` varchar(400) NOT NULL,
  PRIMARY KEY (`idgrupo`)
) ENGINE=InnoDB AUTO_INCREMENT=26 DEFAULT CHARSET=latin1;
/*!40101 SET character_set_client = @saved_cs_client */;

--
-- Dumping data for table `grupos`
--

LOCK TABLES `grupos` WRITE;
/*!40000 ALTER TABLE `grupos` DISABLE KEYS */;
INSERT INTO `grupos` VALUES (1,'Administradores','Permite modificar todo'),(23,'Cajeros','Ingresan compras y pueden sacar cortes diarios'),(24,'Vendedores','Permite ingresar nuevo existencias de los productos, traslados, etc.'),(25,'Compras','Encargado de compras');
/*!40000 ALTER TABLE `grupos` ENABLE KEYS */;
UNLOCK TABLES;

--
-- Table structure for table `marcas`
--

DROP TABLE IF EXISTS `marcas`;
/*!40101 SET @saved_cs_client     = @@character_set_client */;
/*!40101 SET character_set_client = utf8 */;
CREATE TABLE `marcas` (
  `idmarca` int(11) NOT NULL AUTO_INCREMENT,
  `nombre` varchar(45) NOT NULL,
  `descripcion` varchar(100) NOT NULL,
  PRIMARY KEY (`idmarca`)
) ENGINE=InnoDB AUTO_INCREMENT=643 DEFAULT CHARSET=latin1;
/*!40101 SET character_set_client = @saved_cs_client */;

--
-- Dumping data for table `marcas`
--

LOCK TABLES `marcas` WRITE;
/*!40000 ALTER TABLE `marcas` DISABLE KEYS */;
INSERT INTO `marcas` VALUES (1,'MAGUIE','Sopas y condimentos'),(2,'MAXISOL','Productos de limpieza'),(3,'PROPLASTIC','Porductos de plasticos'),(4,'NATURAL LABS','Productos de belleza'),(5,'GENERICO','Productos generico'),(6,'GRUPO JAREMAR','-'),(7,'BAIDE','-'),(8,'FABULOSO','Productos de limpieza para el hogar'),(9,'AZISTIN','-'),(10,'GENIAL','_'),(11,'MAGIA BLANCA','_'),(12,'PINE_SOL','_'),(13,'ORIX','_'),(14,'GRUPO REVELO','_'),(15,'SAPOLIO','_'),(16,'LA POPULAR','_'),(17,'SHINOLA','_'),(18,'STAR WAX','_'),(19,'NUGGET','_'),(20,'BAYER','_'),(21,'WELLCO','_'),(22,'CLARISSA','_'),(23,'BLUES','_'),(24,'FRESH GARAENS','_'),(25,'LEMANS','_'),(26,'REVLON','_'),(27,'LAS ROSAS','_'),(28,'WINSOR','_'),(29,'BARBRA MERCEL','_'),(30,'JOHNSON','_'),(31,'VINOLIA','_'),(32,'SYLT CARE','_'),(33,'MAX ULTRA','_'),(34,'DEORO','_'),(35,'JOHNSONS','_'),(36,'NATUREX','_'),(37,'PALMOLIVE','_'),(38,'KB','_'),(39,'STAR CENTLY','_'),(40,'CAR WASHER','_'),(41,'LEBIH BERKESAN','_'),(42,'DERMENTOL','_'),(43,'KB COLLECTION','_'),(44,'TOMORROW','_'),(45,'BRIGHT','_'),(46,'OLE','_'),(47,'ALTESS','_'),(48,'CAMAY','_'),(49,'DART','_'),(50,'PROTEX','_'),(51,'BABY  BAR','_'),(52,'BABY BAR','_'),(53,'NT','_'),(54,'TERROR','_'),(55,'ESTELLA','_'),(56,'ZEST','_'),(57,'MAXXI ESPUMA','_'),(58,'UNILEVER','_'),(59,'COTTON','_'),(60,'SUAVITEL','_'),(61,'HENKEL','_'),(62,'MAXXI SPLASH','_'),(63,'LA  CORONA','_'),(64,'PRICE SMART','_'),(65,'VANISH','\r\n'),(66,'SANSON','_'),(67,'TERSO','_'),(68,'AXION','_'),(69,'SUAVISSIMO','_'),(70,'KLINPIAX','_'),(71,'ESPUMIL','_'),(72,'CORONA','_'),(73,'MAXXI','_'),(74,'MAS','_'),(75,'ZIXX','_'),(76,'AMBAR','_'),(77,'REINA','_'),(78,'TEX','_'),(79,'SWIFT','_'),(80,'DOÑA BLANCA','-'),(81,'LIMPIOX','-'),(82,'BEX','\r\n_'),(83,'MAX','-'),(84,'CENTELLA','-'),(85,'RINSO','-'),(86,'UNOX','-'),(87,'SURF','-'),(88,'XTRA','-'),(89,'TOVCH','-'),(90,'EPIELLI','-'),(91,'BAYGON','-'),(92,'calypso','-'),(93,'JUNGLE KIDS','-'),(94,'HEADSHOULDERS','-'),(95,'TRESEMME','-'),(96,'SEDAL','-'),(97,'PERT','-'),(98,'SKIPI KIDS','-'),(99,'BABY BUES','-'),(100,'BABY BLUES','-'),(101,'BIC','-'),(102,'SPIKI KIDS','-'),(103,'SPIKY KIDS','-'),(104,'FRUTALIA','-'),(105,'CAPRICHO','-'),(106,'AGRADO','-'),(107,'ROSY PARIS','-'),(108,'EGO','-'),(109,'REACTIVA','-'),(110,'FIORE','-'),(111,'POMPOM','-'),(112,'SILUETA','-'),(113,'GUD','-'),(114,'KOTEX','-'),(115,'SABA','-'),(116,'FAMILYS CHOICE','-'),(117,'FRANELITAS','-'),(118,'PANTENE','-'),(119,'ELITE','-'),(120,'COTIDIAN BASICO','-'),(121,'SENSATIONS','-'),(122,'JUEGUITOS','-'),(123,'SUSI','-'),(124,'HUGGIES','-'),(125,'BABYSEC','-'),(126,'PLENITUD','-'),(127,'PEPPA PIG','-'),(128,'QUERUBIN GEL','-'),(129,'NUBE BLANCA','-'),(130,'NEVAX','-'),(131,'SCOTT','-'),(132,'ELI','-'),(133,'YES','-'),(134,'ROSAL','-'),(135,'ENCANTO','-'),(136,'SAV','-'),(137,'FOM','-'),(138,'ROBERTONI','-'),(139,'DON PEPE','-'),(140,'ESCOCESA','-'),(141,'BAMBOO SKEWERS','-'),(142,'COLGATE','-'),(143,'DORUSA','-'),(144,'ZORRIK','-'),(145,'ECOPLANCHA','-'),(146,'GILLETTE','-'),(147,'DIPSA','-'),(148,'LAKY','-'),(149,'FORZA','-'),(150,'GIGANTE','-'),(151,'TERMO FOM','-'),(152,'FLORAL','-'),(153,'SUPER PAC','-'),(154,'PERMA SHARP','-'),(155,'ATLANTIC','-'),(156,'SCOURER BALLS','-'),(157,'MAYITA','-'),(158,'TERMO ENCOGIBLES','-'),(159,'HUAITAL','-'),(160,'PANASONIC','-'),(161,'RAYOVAC','-'),(162,'EL SOL','-'),(163,'CUSCATLECA','-'),(164,'SELECTA','-'),(165,'TOOTHPICK','-'),(166,'CAMPESTRE','-'),(167,'CARMESSI','-'),(168,'OLITALIA','-'),(169,'GOYA','-'),(170,'PHILIPS','-'),(171,'APOLO','-'),(172,'SAME SWEET','-'),(173,'COMERSAL','-'),(174,'MCCORMICK','-'),(175,'MALHER','-'),(176,'B&B','-'),(177,'VERDE MAR','-'),(178,'MADRIGAL','-'),(179,'ISLEÑA','-'),(180,'CALVO','-'),(181,'LA COSTEÑA','-'),(182,'DEL MONTE','-'),(183,'SASSON','-'),(184,'SUSAN','-'),(185,'SANI','-'),(186,'MELHER','-'),(187,'FRESH CUP','-'),(188,'EL ESFUERZO','-'),(189,'DUCAL','-'),(190,'CAMPERO','-'),(191,'GROSERO','-'),(192,'JALISCO','-'),(193,'PICA DIABLO','-'),(194,'MACHOS','-'),(195,'EL BUEN SABOR','-'),(196,'PESCA RICA','-'),(197,'ORISOL','-'),(198,'EL DORADO','-'),(199,'BONELLA','-'),(200,'ORALDEX','-'),(201,'LA HACIENDA','-'),(202,'CLEMENTE JACQUES','-'),(203,'LEA&PERRINS','-'),(204,'UTZ','-'),(205,'ORALITE','-'),(206,'CAPULLO','-'),(207,'MAZOLA','-'),(208,'IDEAL','-'),(209,'SANTA CLARA','-'),(210,'YUS','-'),(211,'BONTEA','-'),(212,'YA','-'),(213,'MARUCHAN','-'),(214,'TROPI-KUHL','-'),(215,'EL TESORO','-'),(216,'ZUKO','-'),(217,'TANG','-'),(218,'REVIVA','-'),(219,'REACTIVE','-'),(220,'FAMA','-'),(221,'INA','-'),(222,'ALPA','-'),(223,'UNIPLAST','-'),(224,'CODIPA','-'),(225,'DRAGON','-'),(226,'FOGATA','-'),(227,'AGUILA','-'),(228,'LA VALENCIANA','-'),(229,'PLANET POP','-'),(230,'FAVORITA','-'),(231,'FAVORA','-'),(232,'DE LA FAMILIA','-'),(233,'MAGGI','-'),(234,'PARMESSANA','-'),(235,'MIRASOL','-'),(236,'KNORR','-'),(237,'CONTINENTAL','-'),(238,'NIEVE','-'),(239,'LA MILPA','-'),(240,'DON JULIO','-'),(241,'NATURAS','-'),(242,'SUPER GARLIC','-'),(243,'GELLI','-'),(244,'HERMEL','-'),(245,'RIKO','-'),(246,'MAXICOFFEE','-'),(247,'COSCAFE','-'),(248,'BEST','-'),(249,'QUAKER','-'),(250,'AGU','-'),(251,'MUSUN','-'),(252,'NESCAFE','-'),(253,'NESTUM','-'),(254,'NESTLE','-'),(255,'CRIOLLO','-'),(256,'OLLA','-'),(257,'KELLOGGS','-'),(258,'IRA','-'),(259,'INCAPARINA','-'),(260,'ATLACATL','-'),(261,'GOLDEN FOODS','-'),(262,'MAJADA ORO','-'),(263,'DEL CAÑAL','-'),(264,'ENVASAL','-'),(265,'RUFFO','-'),(266,'MASECA','-'),(267,'TORTI MASA','-'),(268,'SAN PEDRO','-'),(269,'EL MAS RICO','-'),(270,'LONG FEI','-'),(271,'CLOCK','-'),(272,'ARTWORK','-'),(273,'DISNEY','-'),(274,'ALINTER','-'),(275,'MACHUCA','-'),(276,'OK','-'),(277,'POT','-'),(278,'OVEN GIOVES','-'),(279,'FAMILYMAID','-'),(280,'PS','-'),(281,'GATY','-'),(282,'CAT CHIPS','-'),(283,'FLORA','-'),(284,'NIDO','-'),(285,'AUSTRALIAN','-'),(286,'PINITO','-'),(287,'RIO','-'),(288,'ANCHOR','-'),(289,'MAIZENA','-'),(290,'MELIS','-'),(291,'LENGUETOON','-'),(292,'CUETARA','-'),(293,'WAFER RICH','-'),(294,'CHIKY','-'),(295,'BOLYGOMA','-'),(296,'LIDO','-'),(297,'VAI VAI','-'),(298,'PICNIC','-'),(299,'ESCOLAR','-'),(300,'COCKTAIL','-'),(301,'CHOCORISAS','-'),(302,'DELY-GELY','-'),(303,'CHICLIN','-'),(304,'GAMA','-'),(305,'CAN CAN','-'),(306,'FRUIT JELLY','-'),(307,'CHICLE BOMBA','-'),(308,'BON-BON','-'),(309,'SURTIDO DURO','-'),(310,'MENTA GLACIAL','-'),(311,'GUANDY','-'),(312,'ANGELITOS','-'),(313,'BUBBALOO','-'),(314,'ELVAN','-'),(315,'SUPER PIÑATA','-'),(316,'SURTIDO PREMIUN','-'),(317,'YAYO','-'),(318,'SURTIDO GOGO','-'),(319,'SURTIDO PIÑATA','-'),(320,'MEGA 1000','-'),(321,'SALUD','-'),(322,'LA CHULA','-'),(323,'DON FRIJOL','-'),(324,'CAMPOFRESCO','-'),(325,'ANIMAL','-'),(326,'TOYS','-'),(327,'MZR','-'),(328,'LEGO','-'),(329,'COMBAT','-'),(330,'POKEMON','-'),(331,'WATER SHOOTER','-'),(332,'GLITTER GLUE','-'),(333,'FAJIABAO','-'),(334,'MOUNTAIN WOLF','-'),(335,'EXCITE GAME','-'),(336,'MATSEN','-'),(337,'MAGIC SNOW','-'),(338,'GESCO','-'),(339,'HWS','-'),(340,'GUANG LONG','-'),(341,'Y.STOYS','-'),(342,'LEDY TOYS','-'),(343,'BEAUTIFUL','-'),(344,'TENNIS MATCH','-'),(345,'SUPER BATTLE','-'),(346,'MOST','-'),(347,'HAPPY TIME','-'),(348,'STICK','-'),(349,'YULONG','-'),(350,'FIRE DEPT','-'),(351,'AGES','-'),(352,'GIR','-'),(353,'FAST','-'),(354,'SKY BOMBER','-'),(355,'HAPPY FARM','-'),(356,'SPEED COPTER','-'),(357,'LE BIAN LE','-'),(358,'FAMOUS CAR','-'),(359,'ROBOT','-'),(360,'HENG YI TOYS','-'),(361,'HOLIDAY VILLA','-'),(362,'ORBIN TRAIN','-'),(363,'CHOOSE ME','-'),(364,'JINKAIXUAN','-'),(365,'MY WORLD','-'),(366,'DEFORMED','-'),(367,'AVENGERS','-'),(368,'CR TOYS','-'),(369,'CHINA','-'),(370,'GLUE GUN','-'),(371,'MUG','-'),(372,'LING MEI TE','-'),(373,'QIANU','-'),(374,'ROSSA','-'),(375,'LOTUS','-'),(376,'JS','-'),(377,'DELICACY HEATH','-'),(378,'GLASS WARE','-'),(379,'SERENADE','-'),(380,'DINNER','-'),(381,'HONHEY','-'),(382,'LEXINGTON','-'),(383,'LIFE ORT','-'),(384,'COOKING','-'),(385,'GLOBOS','-'),(386,'FIESTA','-'),(387,'SONRISAS','-'),(388,'ABIUSA','-'),(389,'CARNAVAL','-'),(390,'PARTY LOONS','-'),(391,'BALLOONS','-'),(392,'WIZARD','-'),(393,'YUE FAN','-'),(394,'NATURE WORLD','-'),(395,'FUNNY TOYS','-'),(396,'AMERICAN HANGERS','-'),(397,'AIXIN MAMA','-'),(398,'MOMLOVE','-'),(399,'SHUNYI','-'),(400,'BEAUTY','-'),(401,'BEBITA','-'),(402,'XINHANG','-'),(403,'SHUMCI','-'),(404,'HOOK RACK','-'),(405,'SALEH','-'),(406,'LIANGJIE','-'),(407,'MARVEL','-'),(408,'LOS CUATRO','-'),(409,'GOLDEN SAIL','-'),(410,'CLOTHESPEGS','-'),(411,'BEIKU','-'),(412,'FACELA','-'),(413,'HOSE NOZZLE','-'),(414,'GRATTUGIA','-'),(415,'BABY TIME','-'),(416,'GINSU','-'),(417,'HIGH QUALITY','-'),(418,'KENG FENG','-'),(419,'XIBEI','-'),(420,'NEOPLAST','-'),(421,'SANDYS','-'),(422,'NEO','-'),(423,'MELAMINE WARE','-'),(424,'ROYAL','-'),(425,'DRINKING','-'),(426,'SPARTA PLAST','-'),(427,'PENG YUAN','-'),(428,'HOUSEHOLD','-'),(429,'GARRISON','-'),(430,'LIAN LI','-'),(431,'JINTAO','-'),(432,'LITTLE DING','-'),(433,'VACUUM FLASK','-'),(434,'QUALITY','-'),(435,'INDUPLASTIC','-'),(436,'YS.CI','-'),(437,'SKEWERS','-'),(438,'CASA BLANCA','-'),(439,'CONCORD','-'),(440,'CERAMIC KNIFE','-'),(441,'MK','-'),(442,'DON','-'),(443,'DELIGAO','-'),(444,'FUNKIDS','-'),(445,'HOBEAU','-'),(446,'COOK WARE','-'),(447,'STORAGE','-'),(448,'STRAINER','-'),(449,'NUOKE','-'),(450,'STAINLESS STEEL','-'),(451,'MILDER','-'),(452,'HARD','-'),(453,'HAIR STUDIO','-'),(454,'GSK','-'),(455,'RENOVADO','-'),(456,'VIJOSA','-'),(457,'SPEED STICK','-'),(458,'MAN FEI','-'),(459,'SILKA MEDIC','-'),(460,'OLD SPICE','-'),(461,'BABY LOVE','-'),(462,'BABY DAYS','-'),(463,'ASEPXIA','-'),(464,'BABY','-'),(465,'FIOWER','-'),(466,'DESING NAILS','-'),(467,'Y.NAIL','-'),(468,'VILLE DE SEDUCTION','-'),(469,'RAQUEL','-'),(470,'ITALIA','-'),(471,'YH','-'),(472,'EVITA','-'),(473,'STRAIGHT ARROW','-'),(474,'VITAL LUXURY','-'),(475,'VOGUE','-'),(476,'TRIYO','-'),(477,'VAPOR RUB','-'),(478,'BY APPLE','-'),(479,'DAROSA','-'),(480,'ATSI','-'),(481,'VERONICA','-'),(482,'MONICA','-'),(483,'NIVEA','-'),(484,'AVAL','-'),(485,'INFORSIO','-'),(486,'EVENFLO','-'),(487,'JOY.BABE','-'),(488,'OFF','-'),(489,'SILSTAR','-'),(490,'MAGIC','-'),(491,'STARRY','-'),(492,'PONY','-'),(493,'STYLE','-'),(494,'CRISTY','-'),(495,'AVON','-'),(496,'LITTLE BABY','-'),(497,'REXONA','-'),(498,'DOVE','-'),(499,'PONDS','-'),(500,'SUPPORT','-'),(501,'ROASTER','-'),(502,'AXE','-'),(503,'TERMOFLEX','-'),(504,'ZEUS','-'),(505,'BABY SOOKS','-'),(506,'FIANTIAN','-'),(507,'VINCI','-'),(508,'PEGALIN','-'),(509,'POINTER','-'),(510,'MEIGU','-'),(511,'XUAN XUAN','-'),(512,'HB','-'),(513,'ERASER','-'),(514,'BLINK PEN','-'),(515,'EL CHELE','-'),(516,'PRINCIPE','-'),(517,'TUCAN','-'),(518,'STUDMARCK','-'),(519,'CRAYONS','-'),(520,'BQT','-'),(521,'MI AMIGO','-'),(522,'ARTICOLOR','-'),(523,'OFI-PLUS','-'),(524,'FALCON','-'),(525,'MOLSA','-'),(526,'ARCOR','-'),(527,'RITZ','-'),(528,'TROPICAL','-'),(529,'FRUITY GELS','-'),(530,'CORONADO','-'),(531,'FRUVITA','-'),(532,'CLORINDA','-'),(533,'WAX','-'),(534,'ADAX','-'),(535,'YAYITA','-'),(536,'EKOLLO','-'),(537,'GIOVANNA','-'),(538,'SURFS','-'),(539,'LOS PRIMEROS','-'),(540,'NEW BLESS','-'),(541,'DIVAS','-'),(542,'BELLA','-'),(543,'FLORIMENTA','-'),(544,'ROSELLA','-'),(545,'CONQUISTADOR','-'),(546,'EL QUIJOTE','-'),(547,'DU BAI','-'),(548,'SHERIN','-'),(549,'CHICOTE','-'),(550,'SPICY','-'),(551,'NITRO','-'),(552,'ZGOOD','-'),(553,'CHICA SEXY','-'),(554,'ERA','-'),(555,'FANS','-'),(556,'SOLANAS','-'),(557,'STAR ONE','-'),(558,'TEEMIX','-'),(559,'YULANG','-'),(560,'BIMBO','-'),(561,'MONARCA','-'),(562,'DIANA','-'),(563,'DORITOS','-'),(564,'MARISELA','-'),(565,'EBENEZER','-'),(566,'BARRE MAX','-'),(567,'CATALANA','-'),(568,'LA NEVERIA','-'),(569,'GATORADE','-'),(570,'CASCADA','-'),(571,'MOUNTAIN','-'),(572,'MIRINDA','-'),(573,'ALPINA','-'),(574,'PEPSI','-'),(575,'POWERADE','-'),(576,'7UP','-'),(577,'RAPTOR','-'),(578,'SALVA COLA','-'),(579,'COCA COLA','-'),(580,'LACTOLAC','-'),(581,'DEL VALLE','-'),(582,'CIELO','-'),(583,'TOLEDO','-'),(584,'POLLO INDIO','-'),(585,'FRANKS','-'),(586,'DEL REY','-'),(587,'CHEMMER','-'),(588,'LA COSECHA','-'),(589,'SUPER JUOO','-'),(590,'SHAKA LAKA','-'),(591,'DIAMONS','PASTA ZAPATO'),(592,'DIAMAX','PRODUCTOS DE LIMPIEZA\r\n'),(593,'RAID','INSECTISIDA'),(594,'VINSA','-'),(595,'DORCO','-'),(596,'RIÑON INDUSTRIAL','-'),(597,'HIPS','-'),(598,'MAX PAPEL','-'),(599,'COFFE BREAK','-'),(600,'DIAPACK','-'),(601,'SOL','-'),(602,'RICO','-'),(603,'MAXILUZ','-'),(604,'FRANCESA','-'),(605,'HEINZ','-'),(606,'CRISMEL','-'),(607,'EL COQUITO','-'),(608,'POZUELO','-\r\n\r\n\r\n'),(609,'OREO','-'),(610,'CONFITERIA AMERICANA','-'),(611,'JELLY','-'),(612,'CLORETS','-'),(613,'MILPA REAL','-'),(614,'FRUTI POP','-'),(615,'FaQiangGlass','-'),(616,'H&F','-'),(617,'FASHION JEWELRY','-'),(618,'BABY DAYPER','-'),(619,'LUCKY','-'),(620,'SCENTIA','-'),(621,'BE MATE','-'),(622,'ROMANTIC SECRET','-'),(623,'TEATRICAL','-'),(624,'MANE`N TAIL','-'),(625,'ORANGE KITCHEN','-'),(626,'YI DUO','-'),(627,'KAWAKI','-'),(628,'MANUEL DE JESÙS MACHUCA','-'),(629,'XI YANG YANG','-'),(630,'BABY PLASTIC','-'),(631,'HANMI','-'),(632,'XIAO XIAN NV','-'),(633,'LOBLY','-'),(634,'DOG CHAIN','-'),(635,'XIAO PANG DUN','-'),(636,'YOU CHANG SU YE','-'),(637,'PLASTIC','-'),(638,'FORROFACIL','-'),(639,'BI-NIB','-'),(640,'PROARTE','-'),(641,'KORES','-'),(642,'MEGAPLAST','-');
/*!40000 ALTER TABLE `marcas` ENABLE KEYS */;
UNLOCK TABLES;

--
-- Table structure for table `pagos_p`
--

DROP TABLE IF EXISTS `pagos_p`;
/*!40101 SET @saved_cs_client     = @@character_set_client */;
/*!40101 SET character_set_client = utf8 */;
CREATE TABLE `pagos_p` (
  `idpago_proveedor` int(11) NOT NULL AUTO_INCREMENT,
  `numero_ccf` varchar(45) NOT NULL,
  `valor_total` double(6,2) NOT NULL,
  `fecha_ingreso` timestamp NULL DEFAULT NULL,
  `fecha_pago` timestamp NULL DEFAULT NULL,
  `numero_cheque` varchar(45) DEFAULT NULL,
  `valor_cheque` double(6,2) DEFAULT NULL,
  `efectivo` double(6,2) DEFAULT NULL,
  `tota_deudor` double(6,2) DEFAULT NULL,
  `comentarios` varchar(500) NOT NULL,
  PRIMARY KEY (`idpago_proveedor`)
) ENGINE=InnoDB DEFAULT CHARSET=latin1;
/*!40101 SET character_set_client = @saved_cs_client */;

--
-- Dumping data for table `pagos_p`
--

LOCK TABLES `pagos_p` WRITE;
/*!40000 ALTER TABLE `pagos_p` DISABLE KEYS */;
/*!40000 ALTER TABLE `pagos_p` ENABLE KEYS */;
UNLOCK TABLES;

--
-- Table structure for table `pagos_proveedores`
--

DROP TABLE IF EXISTS `pagos_proveedores`;
/*!40101 SET @saved_cs_client     = @@character_set_client */;
/*!40101 SET character_set_client = utf8 */;
CREATE TABLE `pagos_proveedores` (
  `idpago_proveedor` int(11) NOT NULL AUTO_INCREMENT,
  `idpago` int(11) NOT NULL,
  `idproveedor` int(11) NOT NULL,
  PRIMARY KEY (`idpago_proveedor`),
  KEY `fk_pagos_proveedores_proveedores1_idx` (`idproveedor`),
  KEY `fk_pagos_proveedores_pagos_p1_idx` (`idpago`),
  CONSTRAINT `fk_pagos_proveedores_pagos_p1` FOREIGN KEY (`idpago`) REFERENCES `pagos_p` (`idpago_proveedor`) ON DELETE NO ACTION ON UPDATE NO ACTION,
  CONSTRAINT `fk_pagos_proveedores_proveedores1` FOREIGN KEY (`idproveedor`) REFERENCES `proveedores` (`idproveedor`) ON DELETE NO ACTION ON UPDATE NO ACTION
) ENGINE=InnoDB DEFAULT CHARSET=latin1;
/*!40101 SET character_set_client = @saved_cs_client */;

--
-- Dumping data for table `pagos_proveedores`
--

LOCK TABLES `pagos_proveedores` WRITE;
/*!40000 ALTER TABLE `pagos_proveedores` DISABLE KEYS */;
/*!40000 ALTER TABLE `pagos_proveedores` ENABLE KEYS */;
UNLOCK TABLES;

--
-- Table structure for table `permisos`
--

DROP TABLE IF EXISTS `permisos`;
/*!40101 SET @saved_cs_client     = @@character_set_client */;
/*!40101 SET character_set_client = utf8 */;
CREATE TABLE `permisos` (
  `idpermiso` int(11) NOT NULL AUTO_INCREMENT,
  `nombre` varchar(45) NOT NULL,
  `descripcion` varchar(100) NOT NULL,
  `nombre_control` varchar(50) NOT NULL,
  PRIMARY KEY (`idpermiso`)
) ENGINE=InnoDB AUTO_INCREMENT=32 DEFAULT CHARSET=latin1;
/*!40101 SET character_set_client = @saved_cs_client */;

--
-- Dumping data for table `permisos`
--

LOCK TABLES `permisos` WRITE;
/*!40000 ALTER TABLE `permisos` DISABLE KEYS */;
INSERT INTO `permisos` VALUES (1,'Ingresar empleados','Permite ingresar empleados','pEmpleados'),(2,'Ingresar permisos','Permite generar nuevos permisos','pPermisos'),(4,'Ingresar usuarios','Permite agregar nuevos usuarios','pUsuarios'),(5,'Ingresar marcas','Permite ingresar nuevas marcas','pMarcas'),(6,'Ingresar productos','Permite ingresar nuevos productos','pProductos'),(7,'Ingresar categorias','Permite ingresar nuevas categorias','pCategorias'),(8,'Ingresar estantes','Permite ingresar nuevos estantes','pEstantes'),(9,'Ingresar presentaciones','Permite ingresar nuevas presentaciones de productos','pPresentaciones'),(10,'Ingresar utilidades','Permite ingresar nuevas utilidades','pUtilidades'),(11,'Ingresar proveedores','Permite ingresar nuevos proveedores','pProveedores'),(12,'Ingresar descuentos','Permite ingresar nuevos decuentos','pDescuentos'),(19,'Ingresar tipos de compras','Permite ingresar nuevos tipos de compras','pTiposCompras'),(20,'Ingresar sucursales','Permite ingresar nuevas sucursales','pSucursales'),(21,'Ingresar tipos de factura','Permite ingresar nuevos tipos de factura','pTiposFactura'),(22,'Ingresar formas de pago','Permite ingresar nuevas formas de pago','pFormasPago'),(23,'Ingresar clientes','Permite ingresar nuevos clientes','pClientes'),(24,'Ingresar tipos de gastos','Permite ingresar nuevos tipos de gastos','pTiposGastos'),(28,'Insertar grupos','Permite ingresar nuevos grupos.','pGrupos'),(29,'Ingresar cargos','Permite ingrear nuevos cargos a los empleados','pCargos'),(30,'Ingresar bancos','Permite ingresar nuevos bancos','pBancos'),(31,'Agrega presentaciones','El usuario puede agregar presentaciones a los productos','btnPanelAgregarP');
/*!40000 ALTER TABLE `permisos` ENABLE KEYS */;
UNLOCK TABLES;

--
-- Table structure for table `permisos_grupos`
--

DROP TABLE IF EXISTS `permisos_grupos`;
/*!40101 SET @saved_cs_client     = @@character_set_client */;
/*!40101 SET character_set_client = utf8 */;
CREATE TABLE `permisos_grupos` (
  `idpermiso_usuario` int(11) NOT NULL AUTO_INCREMENT,
  `idgrupo` int(11) NOT NULL,
  `idpermiso` int(11) NOT NULL,
  PRIMARY KEY (`idpermiso_usuario`),
  KEY `fk_permisos_usuarios_permisos1_idx` (`idpermiso`),
  KEY `fk_permisos_grupos_grupos1_idx` (`idgrupo`),
  CONSTRAINT `fk_permisos_grupos_grupos1` FOREIGN KEY (`idgrupo`) REFERENCES `grupos` (`idgrupo`) ON DELETE NO ACTION ON UPDATE NO ACTION,
  CONSTRAINT `fk_permisos_usuarios_permisos1` FOREIGN KEY (`idpermiso`) REFERENCES `permisos` (`idpermiso`) ON DELETE NO ACTION ON UPDATE NO ACTION
) ENGINE=InnoDB AUTO_INCREMENT=79 DEFAULT CHARSET=latin1;
/*!40101 SET character_set_client = @saved_cs_client */;

--
-- Dumping data for table `permisos_grupos`
--

LOCK TABLES `permisos_grupos` WRITE;
/*!40000 ALTER TABLE `permisos_grupos` DISABLE KEYS */;
INSERT INTO `permisos_grupos` VALUES (23,24,6),(24,24,2),(25,24,19),(26,24,20),(27,24,22),(41,24,1),(42,24,12),(46,23,23),(48,1,1),(49,25,10),(50,25,21),(51,25,22),(59,1,2),(60,1,4),(61,1,5),(62,1,6),(63,1,7),(64,1,8),(65,1,9),(66,1,10),(67,1,11),(68,1,12),(69,1,19),(70,1,20),(71,1,21),(72,1,22),(73,1,23),(74,1,24),(75,1,28),(76,1,29),(77,1,30),(78,1,31);
/*!40000 ALTER TABLE `permisos_grupos` ENABLE KEYS */;
UNLOCK TABLES;

--
-- Table structure for table `presentaciones`
--

DROP TABLE IF EXISTS `presentaciones`;
/*!40101 SET @saved_cs_client     = @@character_set_client */;
/*!40101 SET character_set_client = utf8 */;
CREATE TABLE `presentaciones` (
  `idpresentacion` int(11) NOT NULL AUTO_INCREMENT,
  `nombre_presentacion` varchar(45) NOT NULL,
  `descripcion` varchar(100) DEFAULT NULL,
  PRIMARY KEY (`idpresentacion`)
) ENGINE=InnoDB AUTO_INCREMENT=42 DEFAULT CHARSET=utf8;
/*!40101 SET character_set_client = @saved_cs_client */;

--
-- Dumping data for table `presentaciones`
--

LOCK TABLES `presentaciones` WRITE;
/*!40000 ALTER TABLE `presentaciones` DISABLE KEYS */;
INSERT INTO `presentaciones` VALUES (1,'UNIDAD',NULL),(2,'PAQUETE',NULL),(3,'BOTELLA',NULL),(4,'3UNIDADES','-'),(5,'LIBRA',NULL),(6,'LITRO',NULL),(7,'TIRA',NULL),(8,'PAQUETEX12',NULL),(9,'PAQUETEX24',NULL),(10,'PAQUETEX8',NULL),(11,'PAQUETEX30',NULL),(12,'BOLSA',NULL),(13,'CAJA',NULL),(14,'1/2 LIBRA',NULL),(15,'PAQUETE X6',NULL),(16,'FARDO',NULL),(17,'1/2 FARDO',NULL),(18,'TIRAX6',NULL),(19,'TIRAX12',NULL),(20,'PAQUETEX20',NULL),(21,'TIRAX24',NULL),(22,'BOTE',NULL),(23,'BOLSAX5',NULL),(24,'BOLSAX50',NULL),(25,'CARTON',NULL),(26,'1/2 CARTON',NULL),(28,'2UNIDADES',NULL),(30,'ARROBA','Cantidad de granos basicos'),(31,'GALON','-'),(32,'TARRO','BOTES ANCHOS'),(33,'PAR','-'),(34,'LATA','-'),(35,'DOCENA','-'),(36,'SOBRE','-'),(37,'VASO','-'),(38,'BLOQUE','-'),(39,'BARRA','-'),(40,'1/2 CAJA','-'),(41,'QUINTAL','-');
/*!40000 ALTER TABLE `presentaciones` ENABLE KEYS */;
UNLOCK TABLES;

--
-- Table structure for table `presentaciones_productos`
--

DROP TABLE IF EXISTS `presentaciones_productos`;
/*!40101 SET @saved_cs_client     = @@character_set_client */;
/*!40101 SET character_set_client = utf8 */;
CREATE TABLE `presentaciones_productos` (
  `idpresentacion_producto` int(11) NOT NULL AUTO_INCREMENT,
  `idsucursal_producto` int(11) NOT NULL,
  `idpresentacion` int(11) NOT NULL,
  `cantidad_unidades` int(11) NOT NULL,
  `precio` double(6,2) DEFAULT NULL,
  `tipo` enum('Mayoreo','Detalle') DEFAULT NULL,
  PRIMARY KEY (`idpresentacion_producto`),
  KEY `fk_presentaciones_productos_presentaciones1_idx` (`idpresentacion`),
  KEY `fk_presentaciones_productos_sucursales_productos1_idx` (`idsucursal_producto`),
  CONSTRAINT `fk_presentaciones_productos_presentaciones1` FOREIGN KEY (`idpresentacion`) REFERENCES `presentaciones` (`idpresentacion`) ON DELETE NO ACTION ON UPDATE NO ACTION,
  CONSTRAINT `fk_presentaciones_productos_sucursales_productos1` FOREIGN KEY (`idsucursal_producto`) REFERENCES `sucursales_productos` (`idsucursal_producto`) ON DELETE NO ACTION ON UPDATE NO ACTION
) ENGINE=InnoDB AUTO_INCREMENT=2264 DEFAULT CHARSET=latin1;
/*!40101 SET character_set_client = @saved_cs_client */;

--
-- Dumping data for table `presentaciones_productos`
--

LOCK TABLES `presentaciones_productos` WRITE;
/*!40000 ALTER TABLE `presentaciones_productos` DISABLE KEYS */;
INSERT INTO `presentaciones_productos` VALUES (7,9288,1,1,1.25,'Detalle'),(15,10249,1,1,0.60,'Detalle'),(16,8616,1,1,0.50,'Detalle'),(18,8945,2,8,1.00,'Detalle'),(19,8945,1,1,0.13,'Detalle'),(21,8945,17,25,3.00,'Detalle'),(22,8945,16,50,5.90,'Mayoreo'),(23,8289,3,1,1.75,'Detalle'),(24,8290,3,1,1.75,'Detalle'),(25,8221,3,1,1.75,'Detalle'),(26,8222,3,1,0.95,'Detalle'),(27,8425,22,1,2.70,'Detalle'),(28,8252,22,1,1.50,'Detalle'),(29,10301,3,1,1.75,'Detalle'),(30,8343,3,1,1.75,'Detalle'),(31,8346,22,1,1.00,'Detalle'),(32,8223,3,1,0.99,'Detalle'),(33,8391,3,1,2.25,'Detalle'),(34,8199,22,1,1.00,'Detalle'),(35,8390,22,1,1.00,'Detalle'),(36,8220,22,1,1.00,'Detalle'),(37,8287,22,1,0.90,'Detalle'),(38,8286,22,1,0.90,'Detalle'),(39,8288,22,1,0.90,'Detalle'),(40,8308,1,1,0.25,'Detalle'),(41,8591,1,1,0.25,'Detalle'),(42,8389,1,1,0.45,'Detalle'),(43,8313,22,1,5.50,'Detalle'),(44,8202,22,1,4.50,'Detalle'),(45,8324,22,1,5.00,'Detalle'),(46,8309,22,1,4.00,'Detalle'),(47,8310,22,1,2.50,'Detalle'),(48,8339,22,1,1.75,'Detalle'),(49,8337,22,1,1.75,'Detalle'),(50,8338,22,1,1.75,'Detalle'),(51,8340,22,1,1.75,'Detalle'),(52,8408,22,1,1.75,'Detalle'),(53,8237,22,1,0.95,'Detalle'),(54,8413,22,1,1.25,'Detalle'),(55,8414,22,1,0.99,'Detalle'),(56,8214,22,1,0.50,'Detalle'),(57,8215,22,1,1.25,'Detalle'),(58,8195,22,1,1.50,'Detalle'),(59,8213,22,1,1.15,'Detalle'),(60,8395,22,1,0.50,'Detalle'),(62,8322,1,1,1.50,'Detalle'),(63,8351,22,1,0.95,'Detalle'),(64,8348,22,1,1.00,'Detalle'),(65,8312,22,1,1.25,'Detalle'),(66,8311,22,1,1.00,'Detalle'),(67,8352,22,1,0.95,'Detalle'),(68,8315,22,1,0.95,'Detalle'),(69,8251,1,1,0.55,'Detalle'),(70,8284,1,1,0.55,'Detalle'),(71,8246,1,1,1.35,'Detalle'),(72,8247,1,1,1.35,'Detalle'),(73,8218,1,1,1.35,'Detalle'),(74,8403,1,1,1.35,'Detalle'),(75,8406,1,1,0.75,'Detalle'),(76,10302,1,1,0.75,'Detalle'),(77,8259,1,1,0.75,'Detalle'),(78,8407,1,1,0.75,'Detalle'),(79,8258,1,1,0.75,'Detalle'),(80,8229,1,1,0.75,'Detalle'),(81,8417,1,1,0.50,'Detalle'),(82,8248,1,1,0.50,'Detalle'),(83,8409,22,1,0.50,'Detalle'),(84,10303,3,1,0.50,'Detalle'),(85,8364,22,1,2.50,'Detalle'),(86,8399,22,1,1.75,'Detalle'),(87,8397,22,1,1.75,'Detalle'),(88,8201,22,1,1.75,'Detalle'),(89,8398,2,1,1.75,'Detalle'),(90,8400,22,1,0.75,'Detalle'),(91,8373,1,1,0.75,'Detalle'),(92,8263,1,1,0.75,'Detalle'),(93,8253,1,1,1.75,'Detalle'),(94,8240,1,1,3.50,'Detalle'),(95,8412,1,1,0.35,'Detalle'),(96,8412,2,3,1.00,'Detalle'),(97,8219,22,1,4.75,'Detalle'),(98,8401,22,1,1.60,'Detalle'),(99,8411,22,1,4.75,'Detalle'),(100,10304,1,1,1.00,'Detalle'),(101,8267,1,1,1.40,'Detalle'),(102,8314,1,1,1.25,'Detalle'),(103,8349,1,1,0.99,'Detalle'),(104,8255,1,1,0.95,'Detalle'),(105,8254,1,1,0.95,'Detalle'),(106,8256,1,1,0.95,'Detalle'),(107,8241,1,1,0.65,'Detalle'),(108,8416,1,1,0.65,'Detalle'),(109,8418,1,1,0.50,'Detalle'),(110,8250,1,1,1.20,'Detalle'),(111,8260,1,1,0.75,'Detalle'),(112,8200,1,1,0.75,'Detalle'),(113,8321,1,1,0.75,'Detalle'),(114,8419,1,1,0.50,'Detalle'),(115,8243,1,1,0.65,'Detalle'),(116,8265,1,1,0.65,'Detalle'),(117,8319,1,1,0.75,'Detalle'),(118,8421,1,1,0.95,'Detalle'),(119,8245,1,1,0.50,'Detalle'),(120,8244,1,1,0.50,'Detalle'),(121,8420,1,1,0.25,'Detalle'),(122,8249,1,1,0.25,'Detalle'),(123,8350,22,1,1.50,'Detalle'),(124,8198,13,1,0.65,'Detalle'),(125,8415,1,1,0.13,'Detalle'),(126,8415,2,2,0.25,'Detalle'),(127,8415,2,12,1.00,'Detalle'),(128,10305,1,1,0.25,'Detalle'),(129,8316,1,1,0.13,'Detalle'),(130,8316,2,2,0.25,'Detalle'),(131,8316,2,12,1.00,'Detalle'),(132,8196,1,1,0.90,'Detalle'),(133,8197,12,1,0.90,'Detalle'),(134,10306,12,1,0.50,'Detalle'),(135,8301,12,1,0.50,'Detalle'),(136,10307,12,1,0.50,'Detalle'),(137,8305,12,1,0.95,'Detalle'),(138,8424,1,1,0.50,'Detalle'),(139,8365,1,1,0.50,'Detalle'),(140,8422,1,1,0.50,'Detalle'),(141,10308,3,1,0.35,'Detalle'),(142,10308,2,3,1.00,'Detalle'),(143,10309,2,1,1.50,'Detalle'),(144,10310,1,1,0.35,'Detalle'),(145,8194,22,1,0.50,'Detalle'),(146,8426,22,1,6.75,'Detalle'),(147,8436,3,1,5.50,'Detalle'),(148,8437,3,1,5.50,'Detalle'),(149,8280,22,1,1.25,'Detalle'),(150,8342,3,1,4.50,'Detalle'),(151,10311,6,1,1.00,'Detalle'),(152,10312,31,1,2.90,'Detalle'),(153,8368,12,1,0.95,'Detalle'),(154,8369,12,1,0.95,'Detalle'),(155,8304,12,1,0.95,'Detalle'),(156,8300,12,1,0.95,'Detalle'),(157,8300,16,12,10.50,'Mayoreo'),(158,8304,16,12,10.00,'Mayoreo'),(159,8306,12,1,0.20,'Detalle'),(160,8303,12,1,0.20,'Detalle'),(161,8302,12,1,0.20,'Detalle'),(162,8325,5,1,0.50,'Detalle'),(163,8331,12,1,1.15,'Detalle'),(164,8333,12,1,1.15,'Detalle'),(165,8369,16,12,10.00,'Mayoreo'),(166,8368,16,12,10.00,'Mayoreo'),(167,8326,12,1,1.15,'Detalle'),(168,8328,12,1,1.25,'Detalle'),(169,8361,12,1,0.95,'Detalle'),(170,8361,16,12,10.00,'Mayoreo'),(171,8378,12,1,0.20,'Detalle'),(172,8378,16,30,5.00,'Mayoreo'),(174,8283,2,3,0.25,'Detalle'),(175,8283,2,12,0.95,'Detalle'),(176,8283,16,72,6.90,'Mayoreo'),(177,8282,12,1,0.20,'Detalle'),(178,8282,2,12,1.85,'Detalle'),(179,8282,16,72,10.25,'Mayoreo'),(180,8329,12,1,2.75,'Detalle'),(181,8335,12,1,2.75,'Detalle'),(182,8376,12,1,1.25,'Detalle'),(183,10313,12,1,1.25,'Detalle'),(184,8362,12,1,0.20,'Detalle'),(185,8362,16,30,5.00,'Detalle'),(186,10314,12,1,0.20,'Detalle'),(187,10314,16,30,5.00,'Detalle'),(188,8209,12,1,1.90,'Detalle'),(189,10315,12,1,0.90,'Detalle'),(190,8330,12,1,0.25,'Detalle'),(191,8330,16,30,6.40,'Mayoreo'),(192,8327,12,1,0.25,'Detalle'),(193,8327,16,30,6.40,'Mayoreo'),(194,8332,12,1,0.25,'Detalle'),(195,8332,16,30,6.40,'Mayoreo'),(196,8336,12,1,0.25,'Detalle'),(197,8336,16,30,6.40,'Mayoreo'),(198,8357,1,1,0.25,'Detalle'),(199,8357,2,12,2.25,'Detalle'),(200,8357,13,72,12.00,'Mayoreo'),(201,10316,1,1,0.25,'Detalle'),(202,10316,2,12,2.25,'Detalle'),(205,10317,13,72,12.00,'Mayoreo'),(206,8270,22,1,1.25,'Detalle'),(207,8277,22,1,1.00,'Detalle'),(208,10318,22,1,1.00,'Detalle'),(209,8271,22,1,1.30,'Detalle'),(210,8273,22,1,1.25,'Detalle'),(211,8268,22,1,1.25,'Detalle'),(212,8371,22,1,2.50,'Detalle'),(213,8269,22,1,1.00,'Detalle'),(214,10319,22,1,1.00,'Detalle'),(215,8226,1,1,0.20,'Detalle'),(216,8226,16,70,8.00,'Mayoreo'),(217,8226,2,5,0.75,'Detalle'),(218,8345,12,1,1.75,'Detalle'),(219,8262,2,1,1.00,'Detalle'),(220,8372,1,1,0.45,'Detalle'),(221,8372,2,12,4.90,'Detalle'),(222,8355,1,1,0.20,'Detalle'),(223,8355,2,12,2.00,'Detalle'),(224,8354,1,1,0.20,'Detalle'),(225,8354,2,12,2.00,'Detalle'),(226,10320,1,1,0.25,'Detalle'),(227,10320,2,12,2.25,'Detalle'),(228,8430,1,1,0.25,'Detalle'),(229,8430,2,12,2.25,'Detalle'),(230,8431,1,1,0.25,'Detalle'),(231,8431,2,12,2.25,'Detalle'),(232,8235,1,1,0.25,'Detalle'),(233,8235,2,12,2.25,'Detalle'),(234,8191,22,1,2.35,'Detalle'),(235,8358,12,1,1.80,'Detalle'),(236,8212,1,1,0.25,'Detalle'),(237,8212,2,12,2.25,'Detalle'),(238,8353,2,6,0.95,'Detalle'),(239,8432,22,1,2.50,'Detalle'),(240,8291,22,1,3.00,'Detalle'),(241,8233,1,1,0.75,'Detalle'),(242,8360,2,1,1.25,'Detalle'),(243,8360,13,6,6.10,'Detalle'),(244,8234,1,1,0.75,'Detalle'),(245,8232,1,1,0.75,'Detalle'),(246,8366,1,1,0.40,'Detalle'),(247,8231,1,1,0.55,'Detalle'),(248,8231,13,24,11.50,'Mayoreo'),(249,8192,1,1,1.00,'Detalle'),(250,8192,13,8,7.50,'Detalle'),(251,8193,1,1,0.35,'Detalle'),(252,8193,2,3,1.00,'Detalle'),(253,8228,1,1,0.20,'Detalle'),(254,8228,2,5,1.00,'Detalle'),(255,8272,1,1,0.25,'Detalle'),(256,8272,7,12,2.25,'Detalle'),(257,8272,13,72,12.00,'Mayoreo'),(258,10321,1,1,0.25,'Detalle'),(259,10321,13,72,11.90,'Mayoreo'),(260,8279,1,1,0.50,'Detalle'),(261,8279,13,24,10.75,'Mayoreo'),(262,8225,22,1,3.00,'Detalle'),(263,8257,2,1,1.00,'Detalle'),(265,8261,1,1,0.70,'Detalle'),(266,8261,2,3,1.80,'Detalle'),(267,8261,13,18,10.00,'Mayoreo'),(268,8386,1,1,0.85,'Detalle'),(269,8386,2,3,2.45,'Detalle'),(270,8386,13,18,13.90,'Mayoreo'),(271,8387,1,1,0.85,'Detalle'),(272,8387,2,3,2.45,'Detalle'),(273,8387,13,18,13.90,'Mayoreo'),(274,8227,1,1,2.00,'Detalle'),(275,8297,1,1,1.10,'Detalle'),(276,8297,2,3,3.15,'Detalle'),(277,8299,1,1,1.10,'Detalle'),(278,8299,2,3,3.15,'Detalle'),(279,8208,1,1,0.80,'Detalle'),(280,8208,2,2,2.30,'Detalle'),(281,8208,13,18,14.00,'Mayoreo'),(282,8206,1,1,0.80,'Detalle'),(283,8206,2,3,2.30,'Detalle'),(284,8206,13,18,14.00,'Mayoreo'),(285,8207,1,1,0.80,'Detalle'),(286,8207,2,3,2.30,'Detalle'),(287,8207,13,18,14.00,'Mayoreo'),(288,8275,1,1,0.20,'Detalle'),(289,8275,2,12,2.00,'Detalle'),(290,8278,1,1,0.25,'Detalle'),(291,8278,13,48,10.75,'Mayoreo'),(292,10322,1,1,0.50,'Detalle'),(293,8210,1,1,0.60,'Detalle'),(294,8210,2,3,1.65,'Detalle'),(295,8210,13,18,9.00,'Mayoreo'),(296,8211,1,1,0.60,'Detalle'),(297,8211,2,3,1.65,'Detalle'),(298,8211,13,18,9.00,'Mayoreo'),(299,8434,1,1,0.60,'Detalle'),(300,8434,2,3,1.65,'Detalle'),(301,8434,13,18,9.00,'Mayoreo'),(302,8293,1,1,0.85,'Detalle'),(303,8293,2,3,2.40,'Detalle'),(304,8293,13,18,14.00,'Mayoreo'),(305,8295,1,1,0.85,'Detalle'),(306,8295,2,3,1.65,'Detalle'),(307,8295,13,18,14.00,'Mayoreo'),(308,8298,1,1,0.85,'Detalle'),(309,8298,2,3,2.40,'Detalle'),(310,8298,13,18,14.00,'Mayoreo'),(311,8380,1,1,0.85,'Detalle'),(312,8380,2,3,2.40,'Detalle'),(313,8380,13,18,14.00,'Mayoreo'),(314,8382,1,1,0.85,'Detalle'),(315,8382,2,3,2.40,'Detalle'),(316,8382,13,18,14.00,'Mayoreo'),(317,8381,1,1,0.85,'Detalle'),(318,8381,2,3,2.40,'Detalle'),(319,8381,13,18,14.00,'Mayoreo'),(320,8264,1,1,0.85,'Detalle'),(321,8264,2,3,2.40,'Detalle'),(322,8264,13,18,14.00,'Mayoreo'),(323,8379,1,1,0.85,'Detalle'),(324,8379,2,3,2.40,'Detalle'),(325,8379,13,18,14.00,'Mayoreo'),(326,8292,1,1,0.85,'Detalle'),(327,8292,2,3,2.40,'Detalle'),(328,8292,13,18,14.00,'Mayoreo'),(329,8294,1,1,0.85,'Detalle'),(330,8294,2,3,2.40,'Detalle'),(331,8294,13,18,14.00,'Mayoreo'),(332,10323,1,1,0.85,'Detalle'),(333,10323,2,3,2.40,'Detalle'),(334,10323,13,18,14.00,'Mayoreo'),(335,10324,1,1,0.85,'Detalle'),(336,10324,2,3,2.40,'Detalle'),(337,10324,13,18,14.00,'Mayoreo'),(338,8363,1,1,0.60,'Detalle'),(339,8363,2,3,1.65,'Detalle'),(340,8363,13,18,9.00,'Mayoreo'),(341,8370,1,1,0.80,'Detalle'),(342,8383,1,1,0.95,'Detalle'),(343,10325,1,1,0.15,'Detalle'),(344,10325,2,2,0.25,'Detalle'),(345,10325,2,8,1.00,'Detalle'),(346,10325,2,24,2.90,'Detalle'),(347,8334,1,1,0.20,'Detalle'),(348,8334,2,12,2.00,'Detalle'),(349,10326,1,1,0.15,'Detalle'),(350,10326,2,2,0.25,'Detalle'),(351,10326,2,8,1.00,'Detalle'),(352,10326,2,24,2.80,'Detalle'),(353,8594,1,1,0.15,'Detalle'),(354,8594,2,2,0.25,'Detalle'),(355,8594,2,8,1.00,'Detalle'),(356,8594,2,24,2.75,'Detalle'),(357,8460,1,1,0.15,'Detalle'),(358,8460,2,2,0.25,'Detalle'),(359,8460,2,8,1.00,'Detalle'),(360,8460,2,24,2.80,'Detalle'),(361,8543,1,1,0.15,'Detalle'),(362,8543,2,2,0.25,'Detalle'),(363,8543,2,8,1.00,'Detalle'),(364,8543,2,24,2.80,'Detalle'),(365,8544,1,1,0.15,'Detalle'),(366,8544,2,2,0.25,'Detalle'),(367,8544,2,8,1.00,'Detalle'),(368,8544,2,24,2.80,'Detalle'),(369,10327,1,1,0.15,'Detalle'),(370,10327,2,2,0.25,'Detalle'),(371,10327,2,8,1.00,'Detalle'),(372,10327,2,24,2.90,'Detalle'),(373,8578,1,1,0.15,'Detalle'),(374,8578,7,2,0.25,'Detalle'),(375,8578,7,8,1.00,'Detalle'),(376,8578,7,24,2.90,'Detalle'),(377,8565,1,1,0.15,'Detalle'),(378,8565,7,2,0.25,'Detalle'),(379,8565,7,8,1.00,'Detalle'),(380,8565,7,24,2.90,'Detalle'),(381,8567,1,1,0.15,'Detalle'),(382,8567,2,2,0.25,'Detalle'),(383,8567,2,8,1.00,'Detalle'),(384,8567,7,24,2.90,'Detalle'),(385,8570,1,1,0.15,'Detalle'),(386,8570,7,2,0.25,'Detalle'),(387,8570,7,8,1.00,'Detalle'),(388,8570,7,24,2.90,'Detalle'),(389,8571,1,1,0.15,'Detalle'),(390,8571,7,2,0.25,'Detalle'),(391,8571,7,8,1.00,'Detalle'),(392,8571,7,24,2.90,'Detalle'),(393,10328,1,1,0.15,'Detalle'),(394,10328,7,2,0.25,'Detalle'),(395,10328,7,8,1.00,'Detalle'),(396,10328,7,24,2.80,'Detalle'),(397,10329,1,1,0.15,'Detalle'),(398,10329,7,2,0.25,'Detalle'),(399,10329,7,8,1.00,'Detalle'),(400,10329,7,24,2.80,'Detalle'),(401,10330,13,1,1.75,'Detalle'),(402,8926,1,1,0.15,'Detalle'),(403,8595,1,1,0.15,'Detalle'),(404,8595,7,2,0.25,'Detalle'),(405,8595,7,8,1.00,'Detalle'),(406,8595,7,24,2.75,'Detalle'),(407,8573,1,1,0.15,'Detalle'),(408,8573,7,2,0.25,'Detalle'),(409,8573,7,8,1.00,'Detalle'),(410,8573,7,24,2.90,'Detalle'),(411,8485,13,1,1.75,'Detalle'),(412,8526,13,1,2.00,'Detalle'),(413,8470,13,1,1.75,'Detalle'),(414,8541,22,1,3.00,'Detalle'),(415,8511,22,1,1.30,'Detalle'),(416,8589,22,1,1.00,'Detalle'),(417,8539,22,1,3.00,'Detalle'),(418,8551,13,1,2.75,'Detalle'),(419,8588,13,1,2.75,'Detalle'),(420,8577,13,1,2.75,'Detalle'),(421,8553,13,1,2.75,'Detalle'),(422,8554,13,1,2.75,'Detalle'),(423,8552,13,1,2.75,'Detalle'),(424,8586,13,1,2.75,'Detalle'),(425,10331,22,1,4.50,'Detalle'),(426,10332,22,1,5.00,'Detalle'),(427,10333,22,1,2.50,'Detalle'),(428,8482,32,1,2.25,'Detalle'),(429,8461,32,1,3.25,'Detalle'),(430,10334,32,1,1.35,'Detalle'),(431,8479,32,1,2.25,'Detalle'),(432,8478,32,1,3.50,'Detalle'),(434,8480,32,1,3.25,'Detalle'),(435,8483,32,1,1.35,'Detalle'),(436,8481,32,1,1.25,'Detalle'),(437,8550,13,1,1.85,'Detalle'),(438,10335,22,1,5.50,'Detalle'),(439,8216,22,1,0.95,'Detalle'),(440,8475,22,1,0.95,'Detalle'),(441,8477,22,1,0.95,'Detalle'),(442,10336,22,1,0.99,'Detalle'),(444,8584,22,1,1.15,'Detalle'),(445,8580,22,1,1.15,'Detalle'),(446,8583,22,1,1.15,'Detalle'),(447,8592,22,1,1.15,'Detalle'),(448,8476,22,1,0.95,'Detalle'),(449,8489,22,1,1.25,'Detalle'),(450,8486,22,1,5.50,'Detalle'),(451,10337,22,1,5.50,'Detalle'),(452,8455,22,1,3.00,'Detalle'),(453,8546,22,1,0.99,'Detalle'),(454,8568,22,1,4.50,'Detalle'),(455,8540,22,1,0.50,'Detalle'),(456,8549,22,1,0.99,'Detalle'),(457,8547,22,1,0.99,'Detalle'),(458,8576,22,1,4.50,'Detalle'),(459,8473,1,1,0.50,'Detalle'),(460,8473,2,12,5.50,'Mayoreo'),(461,8472,1,1,0.50,'Detalle'),(462,8472,2,12,5.50,'Mayoreo'),(463,8530,1,1,1.35,'Detalle'),(464,8530,2,10,11.15,'Mayoreo'),(465,8593,1,1,1.65,'Detalle'),(466,8593,2,12,36.80,'Mayoreo'),(467,8585,1,1,0.50,'Detalle'),(468,8585,2,12,5.50,'Mayoreo'),(469,8548,1,1,1.00,'Detalle'),(470,8502,1,1,1.00,'Detalle'),(471,8501,1,1,1.00,'Detalle'),(472,8560,1,1,1.50,'Detalle'),(473,8555,1,1,1.50,'Detalle'),(474,10338,1,1,1.45,'Detalle'),(475,8494,1,1,1.75,'Detalle'),(476,8494,1,1,1.75,'Detalle'),(477,8557,1,1,0.50,'Detalle'),(478,8562,1,1,0.85,'Detalle'),(479,8561,1,1,1.40,'Detalle'),(480,8559,1,1,1.50,'Detalle'),(481,8598,1,1,1.40,'Detalle'),(482,8556,1,1,1.60,'Detalle'),(483,8459,2,1,7.50,'Detalle'),(484,8499,13,1,2.75,'Detalle'),(485,8596,13,1,2.75,'Detalle'),(486,8529,1,1,0.50,'Detalle'),(487,8529,2,12,5.50,'Mayoreo'),(488,10339,1,1,1.65,'Detalle'),(489,10339,2,16,22.30,'Mayoreo'),(490,10340,1,1,1.65,'Detalle'),(491,10340,2,16,22.30,'Mayoreo'),(492,8597,2,1,0.90,'Detalle'),(493,8597,13,24,19.10,'Mayoreo'),(494,8528,1,1,0.75,'Detalle'),(495,8528,2,12,8.40,'Mayoreo'),(496,8558,1,1,0.40,'Detalle'),(497,8558,2,3,1.00,'Detalle'),(498,8505,1,1,0.80,'Detalle'),(499,8505,13,24,16.40,'Mayoreo'),(500,8538,1,1,0.85,'Detalle'),(501,8474,1,1,1.00,'Detalle'),(502,8474,2,12,9.80,'Mayoreo'),(503,10192,1,1,0.10,'Detalle'),(505,10190,1,1,0.10,'Detalle'),(507,10341,2,1,2.10,'Detalle'),(508,10342,2,1,2.10,'Detalle'),(509,10343,2,1,2.10,'Detalle'),(510,8495,2,1,4.75,'Detalle'),(511,8491,2,1,2.10,'Detalle'),(513,10344,2,1,3.50,'Detalle'),(514,8599,2,1,7.00,'Detalle'),(515,8518,2,1,7.00,'Detalle'),(516,10345,2,1,2.10,'Detalle'),(517,8458,2,1,3.50,'Detalle'),(518,8516,2,1,3.50,'Detalle'),(519,10346,1,1,1.15,'Detalle'),(520,8504,1,1,0.50,'Detalle'),(521,8504,2,24,10.15,'Mayoreo'),(522,10347,1,1,0.80,'Detalle'),(523,10347,2,12,9.00,'Mayoreo'),(524,8490,1,1,0.25,'Detalle'),(525,8490,2,50,12.25,'Mayoreo'),(526,8490,2,25,6.15,'Mayoreo'),(527,8600,1,1,0.25,'Detalle'),(528,8600,2,50,12.25,'Mayoreo'),(529,8600,2,25,6.15,'Mayoreo'),(530,8439,1,1,0.25,'Detalle'),(531,8439,2,50,12.25,'Mayoreo'),(532,8439,2,25,6.15,'Mayoreo'),(533,8602,2,1,4.15,'Detalle'),(534,8602,2,2,8.25,'Detalle'),(535,8492,2,1,4.15,'Detalle'),(536,8492,2,2,8.25,'Detalle'),(537,10348,2,1,4.15,'Detalle'),(538,10348,2,2,8.25,'Detalle'),(539,8493,2,1,4.15,'Detalle'),(540,8493,2,2,8.25,'Detalle'),(541,10349,2,1,7.25,'Detalle'),(542,8496,2,1,7.25,'Detalle'),(543,8601,2,1,7.25,'Detalle'),(544,10350,2,1,8.00,'Detalle'),(545,10351,1,1,0.25,'Detalle'),(546,10351,2,50,12.25,'Mayoreo'),(547,10351,2,25,6.15,'Mayoreo'),(548,8603,2,1,8.00,'Detalle'),(549,8523,2,1,6.50,'Detalle'),(550,8514,2,1,8.00,'Detalle'),(551,8452,2,1,1.00,'Detalle'),(552,8444,2,1,0.50,'Detalle'),(553,8451,2,1,1.00,'Detalle'),(554,8443,2,1,0.50,'Detalle'),(555,8449,2,1,1.00,'Detalle'),(557,10352,2,1,8.00,'Detalle'),(558,8448,2,1,8.00,'Detalle'),(559,8446,2,1,8.00,'Detalle'),(560,8605,2,1,1.15,'Detalle'),(561,8533,2,1,2.00,'Detalle'),(562,8535,1,1,0.25,'Detalle'),(563,8535,2,24,5.00,'Detalle'),(564,8534,1,1,0.35,'Detalle'),(565,8534,2,3,0.95,'Detalle'),(566,8534,2,24,7.00,'Mayoreo'),(567,8525,2,1,1.80,'Detalle'),(568,8525,16,12,20.25,'Mayoreo'),(569,8512,2,1,1.90,'Detalle'),(570,8512,16,12,21.50,'Mayoreo'),(571,8469,2,1,1.60,'Detalle'),(572,8469,16,12,18.00,'Mayoreo'),(573,8467,2,1,2.10,'Detalle'),(574,8467,16,12,24.00,'Mayoreo'),(575,8462,2,1,2.25,'Detalle'),(576,8462,16,12,25.20,'Mayoreo'),(577,8508,2,1,2.00,'Detalle'),(578,8508,16,12,22.80,'Mayoreo'),(579,8507,2,1,2.75,'Detalle'),(580,8507,16,12,32.25,'Mayoreo'),(581,8463,2,1,0.75,'Detalle'),(582,8463,16,12,8.40,'Mayoreo'),(585,10354,2,1,1.00,'Detalle'),(586,10354,16,12,10.50,'Mayoreo'),(587,10353,2,1,0.90,'Detalle'),(588,10353,16,12,9.50,'Mayoreo'),(589,8604,2,1,0.85,'Detalle'),(590,8604,16,12,9.00,'Mayoreo'),(591,8531,2,1,2.50,'Detalle'),(592,8531,16,12,29.10,'Mayoreo'),(593,8532,2,1,3.85,'Detalle'),(594,8532,16,8,30.25,'Detalle'),(595,8524,2,1,1.60,'Detalle'),(596,8524,16,12,18.00,'Mayoreo'),(597,8536,2,1,2.10,'Detalle'),(598,8536,16,12,24.25,'Mayoreo'),(599,8606,2,1,1.00,'Detalle'),(600,8606,16,12,10.00,'Mayoreo'),(601,8537,2,1,2.25,'Detalle'),(602,8537,16,12,24.25,'Mayoreo'),(603,8465,2,1,1.50,'Detalle'),(604,8465,16,12,16.80,'Mayoreo'),(605,8466,2,1,1.85,'Detalle'),(606,8466,16,12,21.50,'Mayoreo'),(607,10355,2,1,5.50,'Detalle'),(608,8688,5,1,0.40,'Detalle'),(609,10356,2,1,0.99,'Detalle'),(610,10357,1,1,0.45,'Detalle'),(611,10358,1,1,1.00,'Detalle'),(612,8707,12,1,1.00,'Detalle'),(613,10359,12,1,0.75,'Detalle'),(614,8695,12,6,0.75,'Detalle'),(615,8695,1,1,0.20,'Detalle'),(616,10360,1,1,0.20,'Detalle'),(617,10360,2,6,0.75,'Detalle'),(618,8709,1,1,0.50,'Detalle'),(619,8709,2,12,5.00,'Detalle'),(620,10361,1,1,0.50,'Detalle'),(621,10361,13,14,6.00,'Mayoreo'),(622,10362,1,1,0.25,'Detalle'),(623,10362,2,12,2.25,'Detalle'),(624,10363,1,1,0.95,'Detalle'),(625,8643,1,1,0.90,'Detalle'),(626,8643,2,12,10.50,'Mayoreo'),(627,8644,1,1,0.90,'Detalle'),(628,8644,2,12,10.50,'Mayoreo'),(629,8642,1,1,0.90,'Detalle'),(630,8642,2,12,10.50,'Mayoreo'),(631,8685,12,1,0.35,'Detalle'),(632,10364,12,6,1.00,'Detalle'),(633,10364,1,1,0.25,'Detalle'),(634,8747,1,1,1.50,'Detalle'),(635,8649,1,1,0.25,'Detalle'),(636,8649,2,12,2.50,'Detalle'),(637,8624,1,1,0.55,'Detalle'),(638,8697,12,1,0.65,'Detalle'),(639,8625,1,1,0.45,'Detalle'),(640,8686,12,1,0.50,'Detalle'),(641,8746,1,1,0.70,'Detalle'),(642,8648,12,1,0.45,'Detalle'),(643,10365,1,1,0.50,'Detalle'),(644,8733,12,1,0.35,'Detalle'),(645,8733,16,40,11.50,'Mayoreo'),(646,8729,2,1,0.60,'Detalle'),(647,8729,16,10,5.50,'Mayoreo'),(648,8728,2,1,0.60,'Detalle'),(649,8728,16,10,5.50,'Mayoreo'),(650,8705,2,1,0.75,'Detalle'),(651,8705,16,20,13.00,'Mayoreo'),(652,8700,2,1,0.30,'Detalle'),(653,8700,16,20,4.50,'Detalle'),(654,10366,2,1,3.75,'Detalle'),(655,8701,2,1,0.40,'Detalle'),(656,8701,16,20,7.00,'Mayoreo'),(657,8734,12,1,0.25,'Detalle'),(658,8734,16,40,8.00,'Mayoreo'),(659,8646,12,1,0.25,'Detalle'),(660,8646,16,40,8.00,'Mayoreo'),(661,10367,2,1,0.50,'Detalle'),(662,8647,12,1,0.40,'Detalle'),(663,8647,16,40,14.50,'Mayoreo'),(664,8699,12,1,0.40,'Detalle'),(665,8699,16,20,6.00,'Mayoreo'),(666,8706,12,1,0.50,'Detalle'),(667,8706,16,20,9.00,'Mayoreo'),(668,10368,2,1,0.50,'Detalle'),(669,10368,16,10,4.00,'Detalle'),(670,8621,2,1,0.95,'Detalle'),(671,8621,16,1,4.25,'Detalle'),(672,10369,12,1,0.60,'Detalle'),(673,10369,16,20,9.25,'Mayoreo'),(674,8691,1,1,0.75,'Detalle'),(675,8513,1,1,1.25,'Detalle'),(676,8735,1,1,0.75,'Detalle'),(677,8653,1,1,1.75,'Detalle'),(678,10370,13,1,1.00,'Detalle'),(679,8757,2,1,0.75,'Detalle'),(680,10371,13,1,0.75,'Detalle'),(681,8758,2,1,0.75,'Detalle'),(682,8756,22,1,0.25,'Detalle'),(683,8755,13,1,0.45,'Detalle'),(684,8645,2,1,2.60,'Detalle'),(685,8751,2,1,0.85,'Detalle'),(686,8740,2,1,0.70,'Detalle'),(687,8750,2,1,0.50,'Detalle'),(688,8750,13,40,18.50,'Mayoreo'),(689,8741,2,1,0.50,'Detalle'),(690,8741,13,40,18.50,'Mayoreo'),(691,8739,2,1,0.50,'Detalle'),(692,8739,13,40,18.00,'Mayoreo'),(693,8673,3,1,6.75,'Detalle'),(694,8663,3,1,3.90,'Detalle'),(695,8674,3,1,3.75,'Detalle'),(696,8761,13,1,3.00,'Detalle'),(697,8762,13,1,1.50,'Detalle'),(698,8925,1,1,0.35,'Detalle'),(699,8925,2,2,0.65,'Detalle'),(700,8840,1,1,0.85,'Detalle'),(702,8711,2,24,9.75,'Mayoreo'),(703,8711,1,1,0.45,'Detalle'),(704,8711,2,2,0.85,'Detalle'),(705,8925,7,12,3.50,'Detalle'),(706,8840,7,6,3.75,'Detalle'),(707,8760,1,1,0.45,'Detalle'),(708,8760,2,12,4.80,'Detalle'),(709,8660,1,1,0.45,'Detalle'),(710,8660,2,12,7.40,'Mayoreo'),(711,8690,1,1,1.75,'Detalle'),(712,8664,1,1,0.30,'Detalle'),(714,8687,1,1,0.45,'Detalle'),(715,8687,33,2,0.85,'Detalle'),(716,8656,1,1,3.25,'Detalle'),(717,8658,1,1,2.50,'Detalle'),(718,8655,1,1,1.75,'Detalle'),(719,8654,1,1,1.50,'Detalle'),(720,8661,1,1,2.50,'Detalle'),(721,8684,12,1,0.35,'Detalle'),(722,8753,12,1,0.20,'Detalle'),(724,10372,1,1,2.80,'Detalle'),(725,8657,1,1,3.75,'Detalle'),(726,8752,1,1,0.15,'Detalle'),(727,8752,2,2,0.25,'Detalle'),(728,8752,16,50,5.50,'Mayoreo'),(729,8667,34,1,1.35,'Detalle'),(730,8641,34,1,3.75,'Detalle'),(731,8627,34,1,2.90,'Detalle'),(732,10373,34,1,2.90,'Detalle'),(733,8662,34,1,2.35,'Detalle'),(734,8764,34,1,1.35,'Detalle'),(735,10374,34,1,1.50,'Detalle'),(736,10375,34,1,1.00,'Detalle'),(737,10376,34,1,0.75,'Detalle'),(738,8619,34,1,1.70,'Detalle'),(739,10377,34,1,1.50,'Detalle'),(740,10378,34,1,1.70,'Detalle'),(741,8620,34,1,1.70,'Detalle'),(742,8721,34,1,1.45,'Detalle'),(743,8722,34,1,1.45,'Detalle'),(744,8723,34,1,2.00,'Detalle'),(747,8763,34,1,1.45,'Detalle'),(748,8632,34,1,0.60,'Detalle'),(749,8632,35,12,6.90,'Mayoreo'),(750,8723,35,12,22.80,'Mayoreo'),(751,8633,22,1,1.25,'Detalle'),(752,8634,22,1,2.50,'Detalle'),(753,8635,22,1,0.85,'Detalle'),(754,8715,22,1,0.95,'Detalle'),(755,10379,34,1,0.60,'Detalle'),(756,10379,35,12,6.90,'Detalle'),(757,10380,34,1,0.85,'Detalle'),(758,10380,35,12,9.50,'Mayoreo'),(759,8640,34,1,0.60,'Detalle'),(760,8640,35,12,6.90,'Mayoreo'),(761,8668,22,1,1.00,'Detalle'),(762,8672,22,1,1.40,'Detalle'),(763,8718,22,1,1.10,'Detalle'),(764,10381,34,1,0.75,'Detalle'),(765,8670,22,1,1.75,'Detalle'),(766,8666,22,1,1.75,'Detalle'),(767,8671,22,1,0.90,'Detalle'),(768,8713,22,1,1.35,'Detalle'),(769,8630,22,1,0.75,'Detalle'),(770,8629,12,1,0.35,'Detalle'),(771,8628,12,1,0.50,'Detalle'),(772,8631,22,1,1.25,'Detalle'),(773,8767,22,1,0.99,'Detalle'),(774,8775,22,1,2.50,'Detalle'),(775,8732,22,1,1.75,'Detalle'),(776,8774,22,1,1.80,'Detalle'),(777,8731,22,1,1.45,'Detalle'),(778,8716,22,1,1.25,'Detalle'),(779,8652,22,1,0.70,'Detalle'),(780,8714,22,1,2.25,'Detalle'),(781,8772,22,1,1.95,'Detalle'),(782,8771,22,1,1.95,'Detalle'),(783,8773,22,1,1.95,'Detalle'),(784,8636,22,1,1.00,'Detalle'),(786,8743,22,1,1.25,'Detalle'),(787,8637,22,1,0.25,'Detalle'),(788,8637,35,12,2.90,'Mayoreo'),(789,8638,22,1,0.45,'Detalle'),(790,8638,35,12,4.60,'Mayoreo'),(791,8744,22,1,0.70,'Detalle'),(792,8450,2,1,0.90,'Detalle'),(793,8770,3,1,8.95,'Detalle'),(794,8608,3,1,3.00,'Detalle'),(795,8609,3,1,6.25,'Detalle'),(796,8676,3,1,6.65,'Detalle'),(797,8680,12,1,0.90,'Detalle'),(798,8680,13,24,20.00,'Mayoreo'),(799,8678,12,1,1.35,'Detalle'),(800,8678,13,20,25.50,'Mayoreo'),(801,8675,22,1,1.40,'Detalle'),(802,8675,13,20,26.50,'Mayoreo'),(803,8683,12,1,1.60,'Detalle'),(804,8683,13,18,27.00,'Detalle'),(805,8682,12,1,1.15,'Detalle'),(806,8681,12,1,0.25,'Detalle'),(807,8681,13,72,14.50,'Mayoreo'),(808,8679,12,1,0.50,'Detalle'),(809,8679,13,48,21.00,'Mayoreo'),(811,8725,36,1,0.15,'Detalle'),(812,8725,7,12,1.35,'Mayoreo'),(813,8696,36,1,0.15,'Detalle'),(814,8696,7,12,1.35,'Mayoreo'),(815,8622,36,1,0.15,'Detalle'),(816,8622,7,12,1.35,'Mayoreo'),(817,8613,22,1,1.30,'Detalle'),(818,8613,13,20,25.50,'Mayoreo'),(819,8776,22,1,1.30,'Detalle'),(820,8776,13,20,25.50,'Mayoreo'),(821,8607,12,1,1.25,'Detalle'),(822,8607,13,20,14.50,'Mayoreo'),(823,10382,22,1,0.90,'Detalle'),(824,10382,13,24,20.00,'Mayoreo'),(825,8612,12,1,1.45,'Detalle'),(826,8612,13,18,25.20,'Mayoreo'),(827,8611,22,1,1.35,'Detalle'),(828,8611,13,20,27.00,'Mayoreo'),(829,8614,12,1,1.15,'Detalle'),(830,10383,3,1,26.50,'Detalle'),(831,10384,3,1,27.75,'Detalle'),(832,8856,22,1,1.70,'Detalle'),(833,8905,22,1,1.70,'Detalle'),(834,8484,32,1,0.90,'Detalle'),(835,10385,22,1,1.70,'Detalle'),(836,8857,22,1,1.70,'Detalle'),(837,8908,32,1,1.25,'Detalle'),(838,8842,32,1,1.25,'Detalle'),(839,8820,32,1,1.25,'Detalle'),(840,10386,32,1,1.25,'Detalle'),(841,8854,22,1,1.70,'Detalle'),(842,8906,22,1,1.50,'Detalle'),(843,8843,22,1,1.40,'Detalle'),(844,8907,22,1,1.50,'Detalle'),(845,8807,22,1,1.30,'Detalle'),(846,8841,22,1,1.30,'Detalle'),(847,8809,22,1,1.40,'Detalle'),(848,8808,22,1,1.30,'Detalle'),(849,8909,22,1,1.50,'Detalle'),(850,8822,32,1,1.25,'Detalle'),(851,8821,32,1,1.25,'Detalle'),(852,10387,32,1,1.25,'Detalle'),(853,8883,36,1,0.25,'Detalle'),(854,8883,13,15,3.15,'Mayoreo'),(855,8882,36,1,0.25,'Detalle'),(856,8882,13,15,3.15,'Mayoreo'),(857,8879,36,1,0.25,'Detalle'),(858,8879,13,15,3.15,'Mayoreo'),(859,8884,36,1,0.25,'Detalle'),(860,8884,13,15,3.15,'Mayoreo'),(861,8880,36,1,0.25,'Detalle'),(862,8880,13,15,3.15,'Mayoreo'),(863,10388,36,1,0.25,'Detalle'),(864,10388,13,15,3.15,'Mayoreo'),(865,8881,36,1,0.25,'Detalle'),(867,8887,36,1,0.25,'Detalle'),(868,8887,13,15,3.15,'Mayoreo'),(869,8881,13,15,3.15,'Mayoreo'),(870,8784,36,1,0.25,'Detalle'),(871,8784,13,12,2.40,'Mayoreo'),(872,8783,36,1,0.25,'Detalle'),(873,8783,13,12,2.40,'Mayoreo'),(874,8894,36,1,0.20,'Detalle'),(875,8894,13,15,2.25,'Mayoreo'),(876,8922,36,1,0.20,'Detalle'),(877,8922,13,15,2.25,'Mayoreo'),(878,8893,36,1,0.20,'Detalle'),(879,8893,13,15,2.25,'Mayoreo'),(880,8924,36,1,0.20,'Detalle'),(881,8924,13,15,2.25,'Mayoreo'),(882,8892,36,1,0.20,'Detalle'),(883,8892,13,15,2.25,'Mayoreo'),(884,8898,36,1,0.25,'Detalle'),(885,8898,13,12,2.25,'Mayoreo'),(886,8904,36,1,0.25,'Detalle'),(887,8904,13,12,2.25,'Mayoreo'),(888,8903,36,1,0.25,'Detalle'),(889,8903,13,12,2.25,'Mayoreo'),(890,8897,36,1,0.25,'Detalle'),(891,8897,13,12,2.25,'Mayoreo'),(892,8896,36,1,0.25,'Detalle'),(893,8896,13,12,2.25,'Mayoreo'),(894,8902,36,1,0.25,'Detalle'),(895,8902,13,12,2.25,'Mayoreo'),(896,8895,36,1,0.25,'Detalle'),(897,8895,13,12,2.25,'Mayoreo'),(898,8900,36,1,0.25,'Detalle'),(899,8901,36,1,0.25,'Detalle'),(900,8899,36,1,0.25,'Detalle'),(901,8826,12,1,1.25,'Detalle'),(902,8827,12,1,1.25,'Detalle'),(903,8788,12,1,1.25,'Detalle'),(904,8889,25,1,1.15,'Detalle'),(905,8816,12,1,1.00,'Detalle'),(906,10389,12,1,0.25,'Detalle'),(907,10389,13,24,5.75,'Mayoreo'),(908,10390,37,1,0.50,'Detalle'),(909,10390,13,12,5.60,'Mayoreo'),(910,8829,12,1,0.75,'Detalle'),(911,8828,12,1,0.75,'Detalle'),(912,8850,12,1,0.50,'Detalle'),(914,9007,12,1,0.35,'Detalle'),(915,8877,12,1,1.15,'Detalle'),(918,8836,14,1,0.85,'Detalle'),(919,8836,5,2,1.65,'Detalle'),(920,8836,12,16,3.50,'Mayoreo'),(921,8779,14,1,0.65,'Detalle'),(922,8779,5,1,1.25,'Detalle'),(923,8779,12,16,8.75,'Mayoreo'),(924,10391,14,1,0.45,'Detalle'),(925,10391,5,1,0.90,'Detalle'),(926,10391,12,16,5.50,'Mayoreo'),(927,8846,14,1,0.40,'Detalle'),(928,8846,5,2,0.75,'Detalle'),(929,8846,12,16,5.75,'Mayoreo'),(930,10392,14,1,0.90,'Detalle'),(931,10392,5,2,1.75,'Detalle'),(932,10392,12,16,13.50,'Detalle'),(933,8852,12,1,1.00,'Detalle'),(934,10393,12,1,0.25,'Detalle'),(935,10393,13,24,5.75,'Mayoreo'),(936,10394,37,1,0.50,'Detalle'),(937,10394,13,12,5.60,'Mayoreo'),(938,8890,13,1,0.70,'Detalle'),(939,8890,13,24,15.50,'Mayoreo'),(940,8912,13,1,0.70,'Detalle'),(941,8912,13,24,15.50,'Mayoreo'),(942,10395,37,1,0.50,'Detalle'),(943,8817,2,1,0.25,'Detalle'),(944,8817,2,12,2.20,'Mayoreo'),(945,8818,2,1,0.35,'Detalle'),(946,8818,2,12,3.60,'Mayoreo'),(947,8927,36,1,0.15,'Detalle'),(948,8927,2,2,0.25,'Detalle'),(949,8927,25,12,1.00,'Mayoreo'),(950,8786,13,1,1.00,'Detalle'),(951,8838,13,1,1.50,'Detalle'),(953,8814,1,1,0.45,'Detalle'),(954,8814,2,5,1.65,'Detalle'),(955,10396,12,1,1.10,'Detalle'),(956,8791,12,1,1.00,'Detalle'),(957,8888,12,1,0.45,'Detalle'),(958,8792,12,1,0.45,'Detalle'),(959,8793,12,1,0.45,'Detalle'),(960,8789,12,1,0.65,'Detalle'),(961,8812,1,1,0.25,'Detalle'),(962,8812,2,6,1.25,'Mayoreo'),(963,10397,1,1,0.50,'Detalle'),(964,8810,2,10,0.25,'Detalle'),(965,8810,2,25,0.60,'Detalle'),(966,8810,12,150,3.25,'Mayoreo'),(967,8790,13,1,0.70,'Detalle'),(968,10398,25,1,1.50,'Detalle'),(969,8802,25,1,0.65,'Detalle'),(970,8815,2,3,0.25,'Detalle'),(971,8815,7,20,1.00,'Detalle'),(972,8920,25,1,1.50,'Detalle'),(973,8824,14,1,0.25,'Detalle'),(974,8824,5,2,0.45,'Detalle'),(975,8824,12,50,20.00,'Mayoreo'),(976,8797,12,1,1.10,'Detalle'),(977,8798,12,1,1.00,'Detalle'),(978,8781,1,1,1.00,'Detalle'),(979,8799,22,1,1.00,'Detalle'),(980,10399,22,1,1.00,'Detalle'),(981,8800,12,1,1.10,'Detalle'),(982,8801,22,1,2.95,'Detalle'),(983,8787,14,1,0.55,'Detalle'),(984,8787,5,2,1.10,'Detalle'),(985,8787,12,50,60.00,'Detalle'),(986,8867,36,1,0.30,'Detalle'),(987,8867,13,12,3.30,'Mayoreo'),(988,10400,14,1,0.70,'Detalle'),(989,10400,5,2,1.40,'Detalle'),(990,10400,12,50,50.00,'Detalle'),(991,8830,5,1,1.35,'Detalle'),(992,8868,36,1,0.15,'Detalle'),(993,8868,13,12,1.80,'Mayoreo'),(994,10401,13,1,3.00,'Detalle'),(995,8916,22,1,1.80,'Detalle'),(996,8876,36,1,0.32,'Detalle'),(997,8876,2,12,3.60,'Mayoreo'),(998,8917,36,1,0.32,'Detalle'),(999,8917,35,12,3.60,'Mayoreo'),(1000,8918,36,1,0.32,'Detalle'),(1001,8918,35,12,3.60,'Mayoreo'),(1002,10402,36,1,0.65,'Detalle'),(1003,10402,35,12,6.75,'Mayoreo'),(1004,8806,36,1,0.65,'Detalle'),(1005,8806,35,12,6.75,'Detalle'),(1006,8919,36,1,0.65,'Detalle'),(1007,8919,35,12,6.75,'Detalle'),(1008,8811,36,1,0.65,'Detalle'),(1009,8811,13,18,10.50,'Mayoreo'),(1010,10403,5,1,0.85,'Detalle'),(1011,10403,38,5,3.50,'Mayoreo'),(1012,8832,12,1,0.35,'Detalle'),(1013,8832,2,3,1.00,'Mayoreo'),(1014,8833,5,1,0.70,'Detalle'),(1015,8835,39,1,0.30,'Detalle'),(1016,8835,13,5,1.20,'Detalle'),(1017,8835,13,180,41.00,'Mayoreo'),(1018,10404,40,1,3.80,'Detalle'),(1019,10404,13,2,7.60,'Detalle'),(1020,8794,36,1,0.12,'Detalle'),(1021,8794,2,9,1.00,'Mayoreo'),(1022,8794,13,36,3.60,'Mayoreo'),(1023,8795,36,1,0.12,'Detalle'),(1024,8795,2,9,1.00,'Mayoreo'),(1025,8795,13,36,3.60,'Mayoreo'),(1026,8915,36,1,0.12,'Detalle'),(1027,8915,2,9,1.00,'Mayoreo'),(1028,8915,13,36,3.60,'Mayoreo'),(1029,8796,36,1,0.12,'Detalle'),(1030,8796,2,9,1.00,'Mayoreo'),(1031,8796,13,60,5.90,'Mayoreo'),(1032,10405,36,1,0.12,'Detalle'),(1033,10405,2,9,1.00,'Mayoreo'),(1034,10405,13,60,5.90,'Mayoreo'),(1035,8860,36,1,0.32,'Detalle'),(1036,8860,35,12,3.50,'Mayoreo'),(1037,8914,36,1,0.32,'Detalle'),(1038,8914,35,12,3.50,'Mayoreo'),(1039,8862,36,1,0.32,'Detalle'),(1040,8862,35,12,3.50,'Mayoreo'),(1041,8848,1,1,0.45,'Detalle'),(1042,8848,35,12,5.40,'Detalle'),(1043,8849,1,1,0.45,'Detalle'),(1044,8849,35,12,5.40,'Detalle'),(1045,8847,1,1,0.45,'Detalle'),(1046,8847,35,12,5.40,'Detalle'),(1047,8819,1,1,0.90,'Detalle'),(1048,8819,2,6,5.45,'Detalle'),(1049,10406,1,1,2.90,'Detalle'),(1050,9038,1,1,0.10,'Detalle'),(1051,9038,7,12,1.00,'Mayoreo'),(1052,9038,1,1,0.10,'Detalle'),(1053,9038,7,12,1.00,'Mayoreo'),(1056,9023,1,1,0.10,'Detalle'),(1057,9023,7,12,1.00,'Mayoreo'),(1058,9014,1,1,0.10,'Detalle'),(1059,9014,7,12,1.00,'Mayoreo'),(1061,10407,1,1,0.10,'Detalle'),(1062,10407,25,12,1.00,'Mayoreo'),(1063,8960,1,1,0.10,'Detalle'),(1064,8960,7,12,1.00,'Mayoreo'),(1065,9020,1,1,0.10,'Detalle'),(1066,9020,7,12,1.00,'Mayoreo'),(1067,9039,1,1,0.10,'Detalle'),(1068,9039,7,12,1.00,'Mayoreo'),(1070,9017,1,1,0.10,'Detalle'),(1071,9017,7,12,1.00,'Mayoreo'),(1072,8851,12,1,0.35,'Detalle'),(1073,9175,1,1,0.10,'Detalle'),(1074,9175,7,12,1.00,'Mayoreo'),(1075,9021,1,1,0.10,'Detalle'),(1076,9021,7,12,1.00,'Mayoreo'),(1079,8987,1,1,0.10,'Detalle'),(1080,8987,7,12,1.00,'Mayoreo'),(1081,9173,1,1,0.25,'Detalle'),(1082,9173,7,12,2.00,'Mayoreo'),(1083,9022,1,1,0.35,'Detalle'),(1084,10408,1,1,0.50,'Detalle'),(1085,10408,2,12,5.40,'Mayoreo'),(1086,10409,1,1,0.35,'Detalle'),(1087,10409,2,20,5.40,'Mayoreo'),(1088,9116,1,1,0.25,'Detalle'),(1089,9116,2,20,3.75,'Detalle'),(1090,8966,1,1,0.25,'Detalle'),(1091,10410,1,1,0.10,'Detalle'),(1092,10410,7,12,1.00,'Mayoreo'),(1093,10411,1,1,0.10,'Detalle'),(1094,10411,7,12,1.00,'Mayoreo'),(1095,10412,1,1,0.10,'Detalle'),(1096,10412,7,12,1.00,'Mayoreo'),(1097,8929,1,1,0.55,'Detalle'),(1098,10413,1,1,0.55,'Detalle'),(1099,9026,1,1,0.55,'Detalle'),(1100,8947,36,1,0.10,'Detalle'),(1101,8947,2,3,0.25,'Detalle'),(1102,8947,13,40,2.50,'Mayoreo'),(1103,9005,13,1,1.00,'Detalle'),(1104,9006,13,1,2.50,'Detalle'),(1105,8936,12,1,1.20,'Detalle'),(1106,8935,12,1,1.20,'Detalle'),(1107,9011,13,1,2.50,'Detalle'),(1108,9012,13,1,2.50,'Detalle'),(1109,8953,2,3,0.25,'Detalle'),(1110,8953,35,12,1.00,'Mayoreo'),(1112,8953,13,50,3.25,'Mayoreo'),(1113,8956,1,1,0.50,'Detalle'),(1114,8956,13,12,5.40,'Mayoreo'),(1115,8957,1,1,0.50,'Detalle'),(1116,8957,13,12,5.40,'Mayoreo'),(1117,10414,36,1,0.50,'Detalle'),(1118,10414,13,12,5.40,'Mayoreo'),(1119,9027,36,1,0.25,'Detalle'),(1120,8971,2,6,1.00,'Detalle'),(1121,8971,13,70,10.00,'Mayoreo'),(1122,8967,7,12,0.75,'Detalle'),(1123,8967,16,300,18.00,'Detalle'),(1124,10415,22,1,0.65,'Detalle'),(1125,10416,22,1,0.65,'Detalle'),(1126,8941,22,1,3.45,'Detalle'),(1127,8990,13,1,0.50,'Detalle'),(1128,8997,12,1,1.20,'Detalle'),(1129,8995,12,1,1.20,'Detalle'),(1130,8996,12,1,1.20,'Detalle'),(1131,8984,35,12,1.00,'Detalle'),(1132,8984,13,60,4.25,'Mayoreo'),(1133,8983,13,1,2.75,'Detalle'),(1134,8985,35,12,1.00,'Detalle'),(1135,8985,13,66,4.00,'Mayoreo'),(1136,8952,12,1,1.00,'Detalle'),(1137,10417,12,1,2.75,'Detalle'),(1138,9010,12,1,0.25,'Detalle'),(1139,9010,2,30,6.75,'Mayoreo'),(1140,9008,22,1,5.30,'Detalle'),(1141,8958,22,1,1.60,'Detalle'),(1142,9009,22,1,1.65,'Detalle'),(1143,9013,1,1,1.00,'Detalle'),(1144,8943,12,1,0.75,'Detalle'),(1145,8944,12,1,1.25,'Detalle'),(1146,8946,12,1,2.90,'Detalle'),(1147,8951,12,1,3.55,'Detalle'),(1148,8950,12,1,1.85,'Detalle'),(1149,8955,22,1,4.75,'Detalle'),(1150,8962,12,1,0.85,'Detalle'),(1151,8963,12,1,0.85,'Detalle'),(1152,8961,12,1,0.85,'Detalle'),(1153,8949,12,1,0.95,'Detalle'),(1154,8973,22,1,3.00,'Detalle'),(1155,8965,12,1,0.99,'Detalle'),(1156,8972,22,1,2.30,'Detalle'),(1157,8974,22,1,1.60,'Detalle'),(1158,8954,22,1,2.80,'Detalle'),(1159,10418,22,1,1.50,'Detalle'),(1160,8999,12,1,1.25,'Detalle'),(1161,9001,12,1,1.25,'Detalle'),(1162,9029,13,1,1.50,'Detalle'),(1163,9035,2,1,4.60,'Detalle'),(1164,8982,13,1,3.70,'Detalle'),(1165,9033,12,1,1.10,'Detalle'),(1166,8969,12,1,1.10,'Detalle'),(1167,8968,12,1,1.00,'Detalle'),(1168,8980,5,1,1.20,'Detalle'),(1169,9030,5,1,0.75,'Detalle'),(1170,8979,5,1,0.99,'Detalle'),(1171,8975,12,2,0.50,'Detalle'),(1173,8975,41,220,22.50,'Detalle'),(1174,8932,12,1,0.50,'Detalle'),(1175,8932,5,2,1.00,'Detalle'),(1176,8932,30,25,11.00,'Detalle'),(1177,10419,12,1,0.20,'Detalle'),(1178,10419,30,1,4.50,'Mayoreo'),(1179,9015,2,4,0.25,'Detalle'),(1181,9015,41,100,5.50,'Mayoreo'),(1182,9015,30,25,1.50,'Mayoreo'),(1183,8934,5,1,0.55,'Detalle'),(1184,8934,30,25,12.75,'Mayoreo'),(1185,8978,12,1,0.75,'Detalle'),(1186,9034,5,2,1.00,'Detalle'),(1187,9034,12,48,19.00,'Mayoreo'),(1188,8981,5,1,0.35,'Detalle'),(1189,8981,30,25,7.75,'Mayoreo'),(1190,8981,41,100,29.00,'Mayoreo'),(1191,8977,12,1,2.50,'Detalle'),(1192,8933,5,1,0.55,'Detalle'),(1193,8933,30,25,12.75,'Mayoreo'),(1194,8931,5,1,0.50,'Detalle'),(1195,8931,30,25,11.75,'Mayoreo'),(1196,8930,5,1,0.45,'Detalle'),(1197,8930,5,2,0.90,'Detalle'),(1198,8930,5,4,1.80,'Detalle'),(1199,8930,30,25,10.00,'Mayoreo'),(1200,8930,41,100,39.00,'Mayoreo'),(1201,8994,5,1,0.65,'Detalle'),(1202,8994,30,25,14.00,'Detalle'),(1203,8994,41,100,56.00,'Mayoreo'),(1204,8993,5,1,0.75,'Detalle'),(1205,8993,30,25,16.50,'Mayoreo'),(1206,8993,41,100,64.00,'Mayoreo'),(1207,9016,12,1,0.75,'Detalle'),(1208,9016,16,10,6.75,'Mayoreo'),(1209,9004,12,1,1.00,'Detalle'),(1210,9004,16,10,9.75,'Mayoreo'),(1212,8937,5,5,2.40,'Detalle'),(1213,8937,30,25,11.75,'Mayoreo'),(1214,8937,41,100,46.50,'Mayoreo'),(1215,8940,5,2,0.96,'Detalle'),(1216,8940,16,25,11.75,'Mayoreo'),(1217,8940,41,100,46.50,'Mayoreo'),(1218,8939,5,1,0.48,'Detalle'),(1219,8939,30,25,11.75,'Mayoreo'),(1220,8939,41,100,46.50,'Mayoreo'),(1221,10420,1,1,0.35,'Detalle'),(1222,10420,1,1,0.50,'Detalle'),(1223,9041,1,1,3.50,'Detalle'),(1224,9156,1,1,1.50,'Detalle'),(1225,9154,1,1,5.25,'Detalle'),(1226,9153,1,1,5.50,'Detalle'),(1227,10421,1,1,3.00,'Detalle'),(1228,9076,1,1,2.50,'Detalle'),(1229,9077,1,1,2.25,'Detalle'),(1230,9078,1,1,2.75,'Detalle'),(1231,9159,1,1,3.00,'Detalle'),(1232,10056,1,1,2.50,'Detalle'),(1233,9105,12,1,1.65,'Detalle'),(1234,9130,12,1,2.40,'Detalle'),(1236,9098,12,1,2.85,'Detalle'),(1237,9129,12,1,1.75,'Detalle'),(1238,9138,13,1,1.75,'Detalle'),(1239,9124,13,1,1.45,'Detalle'),(1240,9137,13,1,1.35,'Detalle'),(1241,9139,13,1,1.35,'Detalle'),(1242,9108,1,1,2.25,'Detalle'),(1243,9104,12,1,0.75,'Detalle'),(1244,9104,35,12,4.50,'Mayoreo'),(1245,9160,1,1,0.99,'Detalle'),(1246,9163,1,1,1.50,'Detalle'),(1247,9096,1,1,0.50,'Detalle'),(1248,9172,12,1,0.35,'Detalle'),(1249,9171,14,1,0.45,'Detalle'),(1250,9171,5,2,0.85,'Detalle'),(1251,9166,1,1,1.50,'Detalle'),(1252,9170,12,1,1.50,'Detalle'),(1253,9152,1,1,18.50,'Detalle'),(1254,10020,1,1,3.50,'Detalle'),(1255,9459,1,1,2.50,'Detalle'),(1256,9103,12,1,2.45,'Detalle'),(1257,9099,12,1,2.70,'Detalle'),(1258,9099,2,2,5.40,'Mayoreo'),(1259,9101,12,1,0.99,'Detalle'),(1260,9101,35,12,5.50,'Mayoreo'),(1261,9102,36,1,0.25,'Detalle'),(1262,9102,35,12,2.50,'Mayoreo'),(1263,9097,5,1,1.50,'Detalle'),(1264,9097,30,50,10.00,'Detalle'),(1265,9050,5,1,0.25,'Detalle'),(1266,9050,12,35,2.50,'Mayoreo'),(1267,9117,12,1,3.90,'Detalle'),(1268,9003,22,1,1.30,'Detalle'),(1269,10422,12,1,1.00,'Detalle'),(1270,9128,12,1,2.60,'Detalle'),(1271,10423,12,1,1.45,'Detalle'),(1272,10424,2,1,1.00,'Detalle'),(1273,10167,2,1,0.50,'Detalle'),(1274,10425,2,1,0.75,'Detalle'),(1275,9132,12,1,1.45,'Detalle'),(1276,9131,12,1,2.45,'Detalle'),(1278,9087,12,1,2.20,'Detalle'),(1279,9090,12,1,1.10,'Detalle'),(1280,9091,12,1,1.15,'Detalle'),(1281,10426,12,1,1.10,'Detalle'),(1282,10427,12,1,2.45,'Detalle'),(1283,9094,12,1,0.50,'Detalle'),(1284,9119,12,1,3.00,'Detalle'),(1285,9118,12,1,2.90,'Detalle'),(1286,9100,12,1,1.20,'Detalle'),(1287,9100,7,6,6.25,'Mayoreo'),(1288,9042,36,1,0.30,'Detalle'),(1289,9042,7,12,3.15,'Mayoreo'),(1290,9178,36,1,0.10,'Detalle'),(1291,9178,7,12,1.00,'Mayoreo'),(1292,9106,1,1,0.05,'Detalle'),(1293,9106,7,24,0.75,'Mayoreo'),(1294,9176,1,1,0.05,'Detalle'),(1295,9176,7,24,0.75,'Mayoreo'),(1296,9177,1,1,0.05,'Detalle'),(1297,9177,7,24,0.75,'Mayoreo'),(1298,9048,1,1,0.05,'Detalle'),(1299,9048,7,24,1.10,'Mayoreo'),(1300,9123,1,1,0.10,'Detalle'),(1301,9123,7,24,1.00,'Mayoreo'),(1302,9044,1,1,0.15,'Detalle'),(1303,9044,7,12,1.25,'Mayoreo'),(1304,10428,12,1,0.50,'Detalle'),(1305,9148,2,1,1.00,'Detalle'),(1306,9150,12,1,1.25,'Detalle'),(1307,10429,2,1,0.50,'Detalle'),(1308,9092,12,1,0.60,'Detalle'),(1309,9093,12,1,0.50,'Detalle'),(1310,9147,12,1,0.50,'Detalle'),(1311,10430,1,1,9.00,'Detalle'),(1312,9055,2,1,1.50,'Detalle'),(1313,9113,2,1,0.50,'Detalle'),(1314,9183,2,1,1.50,'Detalle'),(1315,9054,2,1,1.30,'Detalle'),(1316,9062,2,1,1.00,'Detalle'),(1317,9151,12,1,0.50,'Detalle'),(1318,9195,2,1,0.55,'Detalle'),(1319,9149,2,1,0.50,'Detalle'),(1320,10431,2,1,2.10,'Detalle'),(1321,9125,2,1,1.00,'Detalle'),(1322,9126,2,1,1.00,'Detalle'),(1323,9127,2,1,1.00,'Detalle'),(1324,9197,3,1,3.70,'Detalle'),(1325,9180,1,1,0.30,'Detalle'),(1326,10432,12,1,1.00,'Detalle'),(1327,9196,1,1,0.20,'Detalle'),(1328,9196,13,30,4.50,'Mayoreo'),(1329,9084,12,1,1.35,'Detalle'),(1330,9089,2,1,1.60,'Detalle'),(1331,9088,2,1,1.10,'Detalle'),(1332,9107,2,1,1.00,'Detalle'),(1333,9045,12,1,1.00,'Detalle'),(1334,9115,12,1,3.40,'Detalle'),(1338,9095,12,1,1.00,'Detalle'),(1340,8998,12,100,3.25,'Detalle'),(1341,8998,12,50,1.65,'Detalle'),(1342,8998,12,5,0.25,'Detalle'),(1343,8998,13,1000,50.00,'Detalle'),(1344,9182,12,1,1.80,'Detalle'),(1345,9068,12,1,1.80,'Detalle'),(1346,10433,1,1,0.05,'Detalle'),(1347,10433,13,60,2.00,'Mayoreo'),(1348,10434,1,1,0.05,'Detalle'),(1349,10434,13,60,2.00,'Mayoreo'),(1350,9085,1,1,0.15,'Detalle'),(1351,9085,7,12,1.45,'Mayoreo'),(1352,9067,12,1,1.80,'Detalle'),(1353,9069,12,1,11.75,'Detalle'),(1354,9145,12,1,4.50,'Detalle'),(1355,10435,1,3,0.25,'Detalle'),(1356,10435,35,12,0.99,'Mayoreo'),(1357,10435,13,100,5.50,'Mayoreo'),(1358,9146,12,1,4.50,'Detalle'),(1359,9072,12,1,2.50,'Detalle'),(1360,9144,12,1,5.50,'Detalle'),(1361,9056,12,1,0.50,'Detalle'),(1362,9184,12,1,0.50,'Detalle'),(1363,9058,12,1,0.50,'Detalle'),(1364,10436,12,1,0.50,'Detalle'),(1365,9057,12,1,0.50,'Detalle'),(1366,9185,12,1,1.60,'Detalle'),(1367,9046,12,1,0.50,'Detalle'),(1368,9070,12,1,0.50,'Detalle'),(1369,9071,12,1,0.50,'Detalle'),(1370,9111,12,1,0.75,'Detalle'),(1371,9112,12,1,1.25,'Detalle'),(1372,10186,12,1,1.45,'Detalle'),(1373,10185,12,1,1.75,'Detalle'),(1374,10437,12,1,1.65,'Detalle'),(1375,10196,12,2,2.00,'Detalle'),(1376,10187,2,1,0.25,'Detalle'),(1377,10180,1,1,0.55,'Detalle'),(1378,10438,1,1,0.45,'Detalle'),(1379,10189,1,1,0.55,'Detalle'),(1380,9049,1,1,0.05,'Detalle'),(1381,9049,13,50,2.25,'Mayoreo'),(1382,9190,1,1,0.05,'Detalle'),(1384,9190,13,50,2.25,'Mayoreo'),(1385,10439,2,1,4.50,'Detalle'),(1386,10440,1,1,0.25,'Detalle'),(1387,10440,2,6,1.50,'Mayoreo'),(1388,10440,13,24,5.50,'Mayoreo'),(1389,9142,3,1,2.10,'Detalle'),(1390,9143,3,1,1.10,'Detalle'),(1391,10441,1,1,0.40,'Detalle'),(1392,10441,2,6,2.25,'Mayoreo'),(1393,10441,35,12,4.50,'Mayoreo'),(1394,10442,1,1,0.15,'Detalle'),(1395,10442,12,7,1.00,'Mayoreo'),(1396,10442,16,24,3.10,'Mayoreo'),(1397,10443,1,1,0.99,'Detalle'),(1398,9081,12,1,1.35,'Detalle'),(1399,10444,1,1,0.25,'Detalle'),(1400,10444,2,8,1.85,'Mayoreo'),(1401,10445,1,1,0.35,'Detalle'),(1402,10445,2,3,1.00,'Mayoreo'),(1403,10445,35,12,3.50,'Mayoreo'),(1404,9053,1,1,0.40,'Detalle'),(1405,9053,35,12,4.00,'Mayoreo'),(1406,10446,1,1,0.40,'Detalle'),(1407,10446,35,12,4.00,'Mayoreo'),(1408,9080,1,1,0.50,'Detalle'),(1409,9080,2,6,2.80,'Detalle'),(1410,9079,1,1,0.50,'Detalle'),(1411,9079,2,6,2.80,'Mayoreo'),(1412,9193,22,1,0.99,'Detalle'),(1413,9051,2,1,0.50,'Detalle'),(1414,9051,2,6,2.90,'Mayoreo'),(1415,9066,1,1,0.50,'Detalle'),(1416,9066,35,6,2.80,'Mayoreo'),(1417,9082,22,1,5.50,'Detalle'),(1418,10447,1,1,1.50,'Detalle'),(1420,9321,1,1,1.90,'Detalle'),(1421,10447,1,1,1.90,'Detalle'),(1422,10447,1,1,3.25,'Detalle'),(1423,10447,1,1,2.50,'Detalle'),(1424,10447,1,1,3.50,'Detalle'),(1425,10447,1,1,1.75,'Detalle'),(1426,10447,1,1,4.50,'Detalle'),(1427,10447,1,1,1.60,'Detalle'),(1428,10447,1,1,1.00,'Detalle'),(1429,10447,1,1,3.80,'Detalle'),(1430,10447,1,1,4.00,'Detalle'),(1431,10447,1,1,3.65,'Detalle'),(1432,10447,1,1,6.75,'Detalle'),(1433,10447,1,1,5.40,'Detalle'),(1434,10447,1,1,3.75,'Detalle'),(1435,10447,1,1,3.00,'Detalle'),(1436,10447,1,1,0.90,'Detalle'),(1437,10447,1,1,3.90,'Detalle'),(1438,10447,1,1,14.00,'Detalle'),(1439,10447,1,1,12.00,'Detalle'),(1440,10447,1,1,9.00,'Detalle'),(1441,10447,1,1,10.50,'Detalle'),(1442,10447,1,1,11.00,'Detalle'),(1443,10447,1,1,13.00,'Detalle'),(1444,10447,1,1,9.00,'Detalle'),(1445,10447,1,1,16.00,'Detalle'),(1446,10447,1,1,2.60,'Detalle'),(1447,10447,1,1,2.00,'Detalle'),(1448,10447,1,1,3.75,'Detalle'),(1449,10447,1,1,4.95,'Detalle'),(1450,10447,1,1,2.30,'Detalle'),(1451,10447,1,1,4.90,'Detalle'),(1452,10447,1,1,4.25,'Detalle'),(1453,10447,1,1,0.85,'Detalle'),(1454,10447,1,1,0.75,'Detalle'),(1455,10447,1,1,0.99,'Detalle'),(1456,10447,1,1,1.25,'Detalle'),(1457,10447,1,1,0.35,'Detalle'),(1458,10447,1,1,0.25,'Detalle'),(1459,10447,1,1,0.40,'Detalle'),(1460,10447,1,1,7.00,'Detalle'),(1461,9222,1,1,1.25,'Detalle'),(1463,9222,13,6,6.50,'Mayoreo'),(1464,9221,1,1,1.10,'Detalle'),(1465,9220,1,1,1.50,'Detalle'),(1466,9230,1,1,1.00,'Detalle'),(1467,9431,1,1,1.40,'Detalle'),(1468,9429,1,1,0.95,'Detalle'),(1469,10449,1,1,0.85,'Detalle'),(1470,9428,1,1,0.75,'Detalle'),(1471,9425,1,1,0.70,'Detalle'),(1472,9425,2,6,3.65,'Mayoreo'),(1473,9436,1,1,1.75,'Detalle'),(1474,9437,1,1,1.50,'Detalle'),(1475,9255,1,1,0.75,'Detalle'),(1476,9255,13,6,3.75,'Mayoreo'),(1477,9430,1,1,1.50,'Detalle'),(1478,9250,1,1,1.25,'Detalle'),(1479,9250,13,6,5.50,'Mayoreo'),(1481,9424,1,1,0.90,'Detalle'),(1482,9424,13,3,2.50,'Mayoreo'),(1483,9252,13,1,3.25,'Detalle'),(1484,9432,1,1,3.50,'Detalle'),(1485,9433,1,1,3.75,'Detalle'),(1486,9435,1,1,5.75,'Detalle'),(1487,9434,1,1,8.50,'Detalle'),(1488,9256,1,1,2.00,'Detalle'),(1489,9427,1,1,0.99,'Detalle'),(1490,9439,1,1,2.50,'Detalle'),(1491,9266,1,1,1.40,'Detalle'),(1494,9264,1,1,1.15,'Detalle'),(1495,9265,1,1,1.25,'Detalle'),(1496,10450,13,6,4.90,'Detalle'),(1497,9251,13,6,4.50,'Detalle'),(1498,9254,13,4,3.75,'Detalle'),(1499,9263,1,1,0.90,'Detalle'),(1500,9270,1,1,0.99,'Detalle'),(1502,9253,13,6,4.50,'Detalle'),(1503,9443,1,1,13.75,'Detalle'),(1504,9441,13,6,4.25,'Detalle'),(1505,9246,13,1,4.00,'Detalle'),(1506,9444,13,1,10.50,'Detalle'),(1507,9456,13,1,23.00,'Detalle'),(1508,9442,13,1,16.00,'Detalle'),(1509,9226,1,1,1.10,'Detalle'),(1510,9227,1,1,0.85,'Detalle'),(1511,9450,1,1,1.10,'Detalle'),(1512,9451,1,1,1.10,'Detalle'),(1513,9449,1,1,0.55,'Detalle'),(1514,9262,1,1,1.00,'Detalle'),(1515,9455,1,1,0.85,'Detalle'),(1516,9260,1,1,0.99,'Detalle'),(1517,9453,1,1,1.10,'Detalle'),(1518,9259,1,1,1.00,'Detalle'),(1519,9249,13,1,2.75,'Detalle'),(1520,9204,1,1,0.50,'Detalle'),(1521,9204,1,1,0.60,'Detalle'),(1522,9204,1,1,0.75,'Detalle'),(1523,9204,1,1,1.00,'Detalle'),(1524,9204,1,1,1.25,'Detalle'),(1525,9463,1,1,0.25,'Detalle'),(1526,9463,1,1,0.35,'Detalle'),(1527,9463,1,1,0.40,'Detalle'),(1528,9463,1,1,0.50,'Detalle'),(1530,10194,1,1,0.15,'Detalle'),(1531,10194,7,12,1.50,'Mayoreo'),(1532,10194,12,24,3.00,'Mayoreo'),(1533,10162,1,1,0.15,'Detalle'),(1535,10162,7,12,1.50,'Mayoreo'),(1536,10162,12,24,3.00,'Mayoreo'),(1537,10172,1,1,0.10,'Detalle'),(1538,10172,7,12,1.00,'Mayoreo'),(1539,10172,12,48,4.00,'Mayoreo'),(1540,10451,1,1,10.00,'Detalle'),(1541,9659,1,1,6.75,'Detalle'),(1542,10452,1,1,1.95,'Detalle'),(1543,9490,12,1,0.65,'Detalle'),(1544,9490,2,5,3.00,'Mayoreo'),(1545,9990,12,1,3.00,'Detalle'),(1546,9491,12,1,0.55,'Detalle'),(1547,9491,2,5,2.50,'Mayoreo'),(1548,10453,12,1,0.30,'Detalle'),(1549,10453,2,5,1.35,'Mayoreo'),(1550,9488,1,1,1.15,'Detalle'),(1551,9991,1,1,0.90,'Detalle'),(1552,9991,2,5,4.25,'Mayoreo'),(1553,9489,1,1,0.45,'Detalle'),(1554,9489,2,5,2.00,'Mayoreo'),(1555,10454,1,1,4.85,'Detalle'),(1556,10455,1,1,0.25,'Detalle'),(1557,10455,2,5,1.15,'Mayoreo'),(1558,9989,1,1,0.85,'Detalle'),(1559,9989,2,5,4.00,'Mayoreo'),(1560,9492,1,1,1.25,'Detalle'),(1561,9492,2,5,6.00,'Mayoreo'),(1562,9974,1,1,2.50,'Detalle'),(1563,10456,1,1,2.00,'Detalle'),(1564,10456,1,1,2.25,'Detalle'),(1565,10456,1,1,5.50,'Detalle'),(1566,10456,1,1,7.75,'Detalle'),(1567,10457,1,1,8.50,'Detalle'),(1568,10457,1,1,11.00,'Detalle'),(1569,9976,1,1,3.00,'Detalle'),(1570,9620,1,1,3.50,'Detalle'),(1571,9474,1,1,4.30,'Detalle'),(1572,9473,1,1,4.30,'Detalle'),(1573,9480,1,1,4.30,'Detalle'),(1574,9479,1,1,4.30,'Detalle'),(1575,9633,1,1,4.80,'Detalle'),(1576,9477,1,1,4.30,'Detalle'),(1577,9471,1,1,4.30,'Detalle'),(1578,9472,1,1,4.30,'Detalle'),(1579,9478,1,1,4.30,'Detalle'),(1580,9476,1,1,4.30,'Detalle'),(1581,9532,1,1,1.00,'Detalle'),(1583,9567,1,1,1.10,'Detalle'),(1584,9568,1,1,1.65,'Detalle'),(1585,9518,1,1,4.85,'Detalle'),(1586,9569,1,1,1.10,'Detalle'),(1587,9625,1,1,1.00,'Detalle'),(1588,9615,1,1,2.75,'Detalle'),(1589,9513,1,1,5.75,'Detalle'),(1590,9631,1,1,4.80,'Detalle'),(1591,9512,1,1,4.85,'Detalle'),(1592,9618,1,1,5.60,'Detalle'),(1593,9520,1,1,4.85,'Detalle'),(1594,9519,1,1,3.00,'Detalle'),(1595,9511,1,1,4.85,'Detalle'),(1596,9475,1,1,4.30,'Detalle'),(1597,9634,1,1,3.00,'Detalle'),(1598,9972,1,1,5.60,'Detalle'),(1599,9649,1,1,3.00,'Detalle'),(1600,9632,1,1,4.80,'Detalle'),(1601,9623,1,1,2.75,'Detalle'),(1602,9617,1,1,5.60,'Detalle'),(1603,9636,1,1,4.80,'Detalle'),(1604,9635,1,1,4.80,'Detalle'),(1605,9973,1,1,5.75,'Detalle'),(1606,9626,1,1,2.75,'Detalle'),(1607,9612,1,1,2.75,'Detalle'),(1608,9614,1,1,2.75,'Detalle'),(1609,9514,1,1,2.00,'Detalle'),(1610,9619,1,1,2.75,'Detalle'),(1611,9611,1,1,2.75,'Detalle'),(1612,9621,1,1,2.75,'Detalle'),(1613,9622,1,1,2.75,'Detalle'),(1614,9971,1,1,1.00,'Detalle'),(1615,9970,1,1,2.75,'Detalle'),(1616,9517,1,1,2.00,'Detalle'),(1617,9516,1,1,2.00,'Detalle'),(1618,9515,1,1,2.00,'Detalle'),(1619,9417,1,1,1.00,'Detalle'),(1620,9906,1,1,0.25,'Detalle'),(1621,9889,1,1,0.15,'Detalle'),(1622,9888,1,1,0.25,'Detalle'),(1623,9580,1,1,4.35,'Detalle'),(1624,10458,1,1,1.25,'Detalle'),(1625,9891,1,1,0.25,'Detalle'),(1626,9890,1,1,0.15,'Detalle'),(1627,9892,1,1,0.50,'Detalle'),(1628,9894,1,1,5.00,'Detalle'),(1629,9893,1,1,2.50,'Detalle'),(1630,9561,1,1,4.00,'Detalle'),(1631,9904,1,1,0.99,'Detalle'),(1632,9528,1,1,3.50,'Detalle'),(1633,9529,1,1,3.50,'Detalle'),(1634,9579,1,1,4.75,'Detalle'),(1635,9886,1,1,3.00,'Detalle'),(1636,9887,1,1,1.20,'Detalle'),(1637,9652,1,1,1.60,'Detalle'),(1638,9582,1,1,4.25,'Detalle'),(1639,9644,1,1,4.25,'Detalle'),(1640,9645,1,1,3.00,'Detalle'),(1641,9647,1,1,3.00,'Detalle'),(1642,9655,1,1,2.50,'Detalle'),(1643,9654,1,1,2.50,'Detalle'),(1644,9656,1,1,1.60,'Detalle'),(1645,9963,1,1,3.25,'Detalle'),(1646,9907,1,1,2.50,'Detalle'),(1647,9510,1,1,1.60,'Detalle'),(1648,9509,1,1,1.60,'Detalle'),(1649,9653,1,1,2.50,'Detalle'),(1650,9896,1,1,1.50,'Detalle'),(1651,9606,1,1,1.75,'Detalle'),(1652,9604,1,1,9.25,'Detalle'),(1653,9571,1,1,1.25,'Detalle'),(1654,9502,1,1,2.20,'Detalle'),(1655,9501,1,1,2.20,'Detalle'),(1656,9897,1,1,3.15,'Detalle'),(1657,9483,1,1,2.00,'Detalle'),(1658,10459,1,1,1.85,'Detalle'),(1659,10460,1,1,0.90,'Detalle'),(1660,9909,1,1,3.00,'Detalle'),(1661,10461,1,1,2.00,'Detalle'),(1663,9581,1,1,2.00,'Detalle'),(1664,10462,1,1,1.50,'Detalle'),(1665,9503,1,1,1.00,'Detalle'),(1666,10076,1,1,1.00,'Detalle'),(1667,9967,1,1,0.75,'Detalle'),(1668,9952,1,1,2.00,'Detalle'),(1669,9953,1,1,2.00,'Detalle'),(1671,9961,1,1,1.00,'Detalle'),(1672,9969,1,1,0.99,'Detalle'),(1673,9959,1,1,1.00,'Detalle'),(1674,9666,1,1,3.25,'Detalle'),(1675,9924,1,1,3.25,'Detalle'),(1676,9667,1,1,3.25,'Detalle'),(1677,9962,1,1,1.00,'Detalle'),(1678,9923,1,1,3.25,'Detalle'),(1679,9664,1,1,0.50,'Detalle'),(1680,9576,1,1,1.35,'Detalle'),(1681,9575,1,1,1.35,'Detalle'),(1682,9665,1,1,3.25,'Detalle'),(1683,9958,1,1,1.00,'Detalle'),(1684,9946,1,1,1.50,'Detalle'),(1685,9960,1,1,1.00,'Detalle'),(1686,9956,1,1,2.00,'Detalle'),(1687,9947,1,1,0.75,'Detalle'),(1688,9925,1,1,3.25,'Detalle'),(1689,9957,1,1,1.25,'Detalle'),(1690,10463,1,1,6.50,'Detalle'),(1691,9504,1,1,0.75,'Detalle'),(1692,9942,1,1,0.25,'Detalle'),(1693,9943,1,1,0.50,'Detalle'),(1694,10464,1,1,0.75,'Detalle'),(1695,9940,1,1,0.45,'Detalle'),(1696,10465,1,1,0.45,'Detalle'),(1697,9951,1,1,0.75,'Detalle'),(1698,9597,1,1,0.40,'Detalle'),(1699,9912,1,1,0.65,'Detalle'),(1700,9506,1,1,1.50,'Detalle'),(1701,9950,1,1,0.75,'Detalle'),(1702,10466,1,1,0.75,'Detalle'),(1703,9849,1,1,0.25,'Detalle'),(1704,9911,1,1,0.25,'Detalle'),(1705,9930,1,1,2.00,'Detalle'),(1706,9921,1,1,5.75,'Detalle'),(1707,10467,1,1,5.75,'Detalle'),(1708,9919,1,1,5.75,'Detalle'),(1709,9927,1,1,5.75,'Detalle'),(1710,10468,1,1,14.00,'Detalle'),(1711,9848,25,1,1.50,'Detalle'),(1712,9929,1,1,0.95,'Detalle'),(1713,9945,1,1,3.50,'Detalle'),(1714,9570,1,1,5.50,'Detalle'),(1716,9901,1,1,0.25,'Detalle'),(1717,9966,1,1,13.00,'Detalle'),(1718,9468,1,1,1.50,'Detalle'),(1719,9928,1,1,0.75,'Detalle'),(1720,9608,1,1,11.00,'Detalle'),(1721,10469,1,1,3.50,'Detalle'),(1722,10470,1,1,4.00,'Detalle'),(1723,9646,1,1,2.50,'Detalle'),(1724,9938,1,1,0.50,'Detalle'),(1725,9934,1,3,0.05,'Detalle'),(1726,9934,13,144,1.00,'Mayoreo'),(1727,10471,1,1,3.50,'Detalle'),(1728,9508,1,1,2.00,'Detalle'),(1729,10472,1,1,2.00,'Detalle'),(1730,9905,1,1,0.35,'Detalle'),(1731,9932,1,1,1.00,'Detalle'),(1732,9939,1,1,0.25,'Detalle'),(1733,9915,1,1,0.75,'Detalle'),(1734,9918,1,1,1.00,'Detalle'),(1735,9931,1,1,1.25,'Detalle'),(1736,9968,1,1,2.50,'Detalle'),(1737,9648,1,1,3.50,'Detalle'),(1738,9500,1,1,1.25,'Detalle'),(1739,9856,2,3,1.50,'Detalle'),(1740,9867,1,1,0.70,'Detalle'),(1741,9866,1,1,1.10,'Detalle'),(1742,9842,1,1,1.50,'Detalle'),(1744,9857,1,1,1.50,'Detalle'),(1745,9858,1,1,3.00,'Detalle'),(1746,9859,1,1,3.50,'Detalle'),(1747,9979,1,1,1.35,'Detalle'),(1748,9977,1,1,0.99,'Detalle'),(1749,9978,1,1,1.35,'Detalle'),(1750,10080,1,1,2.00,'Detalle'),(1751,9841,1,1,1.75,'Detalle'),(1752,10473,1,1,3.50,'Detalle'),(1753,9882,1,1,9.50,'Detalle'),(1755,9874,1,1,2.50,'Detalle'),(1756,9885,1,1,0.50,'Detalle'),(1757,10474,1,1,0.50,'Detalle'),(1758,9870,1,1,0.35,'Detalle'),(1759,9554,1,1,2.75,'Detalle'),(1760,9553,1,1,1.50,'Detalle'),(1761,9872,1,1,3.50,'Detalle'),(1762,9868,1,1,0.60,'Detalle'),(1763,10475,1,1,1.00,'Detalle'),(1764,8704,2,1,2.60,'Detalle'),(1765,10476,2,1,5.00,'Detalle'),(1766,10477,1,1,0.45,'Detalle'),(1767,9871,1,1,0.65,'Detalle'),(1768,9871,2,3,1.15,'Detalle'),(1769,9521,1,1,1.75,'Detalle'),(1770,9877,1,1,1.50,'Detalle'),(1771,9884,1,1,1.50,'Detalle'),(1772,9875,1,1,1.25,'Detalle'),(1773,9883,1,1,0.50,'Detalle'),(1774,9522,1,1,2.75,'Detalle'),(1775,9876,1,1,3.99,'Detalle'),(1776,9881,1,1,3.99,'Detalle'),(1777,9880,12,1,0.40,'Detalle'),(1778,10478,2,1,2.00,'Detalle'),(1779,9903,1,1,1.25,'Detalle'),(1780,9485,1,1,1.00,'Detalle'),(1781,10479,1,1,0.25,'Detalle'),(1782,10479,2,12,2.25,'Mayoreo'),(1783,9873,1,1,3.50,'Detalle'),(1784,9837,1,1,0.50,'Detalle'),(1785,9837,2,6,2.50,'Mayoreo'),(1786,9535,1,1,0.99,'Detalle'),(1787,9834,1,1,3.00,'Detalle'),(1788,9846,1,1,0.35,'Detalle'),(1789,9836,1,1,0.25,'Detalle'),(1790,9835,1,1,0.20,'Detalle'),(1791,9595,1,1,2.50,'Detalle'),(1792,10480,1,1,1.25,'Detalle'),(1793,9853,2,1,2.00,'Detalle'),(1794,9555,1,1,1.25,'Detalle'),(1795,9536,1,1,1.50,'Detalle'),(1796,9499,1,1,0.99,'Detalle'),(1798,9598,1,1,0.25,'Detalle'),(1799,10481,1,1,0.35,'Detalle'),(1800,9602,1,1,0.25,'Detalle'),(1801,9861,1,1,0.40,'Detalle'),(1802,9627,1,1,5.25,'Detalle'),(1803,9630,1,1,4.50,'Detalle'),(1804,9831,1,1,8.00,'Detalle'),(1805,9829,1,1,8.50,'Detalle'),(1806,9832,1,1,9.25,'Detalle'),(1807,9833,1,1,12.25,'Detalle'),(1808,9482,1,1,1.00,'Detalle'),(1809,9839,1,1,1.00,'Detalle'),(1810,9838,1,1,1.50,'Detalle'),(1811,9828,1,1,2.50,'Detalle'),(1812,10482,1,1,2.50,'Detalle'),(1813,9524,1,1,3.75,'Detalle'),(1814,9443,1,1,15.00,'Detalle'),(1815,8435,1,1,13.00,'Detalle'),(1816,9825,1,1,12.00,'Detalle'),(1817,9823,1,1,13.50,'Detalle'),(1818,9822,1,1,12.75,'Detalle'),(1819,9808,1,1,6.50,'Detalle'),(1820,9600,1,1,1.25,'Detalle'),(1821,9800,1,1,1.50,'Detalle'),(1822,10483,1,1,0.99,'Detalle'),(1824,9824,1,1,1.75,'Detalle'),(1825,9816,1,1,2.00,'Detalle'),(1826,9791,1,1,0.99,'Detalle'),(1827,9851,1,1,0.65,'Detalle'),(1828,9601,1,1,0.65,'Detalle'),(1829,10484,1,1,1.00,'Detalle'),(1830,9660,1,1,0.99,'Detalle'),(1831,9466,1,1,1.50,'Detalle'),(1832,9236,1,1,1.80,'Detalle'),(1833,9530,1,1,0.99,'Detalle'),(1834,9827,2,1,1.00,'Detalle'),(1835,9122,1,1,8.00,'Detalle'),(1836,9448,1,1,10.00,'Detalle'),(1837,9447,1,1,11.00,'Detalle'),(1838,9871,1,1,0.50,'Detalle'),(1839,10485,1,1,1.65,'Detalle'),(1840,9819,1,1,3.00,'Detalle'),(1841,9446,1,1,15.85,'Detalle'),(1842,9445,1,1,16.50,'Detalle'),(1843,9820,1,1,3.50,'Detalle'),(1844,9603,1,1,0.50,'Detalle'),(1845,9790,1,1,1.25,'Detalle'),(1846,9789,1,1,1.25,'Detalle'),(1847,9847,1,1,0.40,'Detalle'),(1848,9852,1,1,0.35,'Detalle'),(1849,9830,1,1,0.99,'Detalle'),(1850,9784,1,1,1.25,'Detalle'),(1851,9790,1,1,1.25,'Detalle'),(1852,9784,1,1,1.25,'Detalle'),(1853,9481,1,1,1.50,'Detalle'),(1854,9534,1,1,0.75,'Detalle'),(1855,9487,1,1,5.50,'Detalle'),(1857,10049,1,1,0.99,'Detalle'),(1858,9493,2,1,1.75,'Detalle'),(1859,9760,1,1,3.50,'Detalle'),(1860,9640,2,1,1.75,'Detalle'),(1861,9813,1,1,2.50,'Detalle'),(1862,10486,1,1,1.00,'Detalle'),(1863,9826,2,1,2.00,'Detalle'),(1864,10487,1,1,1.50,'Detalle'),(1865,9812,1,1,1.60,'Detalle'),(1866,9821,1,1,6.50,'Detalle'),(1867,9657,1,1,6.00,'Detalle'),(1868,9786,1,1,0.55,'Detalle'),(1869,9779,1,1,1.00,'Detalle'),(1870,9778,1,1,0.55,'Detalle'),(1871,9777,1,1,1.00,'Detalle'),(1872,10488,1,1,0.25,'Detalle'),(1873,10489,2,1,0.99,'Detalle'),(1874,9804,1,1,2.70,'Detalle'),(1875,9815,1,1,3.50,'Detalle'),(1876,9811,1,1,2.00,'Detalle'),(1877,9810,1,1,2.75,'Detalle'),(1878,9658,1,1,4.00,'Detalle'),(1879,9785,1,1,2.50,'Detalle'),(1880,9814,1,1,1.75,'Detalle'),(1881,10490,1,1,1.25,'Detalle'),(1882,9770,1,1,2.00,'Detalle'),(1883,9775,1,1,1.50,'Detalle'),(1884,9776,1,1,1.90,'Detalle'),(1885,9764,1,1,2.00,'Detalle'),(1886,9769,1,1,1.00,'Detalle'),(1887,9768,1,1,1.70,'Detalle'),(1888,9782,1,1,0.75,'Detalle'),(1889,10491,1,1,0.99,'Detalle'),(1890,10492,1,1,1.50,'Detalle'),(1891,10493,1,1,1.25,'Detalle'),(1892,9747,1,1,2.00,'Detalle'),(1893,10494,1,1,2.00,'Detalle'),(1894,9607,1,1,1.50,'Detalle'),(1895,9746,1,1,1.95,'Detalle'),(1896,9641,1,1,3.50,'Detalle'),(1897,9745,1,1,1.75,'Detalle'),(1898,10495,1,1,1.90,'Detalle'),(1899,9773,1,1,1.50,'Detalle'),(1900,9771,1,1,1.10,'Detalle'),(1901,9750,1,1,2.50,'Detalle'),(1902,10496,1,1,1.90,'Detalle'),(1903,9763,1,1,1.00,'Detalle'),(1904,9559,1,1,1.40,'Detalle'),(1905,9749,1,1,0.99,'Detalle'),(1906,9797,1,1,1.25,'Detalle'),(1907,9795,1,1,0.75,'Detalle'),(1908,9526,1,1,2.50,'Detalle'),(1909,9574,1,1,0.99,'Detalle'),(1910,9765,1,1,1.25,'Detalle'),(1911,10497,1,1,0.65,'Detalle'),(1912,10498,1,1,0.50,'Detalle'),(1913,9772,1,1,1.50,'Detalle'),(1914,9803,1,1,3.50,'Detalle'),(1915,9802,1,1,1.15,'Detalle'),(1916,9806,1,1,0.85,'Detalle'),(1917,10499,1,1,1.25,'Detalle'),(1918,10500,1,1,0.75,'Detalle'),(1919,10501,1,1,1.50,'Detalle'),(1920,10502,1,1,1.60,'Detalle'),(1921,9754,1,1,2.00,'Detalle'),(1922,9642,1,1,1.75,'Detalle'),(1923,9643,1,1,0.99,'Detalle'),(1924,9589,1,1,0.99,'Detalle'),(1925,9762,1,1,2.00,'Detalle'),(1926,9761,1,1,2.00,'Detalle'),(1927,9557,1,1,2.00,'Detalle'),(1928,9783,1,1,0.50,'Detalle'),(1929,9637,1,1,0.99,'Detalle'),(1930,10503,1,1,1.75,'Detalle'),(1931,9759,1,1,0.99,'Detalle'),(1932,9758,1,1,0.99,'Detalle'),(1933,9757,1,1,0.50,'Detalle'),(1935,9757,2,2,0.99,'Mayoreo'),(1936,9572,1,1,0.50,'Detalle'),(1937,10504,1,1,1.00,'Detalle'),(1938,10505,1,1,1.00,'Detalle'),(1939,9755,1,1,1.75,'Detalle'),(1940,8736,2,3,0.25,'Detalle'),(1941,9751,1,1,0.25,'Detalle'),(1942,9588,1,1,0.75,'Detalle'),(1943,9793,1,1,1.25,'Detalle'),(1944,9587,1,1,0.15,'Detalle'),(1945,9587,2,12,1.00,'Mayoreo'),(1946,9064,1,1,2.25,'Detalle'),(1947,9753,1,1,2.50,'Detalle'),(1948,10506,1,1,2.25,'Detalle'),(1949,10507,1,1,0.50,'Detalle'),(1950,10508,1,1,1.50,'Detalle'),(1951,10509,1,1,1.50,'Detalle'),(1952,9565,1,1,1.10,'Detalle'),(1953,9565,1,1,1.25,'Detalle'),(1954,9737,1,1,0.85,'Detalle'),(1955,9063,1,1,2.00,'Detalle'),(1956,9588,2,1,2.00,'Detalle'),(1957,10510,2,1,0.75,'Detalle'),(1958,10511,2,1,0.75,'Detalle'),(1959,9557,1,1,1.25,'Detalle'),(1960,9766,1,1,0.60,'Detalle'),(1961,10512,1,1,1.00,'Detalle'),(1962,9783,1,1,0.55,'Detalle'),(1963,10513,1,1,1.50,'Detalle'),(1964,10514,2,1,1.50,'Detalle'),(1965,9577,1,1,11.00,'Detalle'),(1966,9578,1,1,9.00,'Detalle'),(1967,9650,1,1,7.50,'Detalle'),(1969,10051,1,1,3.25,'Detalle'),(1971,10155,1,1,2.25,'Detalle'),(1972,9651,1,1,2.00,'Detalle'),(1973,10515,1,1,1.00,'Detalle'),(1974,9583,1,1,13.00,'Detalle'),(1975,10516,1,1,1.75,'Detalle'),(1976,9386,1,1,1.50,'Detalle'),(1977,9229,1,1,0.50,'Detalle'),(1978,9486,1,1,6.50,'Detalle'),(1979,10517,1,1,8.50,'Detalle'),(1980,10518,1,1,3.50,'Detalle'),(1981,10519,1,1,1.50,'Detalle'),(1982,8942,1,1,23.00,'Detalle'),(1983,8970,1,1,30.00,'Detalle'),(1984,9036,1,1,20.00,'Detalle'),(1985,10079,1,1,0.25,'Detalle'),(1986,9941,1,1,0.50,'Detalle'),(1987,9941,1,1,0.35,'Detalle'),(1988,9458,1,1,0.90,'Detalle'),(1989,9900,1,1,0.25,'Detalle'),(1990,9727,1,1,2.50,'Detalle'),(1991,9734,1,1,1.00,'Detalle'),(1992,9733,1,1,0.75,'Detalle'),(1993,9732,1,1,1.00,'Detalle'),(1994,9736,1,1,1.50,'Detalle'),(1995,9732,1,1,0.75,'Detalle'),(1996,10088,1,1,0.50,'Detalle'),(1997,9691,1,1,1.00,'Detalle'),(1998,9696,2,1,1.40,'Detalle'),(1999,10520,1,1,1.50,'Detalle'),(2000,10521,1,1,1.00,'Detalle'),(2001,9672,1,1,1.50,'Detalle'),(2002,9693,1,1,1.75,'Detalle'),(2003,10522,2,1,1.20,'Detalle'),(2004,9714,1,1,1.25,'Detalle'),(2005,10523,12,1,2.75,'Detalle'),(2006,9695,12,1,0.80,'Detalle'),(2007,10524,25,1,0.70,'Detalle'),(2008,9671,7,1,0.25,'Detalle'),(2009,9686,12,1,0.75,'Detalle'),(2010,10057,1,1,1.75,'Detalle'),(2011,9690,1,1,0.35,'Detalle'),(2012,10525,1,1,2.75,'Detalle'),(2013,10525,1,1,1.45,'Detalle'),(2014,10525,1,1,2.00,'Detalle'),(2015,10525,1,1,1.25,'Detalle'),(2016,10525,1,1,1.00,'Detalle'),(2017,9675,12,1,1.25,'Detalle'),(2018,9669,12,1,1.00,'Detalle'),(2019,10526,1,1,0.75,'Detalle'),(2020,9684,1,1,0.10,'Detalle'),(2021,10527,1,1,0.75,'Detalle'),(2022,9674,1,1,0.75,'Detalle'),(2023,9687,1,1,0.75,'Detalle'),(2024,10528,1,1,0.25,'Detalle'),(2025,10529,1,1,3.50,'Detalle'),(2026,10017,1,1,5.50,'Detalle'),(2027,10017,1,1,3.50,'Detalle'),(2028,10530,1,1,1.00,'Detalle'),(2029,10531,1,1,2.50,'Detalle'),(2030,10532,1,1,2.25,'Detalle'),(2031,8318,1,1,2.50,'Detalle'),(2032,9291,1,1,1.25,'Detalle'),(2033,9235,1,1,1.00,'Detalle'),(2034,9591,1,1,3.75,'Detalle'),(2035,10533,1,1,0.25,'Detalle'),(2036,10533,35,12,2.50,'Mayoreo'),(2037,10216,1,1,20.00,'Detalle'),(2038,10534,1,1,2.50,'Detalle'),(2039,10015,1,1,0.25,'Detalle'),(2040,10001,1,1,3.50,'Detalle'),(2041,10003,1,1,0.75,'Detalle'),(2042,10045,1,1,0.55,'Detalle'),(2043,10043,1,1,3.50,'Detalle'),(2044,10007,1,1,0.75,'Detalle'),(2045,10061,1,1,2.50,'Detalle'),(2046,10030,1,1,1.25,'Detalle'),(2047,10046,1,1,0.25,'Detalle'),(2048,9993,1,1,1.00,'Detalle'),(2049,10014,1,1,1.15,'Detalle'),(2050,10013,1,1,0.90,'Detalle'),(2051,10535,1,1,0.50,'Detalle'),(2052,9999,1,1,0.15,'Detalle'),(2053,10040,1,1,0.75,'Detalle'),(2054,10035,1,1,1.00,'Detalle'),(2055,10048,1,1,0.75,'Detalle'),(2056,10034,1,1,0.35,'Detalle'),(2057,10536,1,1,3.50,'Detalle'),(2058,10004,1,1,0.75,'Detalle'),(2059,10537,1,1,1.50,'Detalle'),(2060,10038,1,1,0.65,'Detalle'),(2061,10044,1,1,0.50,'Detalle'),(2062,10538,1,1,0.75,'Detalle'),(2063,10008,1,1,0.75,'Detalle'),(2064,10047,1,1,0.50,'Detalle'),(2065,10041,1,1,0.30,'Detalle'),(2066,10539,1,1,2.25,'Detalle'),(2067,10540,1,1,0.15,'Detalle'),(2068,10541,33,1,7.00,'Detalle'),(2069,10541,33,1,8.00,'Detalle'),(2070,10541,33,1,12.00,'Detalle'),(2071,10541,33,1,20.00,'Detalle'),(2072,10541,33,1,15.00,'Detalle'),(2073,10541,33,1,14.00,'Detalle'),(2074,10541,33,1,9.00,'Detalle'),(2075,10541,33,1,5.00,'Detalle'),(2076,10541,33,1,10.00,'Detalle'),(2077,10542,33,1,6.00,'Detalle'),(2078,10542,33,1,15.00,'Detalle'),(2079,10542,33,1,18.00,'Detalle'),(2080,10542,33,1,4.50,'Detalle'),(2081,10542,33,1,11.00,'Detalle'),(2082,9668,1,1,0.25,'Detalle'),(2083,10214,1,1,20.00,'Detalle'),(2084,10543,1,1,15.00,'Detalle'),(2085,10212,1,1,60.00,'Detalle'),(2086,10211,1,1,33.00,'Detalle'),(2087,10217,1,1,7.50,'Detalle'),(2088,10217,1,1,10.00,'Detalle'),(2089,10204,1,1,0.10,'Detalle'),(2090,10204,7,12,1.00,'Detalle'),(2091,10204,12,48,4.00,'Detalle'),(2092,10121,1,1,1.00,'Detalle'),(2093,10116,1,1,0.80,'Detalle'),(2094,10115,1,1,0.75,'Detalle'),(2095,10117,1,1,1.25,'Detalle'),(2096,10175,5,1,0.20,'Detalle'),(2097,10175,30,25,4.00,'Detalle'),(2098,10175,41,100,15.00,'Detalle'),(2099,10241,1,1,0.30,'Detalle'),(2100,10228,1,1,0.75,'Detalle'),(2101,10232,1,1,0.45,'Detalle'),(2102,10235,1,1,0.65,'Detalle'),(2103,10230,1,1,0.25,'Detalle'),(2104,10237,1,1,0.45,'Detalle'),(2105,10240,1,1,0.80,'Detalle'),(2106,10238,1,1,0.35,'Detalle'),(2107,10247,1,1,0.75,'Detalle'),(2108,10244,1,1,0.45,'Detalle'),(2109,10236,1,1,0.50,'Detalle'),(2110,10239,1,1,0.80,'Detalle'),(2111,10227,1,1,0.45,'Detalle'),(2112,10234,1,1,0.60,'Detalle'),(2113,10229,1,1,0.50,'Detalle'),(2114,10242,1,1,0.50,'Detalle'),(2115,10233,1,1,0.50,'Detalle'),(2116,10231,1,1,0.80,'Detalle'),(2117,10275,5,1,1.00,'Detalle'),(2118,10274,5,1,1.60,'Detalle'),(2119,10269,5,1,0.60,'Detalle'),(2120,10280,8,12,1.15,'Detalle'),(2121,10262,1,1,1.95,'Detalle'),(2122,10272,1,1,1.15,'Detalle'),(2123,10255,1,1,0.25,'Detalle'),(2124,10300,12,1,2.45,'Detalle'),(2125,10299,12,1,2.45,'Detalle'),(2126,10250,13,1,1.55,'Detalle'),(2127,10251,13,1,1.55,'Detalle'),(2128,10252,13,1,2.75,'Detalle'),(2129,10253,13,1,2.75,'Detalle'),(2130,10268,13,1,2.75,'Detalle'),(2131,10282,12,1,2.25,'Detalle'),(2132,10283,1,1,0.25,'Detalle'),(2133,10283,12,30,5.75,'Mayoreo'),(2134,10254,1,1,3.25,'Detalle'),(2135,10276,1,1,1.00,'Detalle'),(2136,10278,1,1,0.65,'Detalle'),(2137,10258,1,1,0.30,'Detalle'),(2138,10257,1,1,0.75,'Detalle'),(2139,10266,6,1,1.40,'Detalle'),(2140,10267,1,1,1.25,'Detalle'),(2142,10296,12,6,1.35,'Mayoreo'),(2143,10284,1,1,0.25,'Detalle'),(2144,10284,12,6,1.35,'Mayoreo'),(2145,10296,1,1,0.25,'Detalle'),(2146,10285,22,1,0.65,'Detalle'),(2147,10286,22,1,1.75,'Detalle'),(2148,10288,22,1,1.75,'Detalle'),(2149,10289,22,1,0.65,'Detalle'),(2150,10287,22,1,1.75,'Detalle'),(2151,10294,22,1,0.65,'Detalle'),(2152,10291,1,1,0.50,'Detalle'),(2153,10291,16,24,10.00,'Mayoreo'),(2154,10263,1,1,0.50,'Detalle'),(2155,10263,16,24,10.00,'Mayoreo'),(2156,10295,1,1,0.50,'Detalle'),(2157,10295,16,24,10.00,'Mayoreo'),(2158,10273,1,1,0.50,'Detalle'),(2159,10273,16,24,9.50,'Mayoreo'),(2160,10279,1,1,1.00,'Detalle'),(2161,10265,1,1,0.25,'Detalle'),(2162,10265,16,24,5.00,'Mayoreo'),(2163,10264,1,1,0.45,'Detalle'),(2164,10264,16,24,8.00,'Mayoreo'),(2165,10281,1,1,0.35,'Detalle'),(2166,10281,16,24,6.00,'Mayoreo'),(2167,10260,1,1,0.90,'Detalle'),(2168,10260,16,12,9.60,'Mayoreo'),(2169,10256,1,1,1.90,'Detalle'),(2170,10256,16,6,9.60,'Mayoreo'),(2171,10156,31,1,0.95,'Detalle'),(2172,8615,1,1,5.90,'Detalle'),(2173,8615,1,1,2.30,'Detalle'),(2174,10248,1,1,0.45,'Detalle'),(2175,10298,1,1,0.15,'Detalle'),(2176,10298,12,24,2.00,'Mayoreo'),(2177,9998,1,1,2.75,'Detalle'),(2178,10161,1,1,0.95,'Detalle'),(2179,10544,1,1,1.00,'Detalle'),(2180,10544,16,12,9.60,'Mayoreo'),(2181,10545,1,1,0.95,'Detalle'),(2183,10168,12,7,1.00,'Detalle'),(2184,10168,26,15,1.80,'Mayoreo'),(2185,10168,25,30,3.60,'Mayoreo'),(2187,10168,40,180,20.00,'Mayoreo'),(2188,10168,13,360,40.00,'Mayoreo'),(2189,10168,1,1,0.15,'Detalle'),(2190,10169,1,1,0.15,'Detalle'),(2191,10169,12,7,1.00,'Detalle'),(2192,10169,26,15,1.55,'Mayoreo'),(2193,10169,25,30,3.10,'Mayoreo'),(2194,10169,40,180,18.00,'Mayoreo'),(2195,10169,13,360,36.00,'Mayoreo'),(2196,10546,1,1,0.95,'Detalle'),(2197,10547,1,1,0.95,'Detalle'),(2198,10548,1,1,0.95,'Detalle'),(2199,10549,1,1,0.95,'Detalle'),(2200,10550,1,1,0.95,'Detalle'),(2201,10551,1,1,0.95,'Detalle'),(2202,10552,1,1,0.95,'Detalle'),(2203,10553,1,1,0.95,'Detalle'),(2204,10554,1,1,0.95,'Detalle'),(2205,10555,1,1,0.95,'Detalle'),(2206,10556,1,1,0.95,'Detalle'),(2207,10557,1,1,0.95,'Detalle'),(2208,10558,1,1,0.95,'Detalle'),(2209,10559,1,1,0.95,'Detalle'),(2210,10176,1,1,0.10,'Detalle'),(2211,10176,19,12,1.00,'Mayoreo'),(2212,10176,12,48,4.00,'Mayoreo'),(2213,10193,1,1,0.10,'Detalle'),(2214,10193,19,12,1.00,'Mayoreo'),(2215,10193,12,48,4.00,'Mayoreo'),(2216,10174,1,1,0.10,'Detalle'),(2217,10174,19,12,1.00,'Mayoreo'),(2218,10174,12,48,4.00,'Mayoreo'),(2219,10181,1,1,0.10,'Detalle'),(2220,10181,19,12,1.00,'Mayoreo'),(2221,10181,12,48,4.00,'Mayoreo'),(2222,10192,19,12,1.00,'Mayoreo'),(2223,10192,12,48,4.00,'Mayoreo'),(2224,10209,1,1,0.10,'Detalle'),(2225,10209,19,12,1.00,'Mayoreo'),(2226,10209,12,48,4.00,'Mayoreo'),(2227,10173,1,1,0.10,'Detalle'),(2228,10173,19,12,1.00,'Mayoreo'),(2229,10173,12,48,4.00,'Mayoreo'),(2230,10163,1,1,0.10,'Detalle'),(2231,10163,19,12,1.00,'Mayoreo'),(2232,10163,12,48,4.00,'Mayoreo'),(2233,10190,12,48,4.00,'Mayoreo'),(2234,10190,19,12,1.00,'Mayoreo'),(2235,10178,1,1,0.10,'Detalle'),(2236,10178,19,12,1.00,'Mayoreo'),(2237,10178,12,48,4.00,'Mayoreo'),(2238,10205,1,1,0.10,'Detalle'),(2239,10205,19,12,1.00,'Mayoreo'),(2240,10205,12,48,4.00,'Mayoreo'),(2241,10560,1,1,0.10,'Detalle'),(2242,10560,19,12,1.00,'Mayoreo'),(2243,10560,12,48,4.00,'Mayoreo'),(2244,10561,1,1,0.10,'Detalle'),(2245,10561,19,12,1.00,'Mayoreo'),(2246,10561,12,48,4.00,'Mayoreo'),(2247,10207,1,1,0.10,'Detalle'),(2248,10207,19,12,1.00,'Mayoreo'),(2249,10207,12,48,4.00,'Mayoreo'),(2250,10177,1,1,0.10,'Detalle'),(2251,10177,19,12,1.00,'Mayoreo'),(2252,10177,12,48,4.00,'Mayoreo'),(2253,10165,1,1,0.10,'Detalle'),(2254,10165,19,12,1.00,'Mayoreo'),(2255,10165,12,48,4.00,'Mayoreo'),(2256,10562,1,1,1.60,'Detalle'),(2257,10563,1,1,1.75,'Detalle'),(2258,10563,16,6,9.60,'Mayoreo'),(2259,10201,1,1,3.50,'Detalle'),(2260,8745,1,1,0.25,'Detalle'),(2261,8639,1,1,0.25,'Detalle'),(2262,8698,1,1,0.30,'Detalle'),(2263,8623,1,1,0.30,'Detalle');
/*!40000 ALTER TABLE `presentaciones_productos` ENABLE KEYS */;
UNLOCK TABLES;

--
-- Table structure for table `productos`
--

DROP TABLE IF EXISTS `productos`;
/*!40101 SET @saved_cs_client     = @@character_set_client */;
/*!40101 SET character_set_client = utf8 */;
CREATE TABLE `productos` (
  `idproducto` int(11) NOT NULL AUTO_INCREMENT,
  `cod_producto` varchar(500) NOT NULL,
  `nom_producto` varchar(200) NOT NULL,
  `fecha_ingreso` timestamp NULL DEFAULT NULL,
  `idcategoria` int(11) NOT NULL,
  `idmarca` int(11) NOT NULL,
  `idestante` int(11) DEFAULT NULL,
  PRIMARY KEY (`idproducto`),
  KEY `fk_productos_marcas1_idx` (`idmarca`),
  KEY `fk_productos_categorias1_idx` (`idcategoria`),
  KEY `idesta_idx` (`idestante`),
  CONSTRAINT `fk_productos_categorias1` FOREIGN KEY (`idcategoria`) REFERENCES `categorias` (`idcategoria`) ON DELETE NO ACTION ON UPDATE NO ACTION,
  CONSTRAINT `fk_productos_marcas1` FOREIGN KEY (`idmarca`) REFERENCES `marcas` (`idmarca`) ON DELETE NO ACTION ON UPDATE NO ACTION,
  CONSTRAINT `idesta` FOREIGN KEY (`idestante`) REFERENCES `estantes` (`idestante`) ON DELETE NO ACTION ON UPDATE NO ACTION
) ENGINE=InnoDB AUTO_INCREMENT=3294 DEFAULT CHARSET=utf8;
/*!40101 SET character_set_client = @saved_cs_client */;

--
-- Dumping data for table `productos`
--

LOCK TABLES `productos` WRITE;
/*!40000 ALTER TABLE `productos` DISABLE KEYS */;
INSERT INTO `productos` VALUES (1,'7509546063997','SUAVITEL CUIDADO DIARIO 740ML                                                                  ',NULL,3,60,1),(2,'7406171010535','ESPUMIL 3 PACK                                                                                     ',NULL,11,71,1),(4,'7406171013277','TEX TACO LAVAPLATOS   225G                                                                             ',NULL,13,78,1),(9,'7441008141433','HUGGIES ACTIVE SEC M/2                                                                 ',NULL,20,124,2),(14,'3333666688884','ABRE LATAS CAN OPENER                                                                                     ',NULL,30,431,11),(16,'7401006801531','ACEITE CAPULLO DE 750ML                                                                             ',NULL,1,206,6),(17,'7401001500965','ACEITE EL DORADO 1500ML                                                                     ',NULL,1,198,6),(18,'7401001500538','ACEITE EL DORADO DE 3750ML                                                                      ',NULL,1,198,6),(19,'7401001500620','ACEITE IDEAL 445                                                                                    ',NULL,1,208,6),(20,'7401001500330','ACEITE IDEAL 750ML                                                                                  ',NULL,1,208,6),(21,'750894620845','ACEITE MAZOLA DE 750ML                                                                              ',NULL,1,207,6),(24,'046509460235','ACEITE SANTA CLARA DE 750ML                                                                         ',NULL,1,209,6),(25,'SC18','ACEITE TRASEGADO                                                                                    ',NULL,1,53,6),(32,'7411000207451','ADEREZO TIPO MAYONESA MCCORMICK                                                                     ',NULL,37,174,7),(34,'8433295040925','AGRADO FAMILIAR TODO TIPO DE CABELLO 1250ML                                                               ',NULL,16,106,2),(36,'748928010250','AGU SABOR BANANO   113G                                                                               ',NULL,35,250,8),(37,'748928009650','AGU SABOR PERA  113G                                                                                    ',NULL,35,250,8),(38,'7411600100046','AGUA ALPINA 3LITROS                                                                                 ',NULL,35,573,13),(39,'7411600100473','AGUA ALPINA BOTELLA 600ML  PEQUEÑA                                                                         ',NULL,35,573,15),(40,'7411600100015','AGUA ALPINA GARRAFON                                                                                ',NULL,35,573,6),(41,'7411600100091','AGUA ALPINA LITRO                                                                                   ',NULL,35,573,15),(46,'7468847169992','AJOSX3                                                                                              ',NULL,44,242,6),(47,'748757004932','ALBOROTO DE 23G                                                                                     ',NULL,36,562,13),(48,'SC68','ALCANCIA DE AHORRO TUNQUITO                                                                         ',NULL,24,53,9),(49,'8122017000065','ALCANCIA DE AHORROS  MINNIE                                                                               ',NULL,24,273,9),(50,'SC237','ALCANCIA DE PRINCESA  SOFIA PLASTICO                                                                              ',NULL,23,53,11),(53,'760573070090','ALCAPARRAS BOLSA SASSON                                                                                      ',NULL,38,183,6),(54,'SC5','ALCOHOL   120ML                                                                                        ',NULL,5,53,1),(55,'7751851012003','ALCOHOL GEL ANTIBACTERIAL AVAL 120 ML                                                               ',NULL,2,484,11),(56,'7414101000495','ALITA CRISPY PEQUEÑA                                                                                ',NULL,42,584,15),(57,'7414101000198','ALITA PEQUEÑA PICANTE                                                                               ',NULL,42,584,15),(58,'7414101000082','ALITA PICANTE GRANDE                                                                                ',NULL,42,584,15),(59,'7414101000501','ALITAS CRISPY GRANDE                                                                                ',NULL,42,584,15),(60,'SC26','ALPISTE                                                                                             ',NULL,52,53,7),(63,'7415603401308','ALUMINIO GIGANTE 25 PIES                                                                            ',NULL,30,150,6),(65,'309970503031','AQUAMARINE  CREMA UMECTADORA 437ML                                                                       ',NULL,2,26,1),(66,'6578955642551','ARCO INFANTIL                                                                                          ',NULL,24,326,11),(74,'SC62','ARROZ BLANCO AGRANEL                                                                                ',NULL,22,53,8),(77,'7411400800955','ARROZ EL MAS RICO DE 1LB                                                                            ',NULL,22,269,8),(78,'SC61','ARROZ PRECIDO AGRANEL                                                                               ',NULL,22,53,8),(79,'7411400802669','ARROZ SAN PEDRO BLANCO                                                                              ',NULL,22,268,8),(80,'7411400700019','ARROZ SAN PEDRO PRECOCIDO DE 1LB                                                                              ',NULL,22,268,8),(84,'6978201485015','ASAFAT METALICO CON SEPARADORES                                                                                    ',NULL,30,53,11),(85,'SC31','ATADO DE DULCE                                                                                      ',NULL,34,53,7),(86,'7406171024044','ATOMIC FIESTA DE FLORES 900G                                                                        ',NULL,8,16,1),(87,'7406171024051','ATOMIC PARAISO TROPICAL MORADO 900G                                                                 ',NULL,8,16,1),(88,'7410031392891','ATUN LOMO EN TROCITOS CALVO EN ACEITE 142G                                                          ',NULL,38,180,6),(89,'7410031392921','ATUN LOMO EN TROZOS CALVO EN AGUA 142G                                                              ',NULL,38,180,6),(92,'7406249000048','AUSTRALIA TIRA 26G                                                                                  ',NULL,17,285,9),(93,'8998899001753','AUTAN                                                                                              ',NULL,5,30,1),(94,'803275305005','AVENA MOLIDA QUAKER DE 310G                                                                         ',NULL,18,249,8),(95,'803275305012','AVENA MOSH QUAKER CON HOJUELAS DE AVENA DE 360G                                                      ',NULL,18,249,8),(96,'8699901290799','AVION DE CUERVA CON BOLITAS ',NULL,24,326,10),(98,'6852304520111','AVION  AIRCROFT PARA  NIÑO                                                                                     ',NULL,24,326,10),(99,'7506306233355','AXE 48H CHARGE UP PROTECTION 152 ML                                                                       ',NULL,2,502,11),(101,'7791293020372','AXE SECO  AXCITE 152ML                                                                      ',NULL,2,502,11),(102,'7791293995779','AXE ANTITRASPIRANTE DARK TEMPTATION                                                                 ',NULL,2,502,11),(103,'7506306233362','AXE ANTITRANSPIRANTE URBAN                                                                                       ',NULL,2,502,11),(104,'7791293032153','AXE BLACK NIGHT                                                                                     ',NULL,2,502,11),(106,'7506306226852','AXE BODYSPRAY ANARCHY                                                                               ',NULL,2,502,11),(108,'7791293028781','AXE BODYSPRAY  BLACK 150ML                                                                                ',NULL,2,502,11),(109,'7791293005188','AXE BODYSPRAY DARK TEMPTATION  90ML                                                                     ',NULL,2,502,11),(111,'7791293025018','AXE SECO GOLD TEMPTATION 152ML                                                                    ',NULL,2,502,11),(114,'7791293028774','AXE SECO BLACK 152ML                                                                                     ',NULL,2,502,11),(117,'099176005551','AZISTIN FORTA MANZANA BOTELLA                                                                        ',NULL,3,9,1),(119,'7415603400189','AZUCAR  EN BOLSITA  PAQUETE                                                                           ',NULL,22,150,7),(120,'7411500000941','AZUCAR DE 5KILOS                                                                                    ',NULL,22,263,8),(123,'7411500001269','AZUCAR DEL CAÑAL 2000GRAMOS                                                                         ',NULL,22,263,8),(125,'7411500000927','AZUCAR DEL CAÑAL DE 500G                                                                        ',NULL,22,263,8),(126,'7411500000934','AZUCAR DEL CAÑAL DE 2.5KG                                                                           ',NULL,22,263,8),(127,'271','AZUCARERA DISNEY                                                                                    ',NULL,30,369,11),(128,'780707561317','BABY BAR  100G                                                                                     ',NULL,12,51,1),(137,'099072109131','BABYSEC CLASICO 40 UNIDADES TALLA G                                                                 ',NULL,20,125,2),(139,'7502247334939','BABYSEC CLASICO TALLA G 3 UNIDADES                                                                  ',NULL,20,125,2),(140,'7502247334922','BABYSEC CLASICO TALLA M 3 UNIDADES                                                                  ',NULL,20,125,2),(142,'7502247334946','BABYSEC CLASICO TALLA XG 3 UNIDADES                                                                 ',NULL,20,125,2),(144,'7502247331389','BABYSEC ULTRA 10 UNIDADES G/L3                                                                      ',NULL,20,125,2),(148,'7502247331310','BABYSEC ULTRA 50 UNIDADES TALLA G3                                                                  ',NULL,20,125,2),(149,'7502247331303','BABYSEC ULTRA 50 UNIDADES TALLA M2                                                                  ',NULL,20,125,2),(150,'7502247331327','BABYSEC ULTRA SEC 50 UNIDADES TALLA XG4                                                                 ',NULL,20,125,2),(151,'7502247334342','BABYSEC ULTRA TALLA CH 5 UNIDADES                                                                   ',NULL,20,125,2),(152,'7502247334366','BABYSEC ULTRA TALLA G 5 UNIDADES                                                                    ',NULL,20,125,2),(153,'7502247334359','BABYSEC ULTRA TALLA M 5 UNIDADES                                                                    ',NULL,20,125,2),(154,'7502247334373','BABYSEC ULTRA TALLA XG 5 UNIDADES                                                                   ',NULL,20,125,2),(157,'372','BALDE MULTI USOS MEDIANO                                                                            ',NULL,23,53,11),(162,'7415600016369','BANDEJA FOM NUMERO 2                                                                                ',NULL,4,137,6),(165,'751689060198','BARBRA MERCEL COLAGENO CREMA REAFIRMANTE DE 240G                                                                      ',NULL,2,29,1),(169,'048155903470','BASELINA  BABY LOVE  6ONZ                                                                                ',NULL,2,461,11),(170,'041348001656','BASELINA   BABY DAYS  6 ONZ                                                                                      ',NULL,2,462,11),(174,'310','BATIDOR DE HUEVO PEQUEÑO                                                                            ',NULL,30,53,11),(178,'7501032903572','BAYGON ULTRAVERDE  338G                                                                                ',NULL,10,30,1),(179,'7501032907556','BAYGON VOLADORES 260G                                                                               ',NULL,10,91,1),(180,'379','BAÑERA PARA BEBE                                                                                    ',NULL,23,53,11),(181,'370','BAÑO ENTRENADOR PARA BEBE                                                                           ',NULL,23,53,11),(182,'6954871001595','BEAUTY GIRL MUÑECA                                                                                  ',NULL,24,360,10),(185,'7406171033350','BEX ROSADO                                                                        ',NULL,13,82,1),(186,'7406171016902','BEX AZUL                                                                                            ',NULL,11,82,1),(188,'7406171025515','BEX DURA MASJABON CON DETERGENTE                                                                    ',NULL,11,82,1),(189,'7406171018234','BEX MORADO                                                                                          ',NULL,11,82,1),(190,'7406171016896','BEX VERDE                                                                                           ',NULL,11,82,1),(191,'7401006712301','BIMBO PANQUES CON PASAS                                                                             ',NULL,34,560,13),(193,'7501026027536','BLANCA NIEVES 1KG                                                                                   ',NULL,8,63,1),(196,'6946549181135','BLOCKS CREATIVE                                                                                       ',NULL,24,327,10),(197,'5975100658534','BLOCKS LEGO PLAY AND LEARN                                                                                        ',NULL,24,328,10),(198,'SC91','BLOCKS MOCHILA                                                                                   ',NULL,24,53,10),(200,'7412200700766','BOLIGOMA CHAMPAN                                                                                    ',NULL,34,295,9),(202,'7412200700599','BOLIGOMA MORA AZUL                                                                                  ',NULL,34,295,9),(203,'7410031840569','BOLSA 1/2JARDIN                                                                                     ',NULL,40,503,11),(204,'7410031840255','BOLSA DE UNA LIBRA TERMOFLEX                                                                        ',NULL,40,503,11),(206,'7410031840699','BOLSA MINI GABACHA  COLORES                                                                             ',NULL,40,503,11),(207,'SC188','BOLSA PARA REGALO DIFERENTES TAMAÑOS                                                                              ','2018-05-17 21:31:47',40,53,10),(208,'7410031840262','BOLSA TERMOFLEX 6X10 (2L)                                                                           ',NULL,40,503,11),(209,'7410031840293','BOLSA TERMOFLEX 9X14 (5L)                                                                           ',NULL,40,503,11),(210,'2016050705466','BOMBAS NAVIDEÑAS                                                                                    ',NULL,5,408,11),(211,'7412200700971','BOMBOM CHICLIN                                                                                      ',NULL,34,303,9),(213,'7412200700179','BONBON AMERICANA 14 UNIDADES                                                                        ',NULL,34,308,9),(216,'7702354938642','BONTEA DURAZNO                                                                                      ',NULL,35,211,7),(217,'7702354940324','BONTEA MANZANA                                                                                      ',NULL,35,211,7),(221,'088169004688','BOTE DE LISTO DE 100G                                                                               ',NULL,9,252,8),(231,'307','BOTIN PACHO                                                                                         ',NULL,41,53,12),(232,'408','BOTIN PACHO NIÑO                                                                                    ',NULL,41,53,12),(233,'756956888888','BOTONETA CHOCOLATE    TIRA                                                                               ',NULL,34,248,9),(234,'756956850021','BOTONETA DE MANI                                                                                    ',NULL,34,248,9),(237,'6998658006052','BRILLANTINA  5 UNIDADES GLITTER GLUE                                                                                       ',NULL,24,332,10),(239,'7401005403040','BRILLO DAROSA                                                                                       ',NULL,2,479,11),(241,'7622210416766','BUBBALOO SABOR MENTA  50 UNIDADES                                                                            ',NULL,34,313,9),(243,'SC159','BURBUJERO GRANDE                                                                                     ',NULL,24,53,10),(246,'6901682561022','BUS ESCOLAR                                                                                         ',NULL,24,326,10),(247,'8207542215448','BUS ESCOLAR BOB ESPONJA                                                                                     ',NULL,24,326,11),(249,'391','CABALLO PONY PUSH TOY                                                                               ',NULL,24,53,8),(250,'SC29','CACAO PARA CHOCOLATE                                                                                ',NULL,52,53,7),(253,'7411800003406','CAFE ATLACATL DE 112 GR                                                                             ',NULL,9,260,8),(254,'7411800004021','CAFE ATLACATL DE 200 GR                                                                             ',NULL,9,260,8),(255,'7411800003819','CAFE ATLACATL DE 22 GR                                                                              ',NULL,9,260,8),(256,'7411800004038','CAFE ATLACATL DE 454 GR                                                                             ',NULL,9,260,8),(258,'7411029300010','CAFE COSCAFE DE 40 SOBRES                                                                           ',NULL,9,247,8),(259,'7411801100289','CAFE CRIOLLO DE 300GR                                                                               ',NULL,9,255,8),(264,'7411800004007','CAFE MAJADA ORO DE 112 GR                                                                           ',NULL,9,262,8),(265,'7411800002003','CAFE MAJADA ORO DE 227  GR                                                                          ',NULL,9,262,8),(266,'7411800002201','CAFE MAJADA ORO DE 454 GR                                                                           ',NULL,9,262,8),(269,'7411800301267','CAFE OLLA 250GR                                                                                     ',NULL,9,256,8),(272,'7411800416961','CAFE RIKO 50 SOBRES                                                                                       ',NULL,9,245,8),(273,'735039016165','CAFE RIKO BOTE DE 100GR                                                                             ',NULL,9,245,8),(274,'735039016172','CAFE RIKO BOTE DE 200 GR                                                                            ',NULL,9,245,8),(275,'735039716935','CAFE RIKO CAPPUCCINO  VAINILLA 20 GR                                                                ',NULL,9,245,8),(276,'735039716911','CAFE RIKO CAPPUCCINO CLASICO DE 20 GR                                                               ',NULL,9,245,8),(277,'735039016158','CAFE RIKO DE BOTE 50 GR                                                                             ',NULL,9,245,8),(282,'SC78','CAL                                                                                                 ',NULL,18,53,9),(283,'7406171027588','CALYPSO AGUACATE Y SABILA  830ML                                                                   ',NULL,16,92,2),(286,'7406171000055','CALYPSO EXTRA SECO ROSADO   830ML                                                                        ',NULL,16,92,2),(288,'7406171027571','CALYPSO KERATINA ESSENCES NATURALS   830ML                                                               ',NULL,16,92,2),(289,'7406171019309','CALYPSO KIDS CHICLE BOMBOM   360ml                                                                     ',NULL,16,92,2),(292,'7406171009614','CALYPSO RIZOS MANEJABLES   830ML                                                                         ',NULL,16,92,2),(294,'742100163444','CAMPOFRESCO FRIJOLES ROJOS VOLTEADOS DE 227G                                                        ',NULL,26,324,9),(296,'7421001641864','CAMPOFRESCO SALSITA DE TOMATE RANCHERA CON SABOR A POLLO DE 106G                                    ',NULL,26,324,9),(297,'7421001640225','CAMPOFRESCO SALSITA DE TOMATE RANCHERA DE 106G                                                      ',NULL,26,324,9),(298,'753079000708','GALLETA CAN CAN EXTRA     12 UNIDADES                                                                                  ',NULL,34,305,9),(299,'753079004997','GALLETAS CAN CAN VAINILLA  12 UNIDADES                                                                                  ',NULL,34,305,9),(303,'7411000216163','CANELA MOLIDA 3G                                                                                    ',NULL,37,174,6),(304,'SC46','CANELA RAJA GRANDE                                                                                  ',NULL,25,53,8),(305,'SC45','CANELA RAJA MEDIANO                                                                                 ',NULL,25,53,8),(306,'753081044943','CANELOON INA                                                                                        ',NULL,27,221,7),(308,'SC33','CARNE DE SOYA                                                                                       ',NULL,53,53,7),(322,'1291306859024','CARRO DE CARS CON BOLITAS DE CUERDA                                                                                    ',NULL,24,326,10),(323,'6920545819230','CARRO DE CARS                                                                                       ',NULL,24,326,10),(325,'C106','CARRO DE POLICIA                                                                                    ',NULL,24,326,10),(326,'SC96','CARRO PLAYDAY  DE TOYS                                                                                       ',NULL,24,326,10),(327,'9123456785985','CARRO DEPORTIVO VICTORY FAST SPEED                                                                                  ',NULL,24,326,10),(328,'7708310162434','CARRO DEPORTIVO  GRANDE                                                                                   ',NULL,24,326,10),(331,'SC211','SET CARROS DEPORTIVOS LIGHTNING 4 PCS                                                                                    ',NULL,24,369,11),(340,'6953214875213','CARRO SPEED RACER PEQUEÑO                                                                                       ',NULL,24,326,10),(341,'6932256669813','CARRO 55 RACING                                                                                  ',NULL,24,326,10),(347,'6922012022112','CARRO RACER SUPER CAR GRANDE                                                                            ',NULL,24,326,10),(348,'4975887800776','CARRO SUPER CAR HIGT-POWER GRANDE                                                                             ',NULL,24,53,10),(349,'6923450656181','CARRO TAXI                                                                                          ',NULL,24,326,10),(351,'SC94','CARRO TRANSFORMER                                                                                   ',NULL,24,53,10),(360,'7411601000178','CEBADA EL TESORO 340 GR                                                                             ',NULL,35,215,7),(361,'39','CEBOLLAS                                                                                            ',NULL,44,53,6),(363,'748757002402','CENTAVITOS DE 13G                                                                                   ',NULL,36,562,13),(364,'748757002426','CENTAVITOS CON PIQUETE 13G                                                                  ',NULL,36,562,13),(365,'7421001651337','CENTELLA JABON FRESCURA FLORAL                                                                      ',NULL,11,84,1),(367,'7421001013135','CENTELLA VERDE LIMPIEZA PROFUNDA                                                                    ',NULL,11,84,1),(368,'099176316817','CEPILLO COLGATE PREMIER CLEAN                                                                             ',NULL,2,142,6),(369,'SC7','CEPILLO DE MADERA                                                                                   ',NULL,5,53,6),(371,'6942500012197','CEPILLO PLASTICO PARA ROPA                                                                               ',NULL,3,53,6),(374,'7502233116228','CEREAL GOLDEN FOODS HOJUELAS DE MAIZ 200 GR                                                                ',NULL,19,588,8),(375,'7502233116259','CEREAL GOLDEN FOODS CHOCOLATE  200 GR                                                               ',NULL,19,588,8),(376,'7502233116242','CEREAL GOLDEN FOODS ARITOS DE FRUTAS                                                                    ',NULL,19,588,8),(377,'7412904000315','CEREAL IRA 26 CHOCO MONKIS 180 GR                                                                   ',NULL,19,258,8),(378,'7412904000285','CEREAL IRA 26 FLEIKOS 220 G                                                                 ',NULL,19,258,8),(386,'7501006558920','CHAMPIÑONES DEL MONTE 380G                                                                          ',NULL,38,182,6),(388,'7506306232969','CHAMPOO TRESEMME DE 400ML KERATIN  SMOOTH                                                                  ',NULL,16,95,11),(389,'753081043762','CHAO MEN DRAGON                                                                                     ',NULL,27,225,7),(390,'7412500314809','CHAO MEN PARMESANA                                                                                  ',NULL,27,234,7),(395,'SC24','CHICHARRA  BOLSA                                                                                      ',NULL,36,53,7),(396,'748757000460','CHICHARRONES 47G                                                                                    ',NULL,36,562,13),(397,'748757002914','CHICHARRONES 12G  DIANA                                                                                     ',NULL,36,562,13),(399,'7401004552183','CHICHARRON TOLEDO 460G                                                                                 ',NULL,42,583,15),(400,'7412200700308','CHICLE BOMBA CANELA  36 UNIDADES                                                                                ',NULL,34,307,9),(403,'7412200700438','CHICLE BOMBA MENTA  36 UNIDADES                                                                                ',NULL,34,307,9),(404,'7412200700827','CHICLE BOMBA UVA  36 UNIDADES                                                                               ',NULL,34,307,9),(407,'SC14','CHILE FRUTERO BOLSA GRA                                                                             ',NULL,26,188,6),(408,'SC13','CHILE FRUTERO BOLSA PEQ                                                                             ',NULL,26,188,6),(409,'SC18','CHILE FRUTERO BOTE                                                                                   ',NULL,26,188,6),(410,'SC15','CHILE GROSERO                                                                                    ',NULL,26,191,6),(411,'SC48','CHILE GUACO                                                                                         ',NULL,25,53,8),(413,'738777020036','CHILE JALAPEÑO B&B SEMI PICANTE 180G                                                                ',NULL,38,176,6),(414,'7411000227053','CHILE JALISCO 148ML                                                                                 ',NULL,26,192,6),(415,'7411000227107','CHILE JALISCO 296ML                                                                                 ',NULL,26,192,6),(416,'7411000227022','CHILE JALISCO 60ML                                                                                  ',NULL,26,192,6),(417,'738777240045','CHILE MACHO GRANDE 525G                                                                                ',NULL,26,194,6),(418,'738777240021','CHILE MACHOS PEQUEÑO  92ML                                                                              ',NULL,26,194,6),(420,'738777180235','CHILE PICA DIABLO PEQUEÑO  80G                                                                       ',NULL,26,193,6),(421,'SC37','CHILE VERDE                                                                                          ',NULL,44,53,6),(422,'089674070113','CHILES JALAPEÑOS MALHER MITADES 80g                                                          ',NULL,38,175,6),(423,'276','CHISPERO  SENCILLO                                                                                        ',NULL,30,53,11),(424,'6945170101239','CHISPERO PARA COCINA                                                                                ',NULL,30,441,11),(429,'756956777779','CHOCO PANDA TIRA DE 12UNIDADES                                                                      ',NULL,35,248,8),(432,'8693029202306','CHOCOLATES MY CAR',NULL,34,314,9),(433,'781347600107','CHOCOMELHER CLASICO  400G                                                                           ',NULL,1,186,8),(434,'781347600114','CHOCOMELHER CON MANI                                                                                ',NULL,1,186,8),(435,'809552087220','CHOCORISA VAINILLA                                                                                  ',NULL,34,301,9),(436,'809552087206','CHOCORISAS CHO-CHO                                                                                ',NULL,34,301,9),(439,'7401004555221','CHORIZO TOLEDO                                                                                      ',NULL,42,583,15),(441,'748757004772','CHURRITOS DE 12G                                                                                    ',NULL,36,562,13),(444,'7501199400143','CLORO MAS COLOR DE 83ML                                                                             ',NULL,8,61,1),(447,'753079100521','CLUB MAX GAMA  9 UNIDADES                                                                                    ',NULL,34,304,9),(450,'7411001800903','COCA COLA 2.5L                                                                                      ',NULL,35,579,15),(452,'745308020015','COCHE PARA NIÑO                                                                                 ',NULL,24,53,8),(453,'050000039937','COCOA NESTLE   70 SOBRES X1CAJA                                                                           ',NULL,9,254,8),(454,'024000010920','COCTEL DE FRUTAS DEL MONTE   850G                                                                       ',NULL,38,182,6),(455,'097294752630','CODITO MEDIANO  200G FAMA                                                                                 ',NULL,27,220,7),(456,'7501059235038','COFFEEMATE DE 311G                                                                       ',NULL,9,254,8),(457,'7501059243071','COFFEEMATE DE 23OZ                                                                                  ',NULL,9,254,8),(458,'7501059295872','COFFEEMATE DE 6OZ                                                                                   ',NULL,9,254,8),(460,'SC173','COLADOR                                                                                          ',NULL,30,53,10),(461,'710789608082','COLADOR GRANDE  BLANCO STRAINER                                                                                    ',NULL,30,448,11),(462,'SC171','COLADORES  3 PCS COLORES                                                                                         ',NULL,30,369,10),(463,'099176300397','COLGATE DOBLE FRESCURA  75ML                                                                           ',NULL,2,142,6),(464,'099176300120','COLGATE MAXIMA PROTECCION ANTICARIES 75ML                                                                ',NULL,2,142,6),(465,'7509546000985','COLGATE TRIPLE ACCION  75ML                                                                        ',NULL,2,142,6),(468,'7411001200574','COLONIA PARA BEBITA MILDER DE 120 ML                                                                ',NULL,2,451,11),(469,'7411001200567','COLONIA PARA BEBITO MILDER DE 120 ML                                                                ',NULL,2,451,11),(470,'SC67','CONCENTRADO DE CONEJO                                                                               ',NULL,48,53,8),(471,'781974000578','CONCENTRADO DE PERRO RUFO ADULTO DE 1LB                                                             ',NULL,48,265,8),(472,'781974000516','CONCENTRADO DE PERRO RUFO ADULTO DE 4.4LB                                                           ',NULL,48,265,8),(473,'781974000585','CONCENTRADO DE PERRO RUFO CACHORRO DE 420G                                                          ',NULL,48,265,8),(474,'606110233446','CONCENTRADO GATO CAT CHIPS                                                                          ',NULL,48,282,8),(475,'722304206963','CONCENTRADO GATY                                                                                    ',NULL,48,281,8),(476,'SC63','CONCENTRADO POLLO  INICIO                                                                                ',NULL,48,53,8),(477,'097294772638','CONCHITA FAMA 200G                                                                                  ',NULL,27,220,7),(481,'7416500010440','CONOS PARA AGUA                                                                                     ',NULL,4,173,6),(484,'7411000341339','CONSOME CONTINENTAL SABOR COSTILLA 36 UNI                                                           ',NULL,25,237,7),(485,'7411000341438','CONSOME CONTINENTAL SABOR GALLINA CRIOLLA 36 UNI                                                    ',NULL,25,237,7),(486,'7411000300572','CONSOME CONTINENTAL SABOR POLLO 60 UNI                                                              ',NULL,25,237,7),(487,'7411002518098','CONSOME DE LA FAMILIA SABOR CARNE 450G                                                              ',NULL,25,232,7),(488,'7411002518081','CONSOME DE LA FAMILIA SABOR POLLO 450G                                                              ',NULL,25,232,7),(489,'759094020349','CONSOME FAVORA 200 GRAMOS BOTE                                                                      ',NULL,25,231,7),(491,'759094021025','CONSOME FAVORA 400G BOLSA                                                                           ',NULL,25,231,7),(492,'759094020394','CONSOME FAVORA 908 GRAMOS BOTE                                                                      ',NULL,25,231,7),(493,'759094020387','CONSOME FAVORA TIRA                                                                                 ',NULL,25,231,7),(494,'7411000248652','CONSOME MACORMIC PESADO                                                                             ',NULL,25,174,7),(495,'7411000326978','CONTINENTAL CARNE 60 SOBRES                                                                         ',NULL,25,237,7),(496,'7411000300589','CONTINENTAL POLLO BOTE 180GR                                                                        ',NULL,25,237,7),(498,'6950406501967','COPAS GRANDES QIANU 6 UNIDADES                                                                                   ',NULL,29,373,10),(500,'7501008000694','CORN FLAKES 560G                                                                                   ',NULL,19,257,8),(501,'7453021104449','CORTA UÑAS GRAND                                                                                    ',NULL,2,492,11),(502,'7453021138864','CORTA UÑAS PEQUEÑO                                                                                  ',NULL,2,492,11),(503,'6958470020117','CORTINA DE BAÑO                                                                                     ',NULL,23,369,11),(504,'3585956872644','CORTINA PARA BAÑO 180CMX180CM                                                                       ',NULL,23,248,9),(505,'6958470050138','CORTINA PARA BAÑO DE 180CMX18O 2 PIEZAS                                                                    ',NULL,23,280,9),(506,'099072100534','COTIDIAN BASICO ADULTO  TALLA G 6 UNIDADES                                                          ',NULL,20,120,2),(509,'7502247333154','COTIDIAN TALLA M 10 UNIDADES                                                                        ',NULL,20,120,2),(511,'787003000700','CREMA 1/4 BOTELLA  LACTOLAC                                                                             ',NULL,42,580,15),(513,'7414902462676','CREMA BLUES CLARISSA BODY CREAM DE 480ML                                                            ',NULL,2,22,1),(518,'7414902462096','CREMA DE TORTUGA 260ML                                                                            ',NULL,2,25,1),(519,'7414902402580','CREMA FRESH GARDENS BODY LOTION 525ML                                                                ',NULL,2,24,1),(520,'7909189000302','CREMA IMARI                                                                                         ',NULL,2,495,11),(521,'787003001288','CREMA LACTOLAC 95G                                                                                   ',NULL,42,580,15),(522,'4512345678999','CREMA LAS ROSAS                                                                                ',NULL,2,27,1),(524,'088169430777','CREMA MAGGI SABOR ESPARRAGO 65G                                                                     ',NULL,25,233,7),(528,'75000950','CREMA NIVEA 20ML                                                                                    ',NULL,2,483,11),(529,'42277064','CREMA NIVEA  CREMA FACIAL ACLARADO NATURAL 50 ML                                                                                   ',NULL,2,483,11),(530,'7506295379102','PANTENE CREMA PARA PEINAR EFECTO ALISANTE 10ML',NULL,16,118,2),(531,'7411001200581','CREMA PARA BEBITA MILDER DE 125 ML                                                                  ',NULL,2,451,11),(532,'7411001200598','CREMA PARA BEBITO MILDER DE 125 ML                                                                  ',NULL,2,451,11),(534,'7501056340124','CREMA PARA EL PELO SEDAL CERAMIDAS 300 ML                                                           ',NULL,2,96,11),(535,'7501056340117','CREMA PARA EL PELO SEDAL LISO PERFECTO 300 ML                                                       ',NULL,2,96,11),(536,'7506306226333','CREMA PARA EL PELO TRESEMME BLINDAJE PLATINUM 300 ML                                                ',NULL,16,95,11),(540,'7501056325381','CREMA PONDS CREMA H CON FILTRO SOLAR 50G                                                                            ',NULL,2,499,11),(541,'7501056330255','CREMA PONDS CLARANT B3 50 GR                                                                        ',NULL,2,499,11),(542,'7501056326265','CREMA PONDS CREMA C EXTRACTO DE PEPINO 50G                                                                             ',NULL,2,499,11),(544,'7501056325442','CREMA PONDS S  NUTRITIVA 50 GR                                                                                 ',NULL,2,499,11),(545,'7414902409619','CREMA REACTIVE BIO-PANTHENOL                                                                        ',NULL,2,219,7),(546,'7414902409626','CREMA REACTIVE MACADAMIA                                                                            ',NULL,2,219,7),(547,'842015000282','CREMA REVIVA RIZOS                                                                                  ',NULL,2,218,7),(549,'7506306233249','CREMA SEDAL KERATINA CON ANTIOXIDANTES                                                                     ',NULL,2,96,11),(550,'7506306237858','SHAMPO SEDAL NEGROS LUMINOSOS 190ML                                                                        ',NULL,16,96,11),(551,'7501056340131','CREMA SEDAL RIZOS DEFINIDOS                                                                         ',NULL,2,96,11),(553,'755111180607','CREMAS SURTIDA CUETARA                                                                              ',NULL,34,292,9),(556,'t1234569573','CUADRIMOTO SPIDERMAN                                                                                ',NULL,24,326,10),(557,'088169029315','CUBITOS MAGGI                                                                                       ',NULL,25,233,7),(559,'6930925841249','CUCHARA ESCURIDORA                                                                                  ',NULL,30,369,11),(561,'7415600100334','CUCHARA PEQ SUPERPAC                                                                                ',NULL,4,153,6),(562,'7415600100433','CUCHARA SOPERA ROBERTONI                                                                            ',NULL,4,138,6),(563,'6980005006273','CUCHARON METALICO  5ONZ                                                                      ',NULL,30,450,11),(564,'6283601234522','CUCHILLO DECORADO                                                                                   ',NULL,30,369,11),(565,'7415600100877','CUCHILLO DON PEPE 25UNI                                                                             ',NULL,4,139,6),(566,'6951461500124','SET CUCHILLO GRANDE 4 PCS                                                                                ',NULL,30,429,11),(567,'SC249','CUCHILLO GRANDE                                                                                     ',NULL,30,53,11),(568,'7898518120296','CUCHILLOS PARA COCINA  HIGH QUALITY                                                                            ',NULL,30,417,11),(569,'7406305002085','DAROSA CISPITA  #180                                                                                   ',NULL,2,479,11),(570,'046509281335','DART SABILA Y PEPINO 110G                                                                               ',NULL,12,49,1),(571,'046509272265','DEORO HERBAL                                                                                        ',NULL,12,34,1),(578,'099176132684','DESINFECTANTE FABULOSO FRESCA LAVANDA DE 2L                                                         ',NULL,3,8,1),(579,'099176132592','DESINFECTANTE FABULOSO FRESCA LAVANDA DE 450ML                                                      ',NULL,3,8,1),(584,'785381007939','DESINFECTANTE MAGIA BLANCA DELICIA FLORAL DE 900ML                                                  ',NULL,14,11,1),(585,'785381008004','DESINFECTANTE MAGIA BLANCA LAVANDA FRANCESA DE 450ML                                                ',NULL,3,11,1),(586,'7415000523818','DESINFECTANTE ORIX KIWI DE 1L                                                                       ',NULL,3,13,1),(592,'7421001644063','DESINFECTNATE LIMPIOX EUCALIPTO LIMON DE 450ML                                                      ',NULL,3,6,1),(593,'012044038918','DESODORANTE OLD SPICE                                                                                      ',NULL,2,460,11),(594,'7509546045320','DESODORANTE SPEED STICK                                                                             ',NULL,2,457,11),(595,'6937526503743','DESTAPADOR                                                                                          ',NULL,30,369,11),(597,'7410030770980','DETERGENTE LIQUIDO MAXI SPLASH DE 1.5L                                                              ',NULL,3,62,1),(598,'7410030770997','DETERGENTE MAXI SPLASH DE 120ML                                                                     ',NULL,8,62,1),(600,'7406171022248','DETERGENTE SWIFT 1L                                                                                 ',NULL,3,79,1),(603,'7406171013260','DISCO TEX                                                                                      ',NULL,13,78,1),(604,'7613035088269','DISPLAY LISTO DE 40 SOBRES                                                                          ',NULL,9,252,8),(605,'7613035969360','DISPLAY LISTO DE 60 SOBRES                                                                          ',NULL,9,252,8),(607,'7613036109550','DISPLAY MUSUN DE 66 SOBRES                                                                          ',NULL,9,251,8),(608,'7406171029780','JABON DK12 VITAMINA E                                                                                     ',NULL,12,16,1),(609,'7411400800825','DON FRIJOL 227G                                                                                     ',NULL,26,323,9),(614,'721282300410','DORITOS VERDE RADIANTE                                                                              ',NULL,36,563,13),(615,'8801038515908','DORUSA   RESURADORA DOBLE HOJA                                                                                           ',NULL,2,143,6),(617,'7506306241190','DOVE CLEAR TONE AEROSOL 150ML                                                                       ',NULL,2,498,11),(623,'78931633','DOVE SESODORANTE ORIGINAL  30ML                                                                                ',NULL,2,498,11),(624,'09917600373','DOÑA BLANCA 105G                                                                                    ',NULL,11,80,1),(625,'099176003694','JABON LAVATRASTOS DOÑA BLANCA 250 G                                                                            ',NULL,13,80,1),(626,'7412200700575','DULCE CHICLIN CEREZA  100 UNIDADES                                                                             ',NULL,34,303,9),(627,'7412200703910','DULCE CHICLIN MIX  100 UNIDADES                                                                                   ',NULL,34,303,9),(628,'7412200703514','DULCE MEGA MIL                                                                                      ',NULL,34,320,9),(629,'7412200700193','DULCE MENTA GLACIAL  40 UNIDADES                                                                                ',NULL,34,310,9),(631,'7412200700483','DULCE SURTIDO DURO  40 UNIDADES                                                                                 ',NULL,34,309,9),(632,'7412200700063','DULCES SURTIDO GOGO                                                                                 ',NULL,34,318,9),(633,'6946940054335','DUO DE PACHAS PARA BEBE +LAVAPACHAS+BABERO                                                                            ',NULL,23,397,11),(637,'7506192506243','EGO ATTRACTION FRANGANCIA ESENCIAL 1000ML',NULL,2,108,2),(640,'7502247336087','ELITE 1000 HOJAS 4 ROLLOS                                                                           ',NULL,15,119,2),(641,'7502247335127','ELITE COLOR 4 ROLLOS                                                                                ',NULL,15,119,2),(642,'7806500511236','ELITE DOBLE HOJA 4 ROLLOS                                                                           ',NULL,15,119,2),(643,'7502247338135','ELITE TRIPLEX                                                                           ',NULL,15,119,6),(644,'7502247335486','ELITE DOBLE HOJA/ TWO PLY GRANDE 4 ROLLOS                                                           ',NULL,15,119,2),(645,'7502247335509','ELITE MAXIROLLO 4 ROLLOS                                                                            ',NULL,15,119,2),(647,'748757002709','ELOTITOS DE 24G                                                                                     ',NULL,36,562,13),(648,'273','EMBUDO DE ACEITE                                                                                    ',NULL,23,53,11),(649,'7411000304570','EMPANIZADOR CONTINENTAL 60G                                                                         ',NULL,25,237,7),(650,'7416502200504','ENCANTO 1000 HOJAS 4 ROLLOS                                                                         ',NULL,15,135,2),(651,'7416502201587','ENCANTO CLASICO 4 ROLLOS                                                                            ',NULL,15,135,2),(652,'7416502201730','ENCANTO EXTRA GRANDE 4 ROLLOS                                                                       ',NULL,15,135,2),(654,'842135001183','ENCANTO XTRA GRANDE 12                                                                              ',NULL,15,135,6),(656,'856023000981','EPIELLE TINTE PERMANENTE EN CREMA AZUL NEGRO',NULL,2,90,2),(657,'856023000899','EPIELLE TINTE PERMANENTE EN CREMA MARRON OSCURO',NULL,2,90,2),(661,'7401019010029','ESCOBA BARRE MAX GRANDE                                                                       ',NULL,3,566,13),(663,'753079004027','GALLETA ESCOLAR CHOCOLATE 12 UNIDADES                                                                                ',NULL,34,299,9),(664,'753079004041','GALLETA ESCOLAR DE VAINILLA  12 UNIDADES                                                                              ',NULL,34,299,9),(665,'753079004065','GALLETA ESCOLAR FRESA 12 UNIDADES                                                                           ',NULL,34,299,9),(666,'278','ESCURRIDOR DE CUBIERTOS                                                                           ',NULL,30,53,11),(668,'274','ESCURRIDO DE TRASTOS                                                                             ',NULL,23,53,11),(669,'SC16','ESENCIA PARA JARABE                                                                                 ',NULL,43,188,6),(671,'7401005492846','ESMALTE DAROSA AZUL ELECTRICO #85                                                                     ',NULL,2,479,11),(672,'7401005499241','ESMALTE DAROSA AZUL PROFUNDO #148                                                                    ',NULL,2,479,11),(674,'7401005491542','ESMALTE DAROSA CORA PLATA #67                                                                   ',NULL,2,479,11),(675,'7401005460555','ESMALTE DAROSA EART #5                                                                             ',NULL,2,479,11),(677,'7401005403309','ESMALTE DAROSA NACARDO #20                                                                         ',NULL,2,479,11),(678,'7401005495915','ESMALTE DAROSA NARANJA FLOURESENTE #117                                                             ',NULL,2,479,11),(679,'7401005491597','ESMALTE DAROSA NARANJA NEON #39                                                                      ',NULL,2,479,11),(680,'7401005496943','ESMALTE DAROSA CAFE ESTRELLA #124                                                                           ',NULL,2,479,11),(681,'7401005403057','ESMALTE DAROSA BRILLO NATURAL                                                                            ',NULL,2,479,11),(682,'7401005403095','ESMALTE DAROSA ROJO                                                                        ',NULL,2,479,11),(683,'7401005403149','ESMALTE DAROSA MORADO #9                                                                      ',NULL,2,479,11),(684,'7401005498527','ESMALTE DAROSA ANITA # 143                                                                 ',NULL,2,479,11),(686,'7401005496004','ESMALTE DAROSA VERDE FLOURESENTE #119                                                                  ',NULL,2,479,11),(689,'7401005403224','ESMLATE DAROSA ROSADO  FLOURESENTE #18                                                                      ',NULL,2,479,11),(690,'7401005403712','ESMLATE DAROSA NEGRO                                                                                ',NULL,2,479,11),(691,'6957950213643','ESPADA DE LUCES                                                                                     ',NULL,24,53,10),(692,'753081044288','ESPAGUETI ALPA                                                                                      ',NULL,27,222,7),(693,'753081044721','ESPAGUETI FAMA  PAQUETE                                                                                   ',NULL,27,220,7),(694,'097294712634','ESPAGUETI FAMA UNIDAD                                                                               ',NULL,27,220,7),(697,'6933610401988','ESPATULA LISA                                                                       ',NULL,30,450,11),(698,'6933610401797','ESPATULA MANGO DE METAL                                                                             ',NULL,30,450,11),(699,'308','ESPATULA CON MANGO DE MADERA                                                                             ',NULL,30,53,11),(700,'SC50','ESPECIA MOLIDA                                                                                      ',NULL,55,53,8),(701,'SC579','ESPECIAS SIN MOLER                                                                                  ',NULL,55,53,8),(702,'SC52','ESPECIAS SIN MOLER GRANDE                                                                           ',NULL,55,53,8),(704,'7401001614174','ESPUMIL  EXPLOSION DE FLORES 30G                                                                        ',NULL,11,71,1),(705,'7406171032360','ESPUMIL LIMPIEZA CITRICA 350G                                                                            ',NULL,11,71,1),(706,'7406171032148','ESPUMIL ULTRA LIMPIEZA  350G                                                                         ',NULL,11,71,1),(709,'2332566589483','EXTENCION 12P                                                                                       ',NULL,6,171,9),(710,'2332566589407','EXTENCION 6P                                                                                        ',NULL,6,171,9),(711,'2332566589414','EXTENCION 9FT                                                                                       ',NULL,6,171,9),(714,'099176133414','FABULOSO FRESCURA PROFUNDA DE 80ML                                                                  ',NULL,3,8,1),(719,'7415600100235','FIDEOS   TIRA ROBERTONI                                                                                           ',NULL,27,138,7),(720,'071287836347','FILTROS PARA CAFETERA  150 UNIDADES                                                                        ',NULL,30,187,6),(721,'013117017823','FIORE MANZANILLA C/A DE 8 TOALLAS                                                                   ',NULL,21,110,2),(722,'013117017830','FIORE MANZANILLA S/A DE 8TOALLKAS                                                                   ',NULL,21,110,2),(723,'013117017854','FIORE NOCHE C/A DE 8 TOALLAS                                                                        ',NULL,21,110,2),(724,'7411002591183','FLAN DE LA FAMILIA VAINILLA                                                                         ',NULL,45,232,8),(725,'852995002169','FLAN HERMEL                                                                                         ',NULL,45,244,8),(726,'SC22','FLOR DE JAMAICA                                                                                     ',NULL,35,53,7),(727,'268 ','FLORERO GRANDE                                                                                      ',NULL,5,435,11),(728,'267','FLORERO PEQUEÑO                                                                                     ',NULL,5,435,11),(730,'7404005960315','FOCO APOLO DE 15W                                                                                   ',NULL,28,171,6),(731,'7404005960308','FOCO APOLO DE 25W                                                                                   ',NULL,28,171,6),(732,'7501206720028','FOCO APOLO DE EMERGENCIA 7W                                                                         ',NULL,28,171,6),(734,'7404005963217','FOCO APOLO LED 9W                                                                                   ',NULL,28,171,6),(735,'7404005960414','FOCO APOLO LED DE 7W                                                                                ',NULL,28,171,6),(737,'SC11','FOCO PHILIPS  LED DE 60W                                                                            ',NULL,46,170,6),(739,'7702081004009','FOCO PHILIPS DE 60W                                                                                 ',NULL,28,170,6),(741,'7404005960285','FOCO SUSAN DE 15W DE COLOR                                                                          ',NULL,28,184,6),(745,'7401006210104','FOSFOROS AGUILA                                                                                     ',NULL,39,227,7),(746,'7401006210500','FOSFOROS FOGATA                                                                                     ',NULL,39,226,7),(748,'SC67','FRIJOL  BLANCO                                                                                      ',NULL,22,53,8),(749,'7406189000146','FRIJOL DEL MONTE 227G                                                                               ',NULL,26,182,9),(750,'088313590791','FRIJOL DUCAL 227G                                                                                    ',NULL,26,189,9),(752,'377','FRIJOL NEGRO                                                                                        ',NULL,22,53,8),(753,'7410030501256','FRIJOL ROJO VOLTEADO LA CHULA 1000 G                                                                ',NULL,26,322,9),(754,'SC66','FRIJOL SEDA                                                                                         ',NULL,22,53,8),(755,'SC60','FRIJOL TINTO                                                                                        ',NULL,22,53,8),(756,'7411000345061','FRIJOLES NATURAS 227 GR                                                                             ',NULL,26,241,7),(758,'7401000705446','FRIJOLES VOLTEADOS DEL MONTE  6.5 LB                                                                ',NULL,26,182,9),(767,'7414902464472','FRUTALIA MANZANILLA DE 24 OZ                                                                        ',NULL,16,104,2),(768,'7414902463253','FRUTALIA PEACH 720ML                                                                      ',NULL,16,104,2),(769,'7414902463277','FRUTALIA SAPUYULO DE 720ML                                                                  ',NULL,16,104,2),(773,'7401001581728','FRUVITA SIX PACK                                                                                    ',NULL,35,531,9),(774,'7413400513156','GALLETA  VITA LIDO  10 UNIDADES                                                                                ',NULL,34,296,9),(775,'756956121008','GALLETA BEST  CON MANI 28G                                                                                    ',NULL,34,248,9),(776,'756956121039','GALLETA BEST CON CREMA DE MANI TIRA                                                                  ',NULL,34,248,9),(778,'7441029504637','GALLETA CANAPINAS BIMBO                                                                             ',NULL,34,560,13),(779,'7441163401939','GALLETA CHIKY                                                                                       ',NULL,34,294,9),(784,'802083001017','GALLETA CREMOSA 10 UNIDADES                                                                         ',NULL,34,296,9),(785,'802083001109','GALLETA LIDO SUPER CREMOSA  10 UNIDADES                                                                        ',NULL,34,296,9),(786,'7413400501085','GALLETA LIDO TOSTARICA                                                                              ',NULL,34,296,9),(787,'7413400501078','GALLETA LIDO ZOOLOGICA                                                                              ',NULL,34,296,9),(789,'7413400502068','SUSPIROS LIDO',NULL,34,296,9),(790,'809552020067','GALLETA VAI VAI SURTIDA                                                                          ',NULL,34,297,9),(791,'809552089316','GALLETAS SALADAS COCKTAIL EXTRA                                                                     ',NULL,34,300,9),(794,'6903269080094','GANCHO PARA  COLGAR ROPA PLASTICO                                                                   ',NULL,23,369,11),(795,'SC227','GANCHO PARA ROPA                                                                                    ',NULL,23,396,11),(797,'6002521075837','GANCHOS CHUCHITOS PARA ROPA  PLASTICOS                                                                       ',NULL,23,410,11),(798,'7410031393652','GARBANZOS CALVO 567G                                                                                ',NULL,38,180,6),(799,'731809002581','GASEOSA CASCADA STRAW BERRY  1.25 LT                                                                   ',NULL,35,570,15),(800,'7401005912016','GASEOSA PEPSI  1.5                                                                                  ',NULL,35,574,15),(801,'036731393692','GATORADE  DE NARANJA 600ML                                                                                ',NULL,35,569,15),(806,'7506192505376','GEL EGO POWER DE 1000ML',NULL,2,108,2),(808,'7506192505383','GEL EGO POWER DE 500ML MAXIMA FIJACIÓN',NULL,2,108,2),(810,'7506192505000','GEL EGO URBAN DE 1000ML',NULL,2,108,2),(811,'7506192505055','GEL EGO URBAN DE 200ML',NULL,2,108,2),(812,'7506192506236','GEL EGO URBAN DE 500ML',NULL,2,108,2),(813,'769427006377','GEL GUD DE 567G FIJADO EXTREMO',NULL,2,113,2),(814,'840731000142','GEL REACTIVA BLUES DE 1124ML',NULL,2,109,2),(815,'842015000398','GEL REVIVA CITRUS DE 485G                                                                           ',NULL,2,218,7),(816,'842015000367','GEL REVIVA COOL DE 485G                                                                             ',NULL,2,26,7),(817,'842015000404','GEL REVIVA FIRE DE 485G                                                                             ',NULL,2,218,7),(821,'7411002599028','GELATINA DE LA FAMILIA CHICLE                                                                       ',NULL,45,232,8),(822,'7411002599615','GELATINA DE LA FAMILIA FRESA                                                                        ',NULL,45,232,8),(824,'7411002599110','GELATINA DE LA FAMILIA UVA                                                                          ',NULL,45,232,8),(825,'852995002343','GELATINA GELLI 45G                                                                                     ',NULL,45,244,8),(826,'7401002478041','GELATINA RED                                                                                        ',NULL,34,302,9),(827,'7415003201447','GENIAL LIMPIADOR MANZANA 450 ML + PROMO',NULL,3,10,1),(829,'7453076118286','GINA  SURFS PARA HOMBRE                                                                                              ',NULL,41,538,12),(831,'393','GINA CROCS                                                                                          ',NULL,41,539,12),(832,'7453070020523','GINA NEW BLESS                                                                                      ',NULL,41,540,12),(833,'7453082718159','GINA CROS NIÑA ADAX                                                                                           ',NULL,41,534,12),(838,'7414902465110','GOTAS PARA CABELLO HAIR STUDIO 59ML                                                                                ',NULL,2,453,11),(840,'7414902406878','GOTAS PARA EL PELO HAIR STUDIO KERATIN                                                              ',NULL,2,453,11),(843,'041331038041','GOYA VINO DE COCINAR                                                                                ',NULL,32,169,6),(849,'6244522552041','GUITARRA PARA NIÑO                                                                                  ',NULL,24,53,10),(850,'8122017000048','HAIR COLOR TOVCH VARIEDAD',NULL,2,89,2),(853,'SC29','HARINA DE ARROZ                                                                                     ',NULL,18,53,7),(854,'SC30','HARINA DE PAN                                                                                       ',NULL,18,53,7),(855,'7500435019828','HEAD CHOULDERS 375 ML SUAVE Y MANEJABLE                                                             ',NULL,16,94,2),(859,'7590002008898','HEAD SHOULDERS LIMPIEZA RENOVADORA 10ML',NULL,16,94,2),(860,'7500435019873','HEAD Y SHOULDERS MANZANA FRESH 180 ML                                                               ',NULL,16,94,2),(865,'7506195148679','HEAD&SHOULDERS SUAVE Y MANEJABLE DE 90ML                                                            ',NULL,16,94,2),(870,'256','HERMETICO GRANDE CON TAPADERA                                                                                  ',NULL,23,420,11),(871,'283','HERMETICO PLASTI EXPORT 30-290                                                                                       ',NULL,23,53,11),(872,'277','HERMETICO FLORAL 4 PIESAS                                                                           ',NULL,23,53,11),(873,'6954582810318','HERMETICO PARA COMIDA                                                                               ',NULL,30,53,11),(876,'286','HERMETICOS PLASTI EXPORT   20-290                                                               ',NULL,23,53,11),(878,'SC21','HORCHATA DE MANI                                                                                    ',NULL,35,53,7),(879,'7411601000161','HORCHATA EL TESORO 340 GR                                                                           ',NULL,35,215,7),(880,'7411601000024','HORCHATA EN PASTA EL TESORO 1 LB                                                                    ',NULL,35,215,7),(882,'863387101016','HUATAL AAA BAERIAS                                                                                  ',NULL,46,159,6),(884,'432','HUEVO GRANDE                                                                                        ',NULL,58,567,13),(885,'433','HUEVO MEDIANO                                                                                       ',NULL,58,567,13),(886,'8699462604851','HUEVO SORPRESA                                                                                      ',NULL,34,369,13),(888,'7441008141457','HUGGIES ACTIVE SEC TALLA XG                                                                         ',NULL,20,124,2),(889,'7441008111603','HUGGIES CLASIC  REGULAR G3                                                                          ',NULL,20,124,2),(890,'7441008130420','HUGGIES CLASIC JUMBO  50 UNIDADES TALLA M2                                                                     ',NULL,20,124,2),(891,'7441008130444','HUGGIES CLASIC JUMBO 50 UNIDADES TALLA XG4                                                                      ',NULL,20,124,2),(897,'7702425549999','HUGGIES LIMPIEZA EFECTIVA 96 UNI                                                                    ',NULL,33,124,2),(898,'7794626922701','HUGGIES RECIEN NACIDO                                                                               ',NULL,20,124,2),(899,'SC4','ICE UNGUENTO TERAPEUTICO 8 ONZ                                                                            ',NULL,2,43,1),(901,'7406007031734','INCAPARINA  CHOCOLATE BOLSA  375G                                                                                  ',NULL,18,259,8),(903,'7406007031727','INCAPARINA FRESA 375 G BOLSA                                                                        ',NULL,18,259,8),(904,'7406007031741','INCAPARINA VAINILLA 375 G BOLSA                                                                     ',NULL,18,259,8),(912,'9006201703727','IZOPO COTTON SWABS                                                                                  ',NULL,2,59,1),(913,'7406171016162','JABON AMBAR FLORALX3                                                                                     ',NULL,11,76,1),(917,'7501051100037','JABON ASUNTOL                                                                                       ',NULL,47,20,1),(918,'046509224127','JABON ATLESS SUAVIDAD INTENSA 110G                                                                             ',NULL,12,47,1),(919,'7506195184318','JABON CAMAY CLASICO ROJO 120G                                                                       ',NULL,12,48,1),(920,'7506195184325','JABON CAMAY ROMANTIC MORADO 120G                                                                      ',NULL,12,48,1),(921,'046509281359','JABON DART ANTIBACTERIAL AVENA Y MIEL 110G                                                            ',NULL,12,49,1),(923,'046509281342','JABON DART ANTIBACTERIAL YOGURT Y FRAMBUESA  110G                                                       ',NULL,12,49,1),(924,'046509272210','JABON DEORO ANTIBACTERIAL BALANCE X3                                                                        ',NULL,12,34,1),(926,'046509272241','JABON DEORO ANTIBACTERIAL CREAM PROTEGE TU PIEL  X3                                                  ',NULL,12,34,1),(930,'7406171014724','JABON DK12 HUMECTANTE  CREMOSO ROSADO 110G                                                              ',NULL,12,16,1),(932,'7898422746759','JABON DOVE ORIGINAL 90G                                                                                  ',NULL,2,498,11),(934,'067238891190','JABON DOVE ORIGINAL SABONETE DE BELEZA BEAUTY BAR 135G                                                   ',NULL,2,498,11),(935,'7891038301800','JABON DOVE SABONETE INFANTIL BABY CREAM BAR 75G                                                     ',NULL,2,498,11),(937,'4005808538553','JABON INTIMO NIVEA CUIDADO SUAVE 250ML                                                                   ',NULL,2,483,11),(938,'7406171017565','JABON JABONCITO DE FAMILIA AROMA DE FLORES 70G                                                      ',NULL,12,16,1),(939,'7702031902959','JABON JOHNSON  PIEL DELICADA 75G                                                                               ',NULL,12,35,1),(941,'7406171011853','JABON LILAC CARICIA DE SEDA  ROSADO 165G                                                             ',NULL,12,16,1),(943,'7406171026468','JABON LIQUIDO PLUS CREAM FRESH & RELAX 500 ML                                                       ',NULL,3,16,1),(944,'7411001203308','JABON MILDER BABY TRADICIONAL                                                                       ',NULL,2,451,11),(945,'7404000318012','JABON MR DOG 80G                                                                                 ',NULL,47,21,1),(946,'046509231330','JABON OLE CREMA SUAVISANTE AZUL X3                                                                    ',NULL,12,46,1),(947,'046509231378','JABON OLE MIEL HIDRATANTE  X3                                                                       ',NULL,12,46,1),(948,'046509231354','JABON OLE ROSA HUMECTANTE SUAVISA TU PIEL   X3                                                      ',NULL,12,46,1),(949,'7415000523412','JABON ORIX FLORALX3                                                                                         ',NULL,11,13,1),(950,'7509546052328','JABON PALMOLIVE EXFOLIACION DIARIA  110G                                                                ',NULL,12,37,1),(951,'7509546052427','JABON PALMOLIVE SENSACION NUTRITIVA ROSADO 110G                                                  ',NULL,12,37,1),(953,'099176922346','JABON PROTEX AVENA  110G                                                                           ',NULL,12,50,1),(954,'7406171032209','JABON REINA X3                                                                                  ',NULL,11,77,1),(955,'046509824129','JABON SANSON X3                                                                                      ',NULL,13,66,1),(956,'74103065','JABON VINOLIA VERDE  145G                                                                               ',NULL,12,31,1),(957,'7411000384879','JABON XTRA TODOTIPO DE ROPA                                                                         ',NULL,11,88,1),(958,'7506195184363','JABON ZEST SENSACION HIDRATANTE 120G                                                                    ',NULL,12,56,1),(959,'SC231','JABONERA PARA BAÑO                                                                                  ',NULL,23,53,11),(962,'748757002600','JALAPEÑO DE 21G                                                                                 ',NULL,36,562,13),(963,'738777020036',' CHILE JALAPEÑOS B&B 180G                                                                                   ',NULL,38,176,6),(964,'7401075802033','JALEA DE PIÑA                                                                                       ',NULL,43,204,6),(966,'7401004511296','JAMON TOLEDO FAMILIAR                                                                               ',NULL,42,583,15),(967,'SC181','JARRA GRANDE                                                                                        ',NULL,29,53,10),(968,'2015120141104','JARRA PEQUEÑA                                                                                       ',NULL,29,53,10),(973,'6291023621219','JUEGO DE RAQUETAS PLANES LANDING                                                                    ',NULL,24,326,10),(974,'6987025462713','JUEGO DE SACAPUNTAS CON BORRADOR EMOJI NEW FASHION                                                                  ',NULL,56,369,11),(979,'013117040463','JUEGUITOS TALLA G 48 UNIDADES                                                                       ',NULL,20,122,2),(980,'013117029079','JUEGUITOS TALLA M 52 UNIDADES                                                                       ',NULL,20,122,2),(981,'013117040456','JUEGUITOS TALLA XG 50 UNIDADES                                                                      ',NULL,20,122,2),(982,'024000501237','JUGO DEL MONTE PERA 330ML                                                                           ',NULL,35,182,15),(983,'7411001802068','JUGO DEL VALLE 500ML MANDARINA                                                                      ',NULL,35,581,15),(985,'7411001803157','JUGO DEL VALLE MANDARINA 250ML                                                                      ',NULL,35,581,15),(1012,'7410010348130','KIMI AROMA MANZANA VERDE900ML                                                                            ',NULL,3,14,1),(1015,'734474102013','KIWI NEGRO   7OG                                                                                      ',NULL,2,30,1),(1017,'7406171033060','KLINPIAX MANZANA  CANELA 1KG                                                                                  ',NULL,13,70,1),(1018,'748757008916','KORCHIPS CON LIMON 23G                                                                       ',NULL,36,562,13),(1019,'748757008688','KORCHIPS CON QUESO 23G                                                                              ',NULL,36,562,13),(1021,'748757008909','KORCHIPS CON CHILE 23G DIANA                                                                                      ',NULL,36,562,13),(1023,'7441008156697','KOTEX DAY`S  LARGOS 50UNIDADES                                                                              ',NULL,21,114,2),(1024,'7702425631397','KOTEX DAY`S ANATOMICOS DE 15 PROTECTORES DIARION                                                    ',NULL,21,114,2),(1025,'7441008144939','KOTEX DAY`S MANZANILLA DE 15 PROTECTORES DIARION                                                    ',NULL,21,114,2),(1026,'7702425522701','KOTEX DAY`S RESPIRABLES 15 PROTECTORES DIARIOS                                                      ',NULL,21,114,2),(1027,'7441008164821','KOTEX ESENCIAL C/A DE 8 UNIDADES                                                                    ',NULL,21,114,2),(1028,'7441008157489','KOTEX ESENCIAL SIN ALAS 8 UNIDADES                                                                   ',NULL,21,114,2),(1029,'7441008155508','KOTEX ESENCIAL CON MANZANILLA  C/A DE 10UNIDADES                                                    ',NULL,21,114,2),(1030,'7441008157571','KOTEX EVOLUTION C/A DE 10UNIDADES                                                                   ',NULL,21,114,2),(1032,'SC225','LAMPARAS DE PLASTICO                                                                                        ',NULL,46,53,10),(1033,'6904563110296','LAMPARAS                                                                                            ',NULL,28,334,10),(1038,'748928002255','LAVA PLATOS TARRO MEMBERS 500G                                                                          ',NULL,13,64,1),(1040,'6912510518767','LAVAPACHAS XIBEI                                                                               ',NULL,23,419,11),(1041,'7410010348093','LAVAPLATOS  KIMI  LIMON 900G                                                                                  ',NULL,13,14,1),(1042,'099176264163','LAVAPLATOS AXION  425G                                                                                  ',NULL,13,68,1),(1043,'099176261308','LAVAPLATOS AXION DISCO                                                                              ',NULL,13,68,1),(1047,'7401001665725','LAVAPLATOS KLINPIAX  LIMON 1KG                                                                             ',NULL,13,70,1),(1049,'7421001642267','LAVAPLATOS LIMPIOX CLASICO  260G                                                                        ',NULL,13,81,1),(1051,'7421001615391','LAVAPLATOS LIMPIOX DISCO CLASICO 115G                                                       ',NULL,13,81,1),(1052,'7421001615254','LAVAPLATOS LIMPIOX DISCO LIMON 115G',NULL,13,81,1),(1056,'748928006529','LAVAPLATOS ORIX LIMON 450G                                                                               ',NULL,13,13,1),(1057,'748928005102','LAVAPLATOS ORIX 130GR                                                                               ',NULL,13,13,1),(1058,'748928005126','LAVAPLATOS ORIX 270GR                                                                               ',NULL,13,13,1),(1062,'SC72','LAZO DELGADO                                                                                             ',NULL,23,53,9),(1063,'SC83','LECHE AGRANEL LIBRA                                                                                 ',NULL,17,258,9),(1065,'7613036209663','LECHE ANCHOR ENTERA DE 350G                                                                         ',NULL,17,288,9),(1066,'7402000016495','LECHE AUSTRALIA DE 360G                                                                             ',NULL,17,285,9),(1067,'7402000016488','LECHE AUSTRALIAN 120G                                                                               ',NULL,17,285,9),(1068,'7412904000162','LECHE IRA  CREMOSA Y NUTRITIVA 26 DE 120G                                                                                ',NULL,17,258,9),(1069,'7412904000155','LECHE IRA 26 DE 26G POR 12 UNIDADES                                                                 ',NULL,17,258,9),(1070,'7412904000179','LECHE IRA 26 CREMOSA Y NUTRITIVA  DE 360G                                                                                ',NULL,17,258,9),(1073,'7412904000032','LECHE NUTRI IRA 26 DE 120G                                                                          ',NULL,17,258,9),(1074,'7412904000049','LECHE NUTRI IRA 26 DE 360G                                                                          ',NULL,17,258,9),(1075,'7412900301010','LECHE SALUD 1LT                                                                 ',NULL,42,321,15),(1076,'7412900301003','LECHE SALUD 750ML                                                                                ',NULL,42,321,15),(1079,'7501001398422','LEGIA MAGIA BLANCA CASADA DE FLORES DE 1L                                                           ',NULL,3,11,1),(1081,'7501001398439','LEGIA MAGIA CASCADA DE FLORES 1GALON                                                                          ',NULL,3,11,1),(1082,'7506195163702','LEGIA MAGIA BLANCA DE 2OOML                                                                       ',NULL,3,11,1),(1084,'7410030770744','LEGIA MAXI SOL DE 210ML X3',NULL,3,2,1),(1087,'7412200703736','LENGUETON MENTA                                                                                     ',NULL,34,291,9),(1090,'802083001116','GALLETA LIDO CASINO 9 UNIDADES                                                                                     ',NULL,34,296,9),(1091,'7406171011846','LILAC CELESTE  165G                                                                                 ',NULL,12,16,1),(1093,'7421001644568','LIMPIOX ALOE VERA 260 GRAMOS',NULL,13,81,1),(1094,'7421001642953','LIMPIOX DESINFECTANTE FLORAL DE 450ML                                                               ',NULL,3,6,1),(1095,'7421001642922','LIMPIOX DESINFECTANTE LAVANDA DE 450 ML                                                             ',NULL,3,6,1),(1096,'7421001643011','LIMPIOX DESINFECTANTE MANZANA DE 450ML                                                              ',NULL,3,6,1),(1098,'6932623210020','LINTERNA FRONTAL APOLO                                                                              ',NULL,28,171,9),(1101,'785381007960',' DESINFECTANTE MAGIA BLANCA  LAVANDA FRANCESA 900ML                                                                ',NULL,3,11,1),(1102,'785381007953','MAGIA BLANCA MANZANA VERDE 900ML                                                                    ',NULL,3,11,1),(1105,'SC59','MAICILLO                                                                                            ',NULL,52,53,8),(1106,'444','MAIZ                                                                                                ',NULL,22,53,13),(1107,'748757004796','MAIZ CHINO PICANTE DE 15G                                                                          ',NULL,36,562,13),(1108,'7410031393331','MAIZ DULCE CALVO 425G                                                                               ',NULL,38,180,6),(1111,'7707248327427','MAIZ PARA PALOMITA MANTEQUILLA                                                                              ',NULL,36,229,7),(1112,'7707248327434','MAIZ PARA PALOMITA MANTEQUILLA EXREMA                                                                               ',NULL,36,229,7),(1114,'7411000343791','MAIZENA DE BANANO DE 47G                                                                            ',NULL,18,289,9),(1115,'7411000343777','MAIZENA DE FRESA DE 47G                                                                             ',NULL,18,289,9),(1118,'7412600200118','MAIZENA LA MILPA DE SABORES LIBRA                                                                   ',NULL,18,239,7),(1119,'760203000022','MALVAVISCOS  GUANDY                                                                                   ',NULL,34,311,9),(1120,'760203000374','MALVAVISCOS ANGELITOS 335G                                                                          ',NULL,34,312,9),(1121,'748757005434','MANI CON PIQUETE DIANA                                                                              ',NULL,36,562,13),(1123,'748757005410','MANI JAPONES DE 23G                                                                                 ',NULL,36,562,13),(1124,'7413100080149','MANTECA VEGETAL ORISOL  LIBRA                                                                                       ',NULL,1,197,7),(1125,'7401001503065','MANTECA NIEVE DE 200G                                                                               ',NULL,1,238,7),(1126,'SC32','MANTECA ORISOL PESADA DE 1LB                                                                       ',NULL,1,197,7),(1127,'7411002553396','MAPLE DE LA FAMILIA                                                                                 ',NULL,43,232,8),(1128,'7401005406171','MAQ DAROSA ROSADO 35G                                                                                ',NULL,2,479,11),(1130,'7401005406218','MAQ DAROSA MORENO 35G                                                                               ',NULL,2,479,11),(1133,'7411000320921','MARGARINA MIRASOL  UNIDAD                                                                                ',NULL,1,235,7),(1134,'7411000320747','MARGARINA MIRASOL DE 5 BARRAS(/CAJA)                                                                ',NULL,1,235,7),(1135,'753079000098','MARGARITA GAMA                                                                                      ',NULL,34,304,9),(1136,'7441029504613','MARICELA PRINCIPE AZUL RELLENO DE CHOCOLATE                                                         ',NULL,34,564,13),(1138,'74001200','MARICELA SPONCH FRESA                                                                               ',NULL,34,564,13),(1139,'7501199408361','MAS COLOR CON SUAVISANTE DE 1L                                                                      ',NULL,3,74,1),(1141,'7441000701208','MASECA DE 2LB                                                                                       ',NULL,22,266,8),(1144,'380','MASETA PARA PLANTAS GRANDE                                                                          ',NULL,23,53,11),(1145,'381','MASETA PARA PLANTAS MEDIANA                                                                         ',NULL,23,53,11),(1148,'7421001651894','MAX AMARILLO FRESCURA TROPICAL                                                                      ',NULL,11,83,1),(1149,'7421001613861','MAX ANARANJADO FRESCURA INTENSA                                                                     ',NULL,11,83,1),(1150,'7421001613540','MAX AZUL                                                                                            ',NULL,11,83,1),(1151,'7421001643509','MAX BLANCO                                                                                          ',NULL,11,83,1),(1152,' 7421001651931','MAX JABON  BOLA VERDE LIMON)                                                                        ',NULL,11,83,1),(1153,'7421001652754','MAX MEGA BOLA BLANCO MAXITEL                                                                        ',NULL,11,83,1),(1155,'7421001651979','MAX ROSADO SUEÑOS FLORALES                                                                          ',NULL,11,83,1),(1156,'7421001652716','MAX SUPER MEGA BOLA FRESCURA INTENSA                                                                ',NULL,11,83,1),(1159,'7410010439340','MAXICOFFEE DE 16 SOBRES                                                                             ',NULL,9,246,8),(1160,'7410010439005','MAXICOFFEE DE 50 SOBRES                                                                             ',NULL,9,246,8),(1163,'7410030771833','MAXXI EXPUMA BLANCO  FRANGANCIA ORIGINALDE 900G                                                   ',NULL,8,57,1),(1164,'7410030771161','MAXXI EXPUMA FANTASIA ROSA DE 450 G                                                         ',NULL,8,57,1),(1165,'7410030771109','MAXXI EXPUMA FANTASIA ROSA ROSADO DE 140G                                                           ',NULL,8,57,1),(1166,'7410030771062','MAXXI EXPUMA FUSION LIMON VERDE DE 140G                                                            ',NULL,8,57,1),(1167,'7410030771413','MAXXI EXPUMA MORADO TROPICAL DE 900                                                                 ',NULL,8,57,1),(1168,'7410030771208','MAXXI EXPUMA ROSADO FANTASIA ROSAL DE 900                                                           ',NULL,8,57,1),(1169,'7410030771093','MAXXI EXPUMA TROPICAL MORADO DE 140G                                                                 ',NULL,8,57,1),(1171,'7411000200049','MAYONESA  MCCORMICK 110GR                                                                                      ',NULL,37,174,6),(1172,'7411000200162','MAYONESA MCCORMICK 430GR                                                                                      ',NULL,37,174,6),(1173,'7411000200087','MAYONESA MCCORMICK 205 ML                                                                           ',NULL,37,174,6),(1174,'7411000200476','MAYONESA PURA M/C                                                                                   ',NULL,37,174,7),(1176,'7414101000013','MEDALLON GRANDE                                                                                     ',NULL,42,584,15),(1180,'450','MENUDO DE POLLO                                                                                     ',NULL,53,584,15),(1185,'7411001203742','MILDER BABY SET TALCO+ JABON + SHAMPOO 120ML                                                                             ',NULL,16,451,11),(1186,'7411001203766','MILDER BABY SET SHAMPOO + JABON + ACEITE                                                                                ',NULL,16,451,11),(1187,'324','MILDER CREMA ANTIPAÑALITIS                                                                          ',NULL,2,451,11),(1188,'7411001201137','SHAMPOO MILDER MANZANILLA 484ML +SHAMPO TRACIONAL 220 ML                                                                                      ',NULL,16,451,1),(1189,'7411001200109','SHAMPOO MILDER 484ML TRADICIONAL +TRACIONAL 220 ML                                                                                ',NULL,16,451,11),(1191,'7441163700179','MINI GELATINA  BOTE  FRUIT JELLY                                                                            ',NULL,34,306,9),(1192,'7441163700308','MINI GELATINA BOLSA                                                                                 ',NULL,34,529,9),(1194,'8087340021508','THERMAL JUG 2 GAL                                                                                       ',NULL,23,53,11),(1195,'7411000308776','MIRASOL TARRO                                                                                       ',NULL,1,235,7),(1197,'7401005915116','MIRINDA NARANJA 3LT                                                                               ',NULL,35,572,15),(1198,'7401005904110','MIRINDA NARANJA LATA 355ML                                                                          ',NULL,35,572,15),(1201,'7501438301675','MOCO DE GORILA 10G',NULL,2,4,1),(1202,'7412600200019','MAIZENA LA MILPA SABOR NATURAL CAJITA                                                               ',NULL,17,239,9),(1203,'7414101000877','MORTADELA DEL REY                                                                                   ',NULL,42,586,15),(1204,'7411000210048','MOSTAZA 110GR  MCCORMICK                                                                             ',NULL,37,174,6),(1205,'7411000210086','MOSTAZA 210GR   MCCORMICK                                                                                    ',NULL,37,174,6),(1206,'SC40','MOSTAZA BOLSITA                                                                                     ',NULL,37,53,8),(1208,'2017112116855','MOTO CON MUÑECA                                                                                               ',NULL,24,326,10),(1209,'6140896863298','MOTOCICLETA DE POLICIA                                                                              ',NULL,24,326,10),(1210,'8699901290775','MOTOCICLETA RACING                                                                                  ',NULL,24,326,10),(1211,'7404000317015','MR DOG SHAMPOO PARA PERRO GRANDE 480ML                                                                    ',NULL,48,21,1),(1212,'7404000313840','MR GOG MEDIANO PARA PERRO 240ML                                                                           ',NULL,48,21,1),(1215,'7501058621351','MUSUN BOTE 170G                                                                                     ',NULL,9,251,8),(1216,'7501058621368','MUSUN BOTE 46G                                                                                      ',NULL,9,251,8),(1218,'7613035398702','MUSUN SOBRE DE 8GR                                                                                  ',NULL,9,251,8),(1220,'6850124520120','MUÑECA  DOS TRENZAS                                                                                            ',NULL,24,53,11),(1222,'2014071803239','SET MUÑECA FROZEN                                                                                       ',NULL,24,337,10),(1230,'748757002624','NACHOS DE 20G                                                                                       ',NULL,36,562,13),(1236,'74001194','NEGRITO BIMBO                                                                                       ',NULL,34,560,13),(1239,'7613033584619','NESTLE NIDO PROTECCION 1+ 360G                                                                      ',NULL,17,284,9),(1240,'7613032258160','NESTUM ARROZ 200 GR                                                                                 ',NULL,19,253,8),(1242,'7613032858933','NESTUM TRIGO MIEL 200 GR                                                                            ',NULL,19,253,8),(1243,'7441057265821','NEVAX EXTRAMAS 4 ROLLOS                                                                             ',NULL,15,130,2),(1246,'7613035538191','NIDO ESENCIAL    350G                                                                                   ',NULL,17,254,9),(1247,'7613036285643','NIDO FORTICRECE  380G                                                                                 ',NULL,17,284,9),(1248,'368','NIKA  DE SAPITO                                                                                            ',NULL,23,53,11),(1249,'766324303509','NUBE BLANCA 1000 HOJAS                                                                                ',NULL,15,129,2),(1252,'7501058743145','NUGGET CAFE 60ML                                                                                 ',NULL,2,19,1),(1253,'7501058743121','NUGGET NEGRO                                                                                        ',NULL,2,19,1),(1256,'7441013501017','NUTRI CORONADO SIX PACK                                                                             ',NULL,35,530,9),(1263,'046500018107','OFF ACTIVE NARANJA   170G                                                                               ',NULL,5,30,1),(1268,'8007150902774','OLITALIA OLIVO EXTRA VERGINA DI OLIVA DE 500ML                                                      ',NULL,1,168,6),(1269,'8007150901784','OLITALIA OLIVO EXTRA VERGINE DI OLIVS DE 250ML                                                      ',NULL,1,168,6),(1270,'7416800013202','OLLA CON OREJA ALINTER  #20                                                                                      ',NULL,30,274,9),(1271,'7416800013226','OLLA CON OREJA ALINTER #24                                                                                  ',NULL,30,274,9),(1275,'7413100010139','ORISOIL CLASICO 750ML BOT PET                                                                       ',NULL,1,197,6),(1279,'7413100010061','ORISOL CLASICO 1G                                                                                   ',NULL,1,197,6),(1280,'7413100005036','ORISOL CLASICO 445 PET                                                                              ',NULL,1,197,6),(1281,'7413100033053','ORISOL CLASICO BOLSA DE 750ML                                                                       ',NULL,1,197,6),(1282,'7413100080125','ORISOL CLASICO DE 175ML                                                                             ',NULL,1,197,6),(1284,'7413100084215','ORISOL CLASICO DE 443ML                                                                             ',NULL,1,197,6),(1285,'7413100080118','ORISOL CLASICO DE 75ML                                                                              ',NULL,1,197,6),(1286,'7413100005074','ORISOL LIGHT DE 443ML                                                                               ',NULL,1,197,6),(1287,'7413100084376','ORISOL LIGHT DE 750ML                                                                               ',NULL,1,197,6),(1290,'6920170014215','PACHA PARA BEBE  + LAVAPACHA + BABERO                                                                                 ',NULL,23,369,11),(1291,'748757005120','PACHANGA MIX DE 15G                                                                                ',NULL,36,562,13),(1292,'7415603400103','PAJILLA FORRADA GIGANTE                                                                             ',NULL,4,150,6),(1294,'7412700500262','PALETA DE NARANJA                                                                                   ',NULL,45,568,14),(1295,'7412700500095','PALETA BIG YOGUR                                                                                     ',NULL,45,568,14),(1296,'7412700500354','PALETA DRACULA                                                                                      ',NULL,45,568,14),(1297,'7412700500026','PALETA GLACIAL TODOS  LOS SABORES                                                                                  ',NULL,45,568,14),(1299,'7412700500378','PALETA KROK                                                                                         ',NULL,45,568,14),(1300,'7412700500224','PALETA MANGO FRESA                                                                                  ',NULL,45,568,14),(1301,'7412700500415','PALETA MANGO Y CHILE                                                                                ',NULL,45,568,14),(1302,'7412200703941','PALETA MELIS LOVE                                                                                   ',NULL,34,290,9),(1303,'7412700500194','PALETA MOROCHA                                                                                      ',NULL,45,568,14),(1304,'7412700500682','PALETA MYM                                                                                          ',NULL,45,568,14),(1305,'7412700500019','PALETA NAPOLITANA                                                                                   ',NULL,45,568,14),(1306,'7412700500132','PALETA SANDIA                                                                                       ',NULL,45,568,14),(1307,'7412700500156','PALETA SEMAFORO                                                                                     ',NULL,45,568,14),(1308,'756972000332','PALILLO PARA CHOCOBANANO   MELHER 100 UNIDADES                                                                          ',NULL,51,186,6),(1309,'SC8','PALITO DE PALETA                                                                                    ',NULL,51,53,6),(1310,'748757004840','PALITOS DE 27G DIANA                                                                                   ',NULL,36,562,13),(1311,'7509546028514','PALMOLIVE NATURALS 2 EN 1 TODO TIPO DE CABELLO 220ML',NULL,16,37,2),(1312,'7509546039848','PALMOLIVE NATURALS CONTROL CASPA CITRUS 220ML',NULL,16,37,2),(1313,'7509546028484','PALMOLIVE NATURALS ACTI-CERAMIDAS 220ML',NULL,16,37,2),(1318,'7441029556735','PAN DE CAJA BIMBO                                                                                   ',NULL,34,560,13),(1319,'7401006713308','PAN DE CAJA MONARCA                                                                                         ',NULL,34,561,13),(1321,'7441029500424','PAN TOSTADO CLASICO BIMBO                                                                                ',NULL,34,560,13),(1322,'7441005011357','PANASONIC PILAS TIPO D GRANDES                                                                              ',NULL,46,160,6),(1325,'751296152071','PANQUEQUE INSTANTANEA FLORA DE 1LB                                                                  ',NULL,18,283,9),(1326,'SC36','PAPAS                                                                                               ',NULL,44,53,6),(1328,'7406255000551','PAPEL ALUMINIO FORZA 200 PIES                                                                       ',NULL,30,149,6),(1332,'7410010559000','PAPEL HIGIENICO YES                                                                                 ',NULL,15,133,2),(1333,'SC57','PAPEL MANILA                                                                                        ',NULL,4,53,8),(1334,'7410010559093','PAPEL POLIPEL                                                                                       ',NULL,30,133,6),(1335,'842135000483','PAPEL TOALLA CARMESSI CLASICA                                                                       ',NULL,30,167,6),(1337,'7502247335226','PAPEL TOALLA ELITE MEGAROLL                                                                       ',NULL,5,119,2),(1338,'SC228','PAQ. DE PEINE FINO                                                                                  ',NULL,2,53,11),(1341,'7509546039152','PASTA COLGATE CHIQUITA  MAXIMA PROTECCION ANTICARIES 22ML                                                                    ',NULL,2,142,6),(1344,'7702626302973','PASTA DE ZAPATO NUGGUET CAFE 65G                                                                       ',NULL,2,19,1),(1345,'7415300001016','STAR WAX BLANCA 60ML',NULL,2,18,1),(1346,'753081044936','PASTA PRA LASAÑA INA                                                                                ',NULL,27,221,7),(1347,'SC8','PASTE DE ALAMBRE GRANDE                                                                             ',NULL,5,53,6),(1348,'6925496404061','PASTE DE ALMBRE PEQUEÑO                                                                             ',NULL,5,136,6),(1350,'827680135040','PASTE DE PLASTICO                                                                                   ',NULL,30,156,6),(1351,'6932456807398','PASTES DE FIBRA TOMORROW                                                                              ',NULL,3,44,1),(1352,'7415300000026','MAX ULTRA PASTILLA AROMATIZANTE P BAÑO 50G                                                                    ',NULL,3,33,1),(1353,'SC227','PEINE VARIEDAD                                                                                   ',NULL,2,53,11),(1354,'6274141163311','SET PEINE FAMILY PACK                                                                                    ',NULL,2,369,11),(1355,'6954368200012','PELADOR                                                                                             ',NULL,30,418,11),(1356,'SC165','PELOTA DE HULE PEQUEÑA                                                                                    ',NULL,24,53,10),(1357,'767396350095','PELOTA FUTBOL GRANDE                                                                                ',NULL,24,412,11),(1358,'767396350071','PELOTA SUPRA PARA FUTBOLITO                                                                         ',NULL,24,412,1),(1359,'6978012280014','PELUCHE   I LOVE YOU                                                                                    ',NULL,24,53,11),(1360,'6978012280052','PELUCHE GRANDE                                                                                      ',NULL,24,53,11),(1361,'6978012280045','PELUCHE M                                                                                           ',NULL,24,53,11),(1362,'SC27','PEPINESA PESADA                                                                                     ',NULL,37,53,7),(1363,'7406233220070','PEPPA PIG 50 UNIDADES TALLA G                                                                       ',NULL,20,127,2),(1366,'7401005908118','PEPSI LATA 473ML                                                                                    ',NULL,35,574,15),(1370,'281','PICHEL CON 4 VASOS DE COLOR                                                                            ',NULL,23,53,11),(1372,'6937052082071','PICHEL JS 1.4LT                                                                                     ',NULL,29,376,10),(1375,'270','PICHEL TRANSPARENTE MEDIANO                                                                        ',NULL,23,369,11),(1376,'748757009340','PICNIC CHOCOLATE                                                                                    ',NULL,34,298,9),(1377,'748757000606','PICNIC FRESA 12 UN                                                                                  ',NULL,34,298,9),(1378,'748757101112','PICNIC VAINILLA 12UN                                                                                ',NULL,34,298,9),(1380,'SC43','PIMIENTA GORDA                                                                                      ',NULL,52,53,8),(1381,'7411000216569','PIMIENTA NEGRA MOLIDA 2.5G                                                                          ',NULL,37,174,6),(1382,'2015120141159','PINCHO PALILLO                                                                                      ',NULL,51,141,6),(1383,'74000685','PINGUINOS MARICELA 80 GR                                                                            ',NULL,34,564,13),(1384,'7441001611933','PINITO 350 GR                                                                                       ',NULL,17,286,9),(1385,'272','PIOJIN                                                                                              ',NULL,16,53,11),(1386,'6920145625866','PISTOLA CON LUCES                                                                                   ',NULL,24,326,10),(1387,'8433760755552','PISTOLA DE AGUA GRANDE                                                                              ',NULL,24,331,10),(1388,'SC117','PISTOLA DE AGUA MEDIANA                                                                             ',NULL,24,53,10),(1389,'6333201303446','PISTOLA DE AGUA PEQUEÑA                                                                             ',NULL,24,326,10),(1392,'4592500131699','PISTOLA DE BURBUJAS TOYS                                                                               ',NULL,24,326,10),(1393,'695836740017','PIZARRA INFANTIL                                                                                    ',NULL,24,369,10),(1398,'SC38','PLATANOS                                                                                            ',NULL,44,53,6),(1399,'296','PLATO AUSTRALIA CON DECORACION VAQUITAS                                                             ',NULL,31,285,11),(1400,'7415600021363','PLATO FOM HONDO NUMERO 6                                                                            ',NULL,4,137,6),(1401,'7415600021356','PLATO FOM NUMERO 6                                                                                  ',NULL,4,137,6),(1402,'7415600022353','PLATO FOM NUMERO 7                                                                                  ',NULL,4,137,6),(1403,'7415600024357','PLATO FOM NUMERO 9                                                                                  ',NULL,4,137,6),(1404,'764246002906','PLATO HONDO N 6 TERMO FOOM                                                                          ',NULL,4,151,6),(1405,'7419900001148','PLATO MEDIA SOPA 16 OZ DIPSA                                                                        ',NULL,4,147,6),(1406,'264',' SET PLATO PARA BB                                                                                       ',NULL,23,53,11),(1407,'767396810056','PLATO PARA COMIDA DE PERRO                                                                          ',NULL,23,412,11),(1408,'6985475150013','PLATO DECORADO FLORES GRANDE                                                                              ',NULL,31,423,11),(1409,'292','PLATO PASTICO SPARTAPLAST                                                                        ',NULL,31,426,11),(1415,'764246002807','PLATO TERMO FOOM N 9                                                                                ',NULL,4,151,6),(1416,'764246002531','PLATO TERMO FOOM N7                                                                                 ',NULL,4,151,6),(1418,'290','PLATOS PARA PUPUSAS                                                                                 ',NULL,31,53,11),(1420,'7793620922656','PLENITUD TALLA G 8 UNIDADES                                                                         ',NULL,20,126,2),(1421,'7793620922649','PLENITUD TALLA M 8 UNIDADES                                                                         ',NULL,20,126,2),(1425,'451','POLLO PECHUGA                                                                                       ',NULL,53,584,15),(1426,'452','POLLO PIERNA                                                                                        ',NULL,53,584,15),(1427,'650240032424','POLVO COMPACTO ASEPXIA BEIGE MATE                                                                   ',NULL,2,463,11),(1432,'7506306226678','POLVOS COMPACTOS PONDS CLARA                                                                        ',NULL,2,499,11),(1433,'7506306226692','POLVOS COMPACTOS PONDS NATURAL 2                                                                    ',NULL,2,499,11),(1435,'7406233000214','POMPOM PLUS 50 UNIDADES TALLA M                                                                     ',NULL,20,111,2),(1436,'7406233000238','POMPOM PLUS TALLA X 50 UNIDADES                                                                     ',NULL,20,111,2),(1437,'6901424290500','PORTA LECHE  4 DEPOSITOS  TRANSPARENTE                                                                                     ',NULL,23,369,11),(1440,'07033342','PRESTOBARBA SHAVER BIC 12PIEZAS',NULL,2,101,2),(1441,'8801038568232','PRESTOBARBA DORUSA MUJER 5 UNIDADES                                                                          ',NULL,2,143,6),(1442,'7501009222729','PRESTOBARBA GILLETTE                                                                                ',NULL,2,146,6),(1443,'75010478','PRESTOBARBA PERMA SHARP                                                                             ',NULL,2,154,6),(1444,'752754001573','PRESTOBARBA ZORRIK 10 UNIDADES                                                                   ',NULL,2,144,6),(1445,'7441029515268','PRINCIPE DE LIMON BIMBO                                                                             ',NULL,34,560,13),(1447,'4005808944132','PROTECTOR SOLAR NIVEA                                                                               ',NULL,2,483,11),(1448,'7441008156741','PROTECTORES DIARIOS KOTEX LARGOS 15 UNIDADES                                                                 ',NULL,21,114,2),(1450,'099176922261','PROTEX BALANCE SALUDABLE  110G                                                                         ',NULL,12,50,1),(1451,'099176923015','JABON PROTEX COMPLETO 12  110G                                                                                ',NULL,12,50,1),(1452,'099176922247','PROTEX FRESH AZUL 11OG                                                                                 ',NULL,12,50,1),(1456,'099072090231','QUERUBIN GEL TALLA G 40 UNIDADES                                                                    ',NULL,20,128,2),(1458,'099072090217','QUERUBIN TALLA CH 40 UNIDADES                                                                       ',NULL,20,128,2),(1459,'099072090248','QUERUBIN TALLA XG 40 UNIDADES                                                                       ',NULL,20,128,2),(1462,'748757009654','QUESITOS PICANTES 17G DIANA                                                                             ',NULL,36,562,13),(1463,'434','QUESO DURO 4ONZ                                                                                     ',NULL,42,53,15),(1464,'787003016084','QUESO LACTOLAC AMARILLO 7 REBANADAS                                                                     ',NULL,42,580,15),(1465,'435','QUESO POROSO 4ONZ                                                                                   ',NULL,42,53,15),(1468,'7404000130089','RACUMIN C/RATAS 100GRS                                                                              ',NULL,5,20,1),(1470,'7501032925550','\"RAID M,ATA BICHOS 400ML                                                                             \"',NULL,10,30,1),(1471,'7501032903596','RAID MAX 460 ML DORADO 390G                                                                           ',NULL,10,30,1),(1474,'7441029555660','RAPIDITAS CLASICAS TAMAÑO M BIMBO                                                                                     ',NULL,27,560,13),(1475,'7401000707723','RAPTOR BEBIDA ENERGIZANTE   600ML                                                                        ',NULL,35,577,15),(1476,'2112345012742','RAQUETA PARA SANCUDOS                                                                               ',NULL,6,171,11),(1478,'SC102','RASTRA CON ANIMAL                                                                                   ',NULL,24,53,10),(1481,'6944128600282','RAYALLOR DE METAL                                                                               ',NULL,30,369,11),(1482,'462','RAYOVAC AAA                                                                                         ',NULL,46,161,7),(1483,'783094001015','RAYOVAC GRANDE                                                                                      ',NULL,46,161,6),(1484,'7414902409633','REACTIVE COCONUT   OIL 250ML                                                                                ',NULL,2,219,7),(1489,'842015000374','REVIVA FRESH ANARANJADA 485GR                                                                       ',NULL,2,218,7),(1490,'842015000428','REVIVA LISO EXTREMO DE 235ML                                                                        ',NULL,2,218,7),(1491,'842015000268','REVIVA MUSK DE 234ML                                                                                ',NULL,2,218,7),(1492,'842015000275','REVIVA ORIGINAL DE 234ML                                                                            ',NULL,2,218,7),(1494,'75055745','REXONA ANTIBACTERIAL  MEN FRESH DE 50G                                                                         ',NULL,2,497,11),(1495,'75047849','REXONA ANTIVACTERIAL PROTECCION WOMEN DE 50G                                                                   ',NULL,2,497,11),(1496,'7805000784027','REXONA WOMEN POWDER DRY                                                                                   ',NULL,2,497,11),(1497,'78004498','REXONA BAMBOO  WOMWEN 50G                                                                                   ',NULL,2,497,11),(1498,'75055752','REXONA WOMWN ANTIBACTERIAL FRESH',NULL,2,497,11),(1499,'079400052926','REXONA CLINICAL 48G CLASSIC                                                                         ',NULL,2,497,11),(1500,'079400110695','REXONA CLINICAL CLEAN SCENT   48G                                                                      ',NULL,2,497,11),(1501,'079400476692','REXONA CLINICAL STRESS CONTROL   48G                                                                  ',NULL,2,497,11),(1502,'75026646','REXONA WOMEN CRYSTAL 50G                                                                                    ',NULL,2,497,11),(1503,'7791293014845','REXONA MEN  XTRA COOL                                                                               ',NULL,2,497,11),(1504,'75026752','REXONA MEN QUANTUM DRY 50G                                                                          ',NULL,2,497,11),(1505,'75024956','REXONA MEN V8                                                                                       ',NULL,2,497,11),(1506,'78084117','REXONA WOMAN COTTON DRY 50G                                                                                 ',NULL,2,497,11),(1507,'75026608','REXONA  SPORTFAN MEN 50GM                                                      ',NULL,2,497,11),(1509,'78924222','REXONA BAMBOO 30ML                                                                  ',NULL,2,497,11),(1511,'75047856','REXONA ANTIBACTERIAL PROTECCION                                                            ',NULL,2,497,11),(1514,'SC5','RINSO AGRANEL                                                                                       ',NULL,8,53,1),(1515,'7411000300978','RINSO AMARILLO FLORES DE VERADO DE 500G                                                             ',NULL,8,85,1),(1516,'7411000300961','RINSO AMARILLO FLORES DE VERANO DE 140G                                                             ',NULL,8,85,1),(1517,'7411000385128','RINSO AMARILLO FLORES DEL VERANO 1KG                                                                   ',NULL,8,85,1),(1518,'7411000383537','RINSO CELESTE HORTENCIAS Y FLORES BLANCAS DE 1.5KG                                                  ',NULL,8,85,1),(1520,'7411000384978','RINSO CELESTE HORTENSIAS Y FLORES BLANCAS DE 140G                                                   ',NULL,8,85,1),(1521,'7411000383476','RINSO CELESTE HORTENSIAS Y FLORES BLANCAS DE 500G                                                   ',NULL,8,85,1),(1522,'7411000386170','RINSO MORADO JAZMIN DE LA MEDIANOCHE Y ORQUIDIAS DE 140                                             ',NULL,8,85,1),(1523,'7411000386514','RINSO MORADO JAZMIN DE LA MEDIANOCHE Y ORQUIDIAS DE 500G                                            ',NULL,8,85,1),(1524,'7411000386637','RINSO MULTIUSO DISCO                                                                                ',NULL,13,85,1),(1526,'7411000384602','RINSO ROSADO 1.5 KLG                                                                                ',NULL,8,85,1),(1527,'7411000384992','RINSO ROSADO ROSAS Y LILAS DE 140G                                                                  ',NULL,8,85,1),(1528,'7412903600240','RIO ESENCIAL 360 GR                                                                                 ',NULL,17,287,9),(1529,'7412903600134','RIO GRANDE 360 GR                                                                                   ',NULL,17,287,9),(1530,'7622210674197','RITZ CON QUESO 408G                                                                                 ',NULL,34,527,9),(1531,'7622300803889','RITZ ORIGINAL                                                                                       ',NULL,34,527,9),(1536,'766324310002','ROSAL MORADO SOFT PLUS                                                                              ',NULL,15,134,2),(1537,'766324305688','ROSAL PLUS EXTRA GRANDE 9 ROLLOS                                                                    ',NULL,15,134,6),(1539,'766324304148','ROSAL SOFT PLUS EXTRA GRANDE                                                                        ',NULL,15,134,2),(1540,'751689080035','ROSY PARIS TALCO PARA TOCADOR 120 G/4 OZ',NULL,2,107,2),(1544,'7441057213198','SABA BUENAS NOCHES C/A DE 10 TOALLAS                                                                ',NULL,21,115,2),(1545,'7441057263209','SABA CLASICA S/A DE 10 TOALLAS                                                                      ',NULL,21,115,2),(1546,'7441057211644','SABA CLASICA MANZANILLA S/A DE 8 TOALLAS                                                                       ',NULL,21,115,2),(1547,'7501019030352','SABA CONFORT MANZANILLA C/A DE 10 TOALLAS                                                           ',NULL,21,115,2),(1553,'SC51','SAL GRUESA ENVASAL X4                                                                               ',NULL,22,264,8),(1555,'7414101000846','SALCHICHA DE POLLO                                                                                  ',NULL,42,586,15),(1557,'7411000225554','SALSA DE SOYA 148ML                                                                                 ',NULL,37,174,6),(1558,'7411000225608','SALSA DE SOYA 296ML                                                                                 ',NULL,37,174,6),(1559,'088313237740','SALSA DE TOMATE DUCAL 392G                                                                          ',NULL,26,189,6),(1560,'7411000212486','SALSA DE TOMATE TIPO KETCHUP MCCORMICK                                                              ',NULL,37,174,7),(1561,'7401000705576','SALSA DEL MONTE CON QUESO 106GR                                                                     ',NULL,26,182,9),(1562,'7401000705583','SALSA DEL MONTE RANCHERA 106GR                                                                      ',NULL,26,182,9),(1564,'7411000225059','SALSA INGLESA 148ML                                                                                 ',NULL,37,174,6),(1565,'7411000225103','SALSA INGLESA 296ML                                                                                 ',NULL,37,174,6),(1567,'769470000032','SALSA KETCHUP POLLO CAMPERO  397G                                                                     ',NULL,26,190,6),(1569,'7410030501126','SALSA  RANCHERA LA CHULA 106G                                                                                 ',NULL,26,322,9),(1570,'7411000344828','SALSA NATURA CON HONGOS 106G                                                                        ',NULL,26,241,7),(1571,'7411000344842','SALSA NATURA CON QUESO 106GR                                                                        ',NULL,26,241,7),(1572,'7411000344859','SALSA NATURA RANCHERA 106GR                                                                         ',NULL,26,241,7),(1573,'SC19','SALSA NEGRA GRANDE                                                                                  ',NULL,37,188,7),(1574,'SC20','SALSA NEGRA PEQUEÑA                                                                                 ',NULL,37,188,7),(1575,'7410010260050','SALSA PARRILLERA SAZONADA                                                                           ',NULL,37,201,6),(1581,'6998758560195','SALTACUERDAS JUMP ROPE                                                                                    ',NULL,24,369,10),(1583,'731809001058','SALVA COLA VARIDAD SABORES                                                                                     ','2018-05-22 16:43:56',35,578,15),(1586,'410','SANDALIA  VARIEDAD $8.00                                                                                    ',NULL,41,53,12),(1587,'409','SANDALIA  VARIEDAD $6.00                                                                                       ',NULL,41,53,12),(1588,'411','SAPATIAS VARIEDAD DE MUJER  $8',NULL,41,53,12),(1594,'7751851006088','SAPOLIO AMBIENTADOR ARULLOS DE BEBE 360ML                                                        ',NULL,5,15,1),(1595,'7751851006071','SAPOLIO AMBIENTADOR CON ALCOHOL AROMAS DEL BOSQUE 360ML                                                                  ',NULL,5,15,1),(1597,'7751851005982','SAPOLIO AMBIENTADOR LAVANDA SILVESTRE 360ML                                                             ',NULL,5,15,1),(1598,'7751851025218','SAPOLIO AMBIENTADOR MANZANA CANELA 360ML                                                                ',NULL,5,15,1),(1601,'7751851010740','SAPOLIO LAVA BAJIA MANZANA 300ML                                                                           ',NULL,3,15,1),(1603,'7751851008211','SAPOLIO LIMPIA TODO 3785ML                                                                  ',NULL,3,15,1),(1605,'7751851559300','SAPOLIO LIMPIA VIDRIOS 650ML                                                                    ',NULL,3,15,1),(1608,'7751851014182','SAPOLIO NEUTRALIZADOR DE OLORES MASCOTAS360ML                                                            ',NULL,5,15,1),(1610,'7751851026215','SAPOLIO QUITA MANCHAS ROPA COLOR 450ML                                                                   ',NULL,8,15,1),(1613,'7751851010726','SAPOLIO ULTRA LAVAVAJILLA LIMON 300ML                                                                   ',NULL,3,15,1),(1614,'7801240148179','SARDINA MACARELA  EN SALSA DE TOMATE 425G                                                                               ',NULL,38,179,6),(1615,'6111239100035','SARDINA MADRIGAL ROJA 125G                                                                               ',NULL,38,178,6),(1616,'6111239100011','SARDINA MADRIGAL VERDE 125G                                                                              ',NULL,38,178,6),(1619,'7441002633101','SARDINA VERDE MAR GRANDE PICANTE EN SALSA DE TOMATE 425G                                                             ',NULL,38,177,6),(1622,'7441002607263','SARDINA VERDE MAR SALSA DE TOMATE 160G                                                              ',NULL,38,177,6),(1623,'8855745300043','SARTEN CONCORD 18 CM                                                                               ',NULL,30,439,11),(1624,'6956221075065','SARTEN CONCORD 20 CM                                                                                ',NULL,30,439,11),(1625,'8855745300050','SARTEN MEDIANO 22 CM                                                                                ',NULL,30,439,11),(1626,'6945212565128','SARTEN PEQUEÑO                                                                                      ',NULL,30,53,11),(1629,'7411000216675','SAZONADOR COMPLETO 6G                                                                               ',NULL,37,174,6),(1631,'7441008169314','SCOTT 1000 HOJAS 4 ROLLOS                                                                           ',NULL,15,131,2),(1632,'7441008126218','SCOTT 1000 HOJAS 6 ROLLOS                                                                           ',NULL,15,131,2),(1633,'7441008171669','SCOTT 12 ROLLOS TRIPLE CUIDADO                                                                      ',NULL,15,131,6),(1634,'7441008170938','SCOTT ESENCIAS ELEGANCE                                                                             ',NULL,15,131,2),(1636,'7441008152002','SCOTT MAXIROLLO UNIDAD                                                                              ',NULL,15,131,2),(1639,'7441008126751','SCOTT PLUS UNIDAD                                                                                   ',NULL,15,131,2),(1640,'7441008168393','SCOTT RINDEMAX 12 ROLLOS                                                                            ',NULL,15,131,1),(1641,'7441008168324','SCOTT RINDEMAX 4 ROLLOS                                                                             ',NULL,15,131,2),(1642,'7441008171652','SCOTT TRIPLE CUIDADO 4 ROLLOS                                                                          ',NULL,15,131,2),(1646,'7506306237339','SEDAL KERATINA  CON ANTIOXIDANTES DE 340ML                                                                             ',NULL,16,96,11),(1647,'7506306237315','SEDAL CERAMIDAS SHAMPOO 340ML                                                                        ',NULL,16,96,11),(1648,'7506306237254','SEDAL LISO PERFECTO 340ML                                                                                ',NULL,16,96,11),(1649,'7506306237384','SEDAL LISO PERFECTO MORADO 190 ML                                                                   ',NULL,16,96,11),(1652,'7506306237995','SHAMPOO SEDAL NEGROS LUMINOSOS 340ML                                                                        ',NULL,16,96,11),(1655,'7506306237421','SHAMPOO SEDAL RIZOS DEFINIDOS 340ML                                                                            ',NULL,16,96,11),(1658,'SC28','SEMILLA DE GIRASOL PERICO                                                                           ',NULL,52,53,7),(1659,'7406233444414','SENSATIONS PRECIOUS MOMENTS DE 14 TOALLAS                                                           ',NULL,21,121,2),(1660,'7410030200067','SERVILLETA ATLANTIC                                                                                 ',NULL,4,155,6),(1661,'7410030200005','SERVILLETA CUSCATLECA                                                                               ',NULL,4,163,6),(1662,'7410010559031','SERVILLETA FLORAL                                                                                   ',NULL,4,152,6),(1664,'7410030200210','SERVILLETA SELECTA                                                                                  ',NULL,4,164,6),(1665,'784968000486','SERVILLETERO  PLASTICO                                                                                       ',NULL,23,53,11),(1666,'SC248','SERVILLETERO DE MESA  METALICO                                                                            ',NULL,30,53,11),(1668,'2014163581519','SET BEAUTY NIÑA                                                                                     ',NULL,24,343,10),(1671,'6009697454848','SET DE BOWL PARA COMIDA 5 PCS                                                                        ',NULL,29,384,10),(1672,'SC113','SET DE COCINA PARA NIÑA  MY KITCHEN                                                    TOOLS                         ',NULL,24,340,10),(1674,'6952938303620','SET DE CUCHILLOS GINSU  6 PCS                                                                         ',NULL,30,416,11),(1675,'827680130854','SET DE CUCHILLOS CIERRA   6 PCS                                                                          ',NULL,30,279,11),(1681,'8819224028354','SET DE MUÑECAS ITS A BABY                                                                             ',NULL,24,336,10),(1682,'6945123467856','SET 2 PACHAS BABERO+LAVAPACHAS+PEPE+ISOPOS                                                                            ',NULL,23,398,11),(1683,'6945809701120','SET DE PEINES                                                                                       ',NULL,2,403,11),(1684,'795229811055','SET DE PEINES CON ESPEJO                                                                            ',NULL,2,400,11),(1687,'SC179','SET DE 2 TAZAS DE CARITA + CUCHARA                                                                                       ',NULL,29,53,10),(1688,'8992022120533','SET DE TAZAS ROSSA  12 PCS                                                                          ',NULL,29,374,10),(1689,'7450082820134','SET DE VASOS COLORES 12 ONZ                                                                                    ',NULL,29,53,10),(1690,'7453089108922','SET DE VASOS  TIPO COPA DE COLORES 3 PCS  8ONZ                                                                                     ',NULL,29,375,10),(1691,'8122017000163','SET DE VASOS COLORS 6 PCS  CON ESTAMPADO                                                                         ',NULL,29,53,10),(1695,'8992787957481','SET DE VASOS SERENADE 4 PCS                                                                         ',NULL,29,379,10),(1696,'6968505510261','SET DE VASOS TRANSPARENTES  LING MEI TE 6 PCS                                                                    ',NULL,29,372,10),(1698,'8430852595720','SET TEQUILERO 6 PCS                                                                                 ',NULL,29,53,10),(1702,'7401001507353','SHAKA LAKA                                                                                          ',NULL,35,590,9),(1703,'7411000825174','SHAMPO CAPRICHO BRILLANTE Y SEDOSO DE 850ML',NULL,16,105,2),(1704,'7411001206972','SHAMPO MILDER BABY MANZANILLA Y HIERBAS DE 484ML + SHAMPO TRACIONAL 220ML                                                                        ',NULL,16,451,11),(1709,'7411001233305','SHAMPO TRADICIONAL MILDER BABY DE 280ML  + JABON                                                           ',NULL,16,451,11),(1713,'7414902400234','SHAMPOO BABY BLUES DE 7.5 OZ                                                                        ',NULL,16,100,2),(1714,'7891010030087','SHAMPOO BABY JOHNSON 100ML CON PH BALANCEADO                                                                              ',NULL,16,35,11),(1716,'7411000825167','SHAMPOO CAPRICHO ANTI-FRIZZ DE 850ML',NULL,16,105,2),(1717,'7411001243304','SHAMPOO DE MANZANILLA MILDER BABY DE 228ML + JABON                                                         ',NULL,16,451,11),(1729,'7891010030889','SHAMPOO JOHNSON`S BABY  CON MANZANILLA 200ML                                                                           ',NULL,16,35,11),(1730,'4512345678999','SHAMPOO KB COLLECTION KIWI CON LIMON 26 0NZ                                                       ',NULL,16,43,2),(1733,'7506295378556','PANTENE PRO-V LISO EXTREMO 10ML',NULL,16,118,2),(1735,'7506295326458','PANTENE PRO-V 2 EN 1 RIZOS DEFINIDOS 10ML',NULL,16,118,2),(1737,'7501199418322','SHAMPOO PERT ACEITE DE OLIVA     650ML                                                                           ',NULL,16,97,2),(1740,'842015001005','SHAMPOO REVIVA ANTI CAIDA DE 500ML                                                                  ',NULL,16,218,7),(1743,'842015000466','SHAMPOO REVIVA CERAMIDAS DE 50OML                                                                   ',NULL,16,218,7),(1744,'842019000947','SHAMPOO REVIVA CON KERATINA DE 500ML                                                                ',NULL,16,218,7),(1745,'842015000459','SHAMPOO REVIVA HUMECTANTE 500ML                                                                     ',NULL,16,218,7),(1747,'842015000435','SHAMPOO REVIVA REPARADOR DE 500ML                                                                   ',NULL,16,218,7),(1748,'7506306233218','SHAMPOO SEDAL KERATINA CON ANTIOXIDANTE DE 200ML                                                                     ',NULL,16,96,11),(1749,'7414902464670','SHAMPOO SPIKY KIDS BLUBERRY DE 8.5OZ                                                                ',NULL,16,103,2),(1751,'7414902464663','SHAMPOO SPIKYKIDS 8.5OZ WATERMELON                                                                  ',NULL,16,103,2),(1758,'760896136213','SHINOLA NEGRA 60ML                                                                         ',NULL,2,17,1),(1759,'760896135155','SHINOLA NEGRA  90G                                                                                   ',NULL,2,17,1),(1761,'373','SILLA GRANDE MARCA NEO                                                                              ',NULL,23,422,11),(1762,'374','SILLA PARA NIÑO MULTICOLOR                                                                          ',NULL,23,53,11),(1763,'7406233000351','SILUETA NOCTURNA C/A DE 8TOALLAS                                                                    ',NULL,21,112,2),(1765,'7415300006004','SODA GAUSTICA 400G                                                                                      ',NULL,3,53,1),(1767,'809552028599','SOFT CAKE SABOR MANTEQUILLA DE 454G                                                                 ',NULL,18,525,9),(1768,'809552028612','SOFT CAKE SABOR NATURALL DE 454G                                                                    ',NULL,18,525,9),(1769,'809552028582','SOFT CAKE SABOR VAINILLA DE 454G                                                                    ',NULL,18,525,9),(1771,'6957842142211','SOLDADOS 4PCS                                                                                       ',NULL,24,329,10),(1774,'7613034947017','SOPA DE TORTILLA MAGGI 60G                                                                          ',NULL,25,233,7),(1776,'759094040002','SOPA FAVORA 30G                                                                                     ',NULL,25,231,7),(1777,'7411000345399','SOPA KNOR GALLINA CON ARROZ Y CHIPILIN                                                              ',NULL,25,236,7),(1778,'7411000345375','SOPA KNORR GALLINA CRIOLLA CON FIDEOS 54G                                                           ',NULL,25,236,7),(1779,'7411000345405','SOPA KONRR COSTILLA DE RES CON FIDEOS 55G                                                           ',NULL,25,236,7),(1781,'7404001800097','SOPA LAKY SOBRE SABOR POLLO                                                                         ',NULL,27,148,7),(1782,'7404001800073','SOPA LAKY VASO SABOR CAMARON                                                                        ',NULL,27,148,7),(1783,'7404001800028','SOPA LAKY VASO SABOR POLLO                                                                          ',NULL,27,148,7),(1784,'7404001800035','SOPA LAKY VASO SABOR RES                                                                            ',NULL,27,148,7),(1786,'7613035396203','SOPA MAGGI SABOR POLLO CON FIDEOS 57 G                                                               ',NULL,25,233,7),(1787,'7613035371354','SOPA MAGGI SABOR POLLO CON FIDEOS 28.5 G                                                              ',NULL,25,233,7),(1789,'041789002977','SOPA MARUCHAN SOBRE SABOR CAMARON                                                                   ',NULL,27,213,7),(1790,'041789002915','SOPA MARUCHAN SOBRE SABOR POLLO                                                                     ',NULL,27,213,7),(1792,'041789002922','SOPA MARUCHAN SOBRE SABOR RES                                                                       ',NULL,27,213,7),(1793,'041789001864','SOPA MARUCHAN VASO SABOR CAMARON                                                                    ',NULL,27,213,7),(1794,'041789001987','SOPA MARUCHAN VASO SABOR CAMARON PICANTE                                                            ',NULL,27,213,7),(1795,'041789001918','SOPA MARUCHAN VASO SABOR POLLO                                                                      ',NULL,27,213,7),(1796,'041789001925','SOPA MARUCHAN VASO SABOR RES                                                                        ',NULL,27,213,7),(1797,'7411000314401','SOPA CONTINENTAL SABOR A POLLO CON LETRAS                                                                       ',NULL,25,237,7),(1801,'7414902464687','SPIKI KIDS SHAMPOO GRAPE   252ML                                                                         ',NULL,16,103,2),(1803,'769427006070','SPRAY KERATINA                                                                                    ',NULL,2,452,11),(1804,'7415300001054','STAR  WAX CAFE 60ML                                                                                       ',NULL,2,18,1),(1805,'7415300001009','STAR WAX NEGRA  60ML                                                                        ',NULL,2,18,1),(1807,'7406171008457','SUAVISAMTE TERSO 6 UNIDADES                                                                         ',NULL,3,67,1),(1809,'750894640706','SUAVISSIMO LLUVIA DE VIOLETAS 80ML                                                                             ',NULL,3,69,1),(1812,'750894640102','SUAVISSIMO  FLORAL  85ML                                                            ',NULL,3,69,1),(1815,'099176231974','SUAVITEL COMPLETE BOLSA  FRESCA PRIMAVERAL 720ML',NULL,3,60,1),(1816,'099176232940','SUAVITEL COMPLETE FRESCA PRIMAVERA  DE 80ML',NULL,3,60,1),(1818,'099176232643','SUAVITEL EN BOLSA  ANOCHER 720ML                                                                            ',NULL,3,60,1),(1819,'7410030771024','SUAVIZANTE MAXXI SUAVE PETALOS DE ROSA 1.5L                                                                      ',NULL,3,73,1),(1821,'7410000010764','SUERO PLASTICO ORALDEX                                                                              ',NULL,7,200,6),(1822,'7410000114189','SUERO VIDRIO ORALITE                                                                                ',NULL,7,205,6),(1824,'7401001612231','JABON SUPER CORONA  X4                                                                                   ',NULL,11,72,1),(1827,'7412900307128','SUPER JUOO COCO PIÑA 1 GALON                                                                      ',NULL,35,589,9),(1828,'74129003018057412900301805','SUPER JUGO MANGO MELOCOTON 1 GALON                                                                  ',NULL,35,589,9),(1829,'7412900306053','SUPER JUOO NARANJA 1 GALON                                                                          ',NULL,35,589,9),(1830,'7412900306060','SUPER JUOO NARANJA 1/2 GALON                                                                        ',NULL,35,321,9),(1832,'7412200700469','SUPER PIÑATA  425 UNIDADES                                                                                      ',NULL,34,315,9),(1836,'7411000300626','SURF FUERZA FLORAL DE 900                                                                           ',NULL,8,58,1),(1837,'7411000300114','SURF MILTIUSOS 125 G                                                                                ',NULL,8,58,1),(1839,'7411000386620','SURF PERFUME DE FLORES (ROSADO)                                                                     ',NULL,11,87,1),(1840,'7412200700056','DULCE SURTIDO PIÑATA                                                                                      ',NULL,34,319,9),(1841,'7412200703507','SURTIDO PREMIUN                                                                                     ',NULL,34,316,9),(1842,'7414902465158','SYLT CARE JUNGLE KIDS CELESTE                                                                    ',NULL,16,93,2),(1843,'7414902460986','SYLT HAIR CARE KERATIN DE 400ML                                                                          ',NULL,2,32,1),(1845,'7411001203544','TALCO  MILDER ROSADO                                                                                ',NULL,2,451,11),(1849,'7411001203551','TALCO MILDER AMARILLO                                                                               ',NULL,2,451,11),(1850,'7411001200116','TALCO MILDER CELESTE                                                                                ',NULL,2,451,11),(1851,'7411001205203','TALCO PARA BEBITA MILDER DE 120 GR                                                                  ',NULL,2,451,11),(1853,'SC23','TAMARINDO LIBRA                                                                                     ',NULL,35,53,7),(1858,'7622210385116','TANG DE GUANABANA                                                                                   ',NULL,35,217,7),(1859,'7622210444110','TANG DE HORCHATA                                                                                    ',NULL,35,217,7),(1860,'7622210385024','TANG DE JAMAICA                                                                                     ',NULL,35,217,7),(1862,'7622210383860','TANG DE MANZANA                                                                                     ',NULL,35,217,7),(1863,'7622210314154','TANG DE MARACUYA                                                                                    ',NULL,35,217,7),(1864,'7622210438003','TANG DE MELON                                                                                       ',NULL,35,217,7),(1865,'7622210315045','TANG DE MORA                                                                                        ',NULL,35,217,7),(1866,'7622210385185','TANG DE TAMARINDO                                                                                   ',NULL,35,217,7),(1869,'7622210314192','TANG NARANJA                                                                                        ',NULL,35,217,7),(1870,'7622210314949','TANG SABOR PIÑA                                                                                     ',NULL,35,217,7),(1874,'6224500261158','TAZA BLANCA                                                                                         ',NULL,29,53,10),(1875,'SC182','TAZA DECORADA FRANJA DE COLOR Y FLORES                                                                                   ',NULL,29,383,10),(1876,'SC185','TAZA BLANCA CON CORAZONES                                                                           ',NULL,29,53,10),(1878,'6934567811530','TAZA BUHO                                                                                           ',NULL,29,53,10),(1879,'6928413100039','TAZA COFFE NEGRA                                                                                    ',NULL,29,53,10),(1880,'SC175','TAZA CON PUNTOS BLANCO Y AMARILLO                                                                                 ',NULL,29,53,10),(1884,'6705310348272','TAZON  MEDIADO FUERA BLANCO ADENTRO ROJO                                                                                             ',NULL,29,53,10),(1885,'6705310348296','TAZON GRANDE AFUERA BLANCO ADENTRO ROJO Y CAFE                                                                                              ',NULL,29,53,10),(1886,'6928413100015','TAZON  MORADO LILA                                                                                             ',NULL,29,53,10),(1887,'7415600100860','TENEDOR GRANDE DON PEPE                                                                             ',NULL,4,139,6),(1890,'7415600100341','TENEDOR PEQ 25 UNI                                                                                  ',NULL,4,153,6),(1893,'6923501296281','TERMO PARA CAFE VACUUM FLASK                                                                    ',NULL,30,433,11),(1894,'266','TERMO PARA CAFE LITTLE DING 0.45L                                                                   ',NULL,30,432,11),(1895,'265','TERMO PARA CAFE LITTLE DING 1.8L                                                                     ',NULL,30,432,11),(1899,'748928000503','TERROR PASTILLA DE BAÑO BOUQUET 60G                                                                      ',NULL,3,54,1),(1901,'7406171013482','TEX LAVAPLATOS  BARRA 270G',NULL,13,78,1),(1903,'6923515998171','TINTE K/B 1.00 NATURAL BLACK 40ML+40ML+40ML+20ML',NULL,2,43,2),(1904,'6923515998195','TINTE K/B 4.00 MEDIUM BROWN 40ML+40ML+40ML+20ML',NULL,2,43,2),(1905,'6923515998232','TINTE B/K 6.00 DARK BLONDE 40ML+40ML+40ML+20ML ',NULL,2,43,2),(1906,'6923515998201','TINTE K/BM 4.66 BURGUNDY  40ML+40ML+40ML+20ML',NULL,2,43,2),(1908,'7406233000115','TOALLA HUMEDA PARA BEBE FAMILY CHOICE EXTRA LARGE                                                   ',NULL,33,116,2),(1909,'7406233300000','TOALLA HUMEDA PARA BEBE POMPOM PLUS 80 TOALLITAS                                                       ',NULL,33,111,2),(1910,'013117001723','TOALLAS HUMEDAS JUEGUITOS 24 UNIDADES                                                                         ',NULL,33,122,2),(1912,'7406233000344','TOALLA SUSI C/A DE 6UNIDAD                                                                          ',NULL,21,123,2),(1914,'7702425802087','TOALLAS HUGGIES MIKY  SIMPLE CLEAN 80 UNIDADES                                                                             ',NULL,33,124,2),(1915,'7406233000092','TOALLAS HUMEDAD POMPOM CON ALOE VERA Y VITAMINA E 80 TOALLITAS                                                  ',NULL,33,111,2),(1916,'7406233000108','TOALLAS HUMEDAS PARA BEBE FRANELITAS                                                                ',NULL,33,117,2),(1919,'7441008160229','TOALLAS SCOTT MULTIUSOS                                                                             ',NULL,4,131,6),(1920,'7406233000153','SILUETA TOALLITA DESMAQUILLADORA  20 UNIDADES                                                              ',NULL,2,112,2),(1921,'7406233999990','TOALLITAS HUMEDAS KB                                                                                ',NULL,33,43,2),(1923,'748757004789','TOCINITOS DE 23G                                                                                    ',NULL,36,562,13),(1925,'36','TOMATES X3',NULL,44,53,6),(1928,'097294702635','TORNILLO PQ FAMA                                                                                     ',NULL,27,220,7),(1929,'603645000055','TORTI MASA DE 2LB                                                                                   ',NULL,22,267,8),(1931,'7401004559021','TORTITA TOLEDO                                                                                      ',NULL,42,583,15),(1932,'7401004560010','TORTITAS DE POLLO FRANKS                                                                            ',NULL,42,585,15),(1936,'289','TOSTADOR PARA TORTILLA  METAL ICO                                                                           ',NULL,30,53,11),(1938,'6901234500059','TOYS TRACTOR DE MILPA                                                                               ',NULL,24,326,10),(1940,'748757009234','TOZTECAS PIZZA DE 23G                                                                                     ',NULL,36,562,13),(1941,'6969564659564','TRACTOR PARA NIÑO                                                                                   ',NULL,24,326,10),(1944,'SC93','TREN DE THOMAS PARA NIÑO                                                                            ',NULL,24,326,10),(1956,'759094074014','TROPI-KUHL TIRA                                                                                     ',NULL,35,214,7),(1959,'7441008158158196','TUALLAS KOTEX NOCTURNA  S/A DE 8 UNIDADES                                                           ',NULL,21,114,2),(1962,'7406171020510','ULTRA KLIM  FUERZA EXTREMA 454G                                                                               ',NULL,8,16,1),(1964,'7406171016919','ULTRA KLIN FUERZA EXTREMA ROJO DE 908                                                               ',NULL,8,16,1),(1965,'7406171017640','ULTRA KLIN FUERZA INTENSA MORADO DE 908                                                             ',NULL,8,16,1),(1968,'7411000381458','UNOX MULTIUSO  340G                                                                                 ',NULL,13,86,1),(1972,'7501058752772','VANIS PARA ROPA 450 ML                                                                              ',NULL,3,65,1),(1973,'7441001307621','VANISH MULTIUSO DE 120ML                                                                            ',NULL,3,65,1),(1978,'6925874850466','VASO ACRILICO   GRANDE PLASTICO                                                                                    ',NULL,29,53,10),(1984,'SC11','VASO DECORADO PARA CAFE                                                                             ',NULL,4,53,6),(1985,'SC12','VASO DECORADO PARA JUGO                                                                             ',NULL,4,53,6),(1986,'7419900001131','VASO DIPSA #4                                                                                       ',NULL,4,147,6),(1987,'7419900001032','VASO DIPSA NUMERO 10                                                                                ',NULL,4,147,6),(1988,'7419900001018','VASO DIPSA NUMERO 6                                                                                 ',NULL,4,147,6),(1994,'SC9','VASO PEQUEÑO MANGONEADA                                                                              ',NULL,4,53,6),(1995,'SC244','VASO TIPO CANTINPLORA P                                                                             ',NULL,23,53,11),(1996,'7416500103517','VEJIGAS GRADUACION 50 UNIDADES                                                                        ',NULL,56,389,11),(1997,'7410010619025','VELAS LA  VALENCIANA Nº8                                                                            ',NULL,39,228,7),(1998,'7410010619001','VELAS LA VALENCIANA Nº4                                                                             ',NULL,39,228,7),(2000,'827680175329','VENTOSA PARA BAÑO                                                                                   ',NULL,3,279,11),(2003,'7501052475004','VINAGE BLANCO CLEMENTE  500ML                                                                         ',NULL,32,202,6),(2005,'SC17','VINAGRE TODA VARIEDAD EL BUEN SABOR 750ML                                                           ',NULL,32,195,6),(2008,'7411000383148','VINOLIA ROJO                                                                                        ',NULL,12,31,1),(2010,'4710693961095','VIVERON CRISTY                                                                                      ',NULL,23,494,11),(2011,'7702433292658','VOGUE MATE NATURAL  TRIGUEÑO 14G                                                                                ',NULL,2,475,11),(2012,'7702433292610','VOGUE MAXIMA COBERTURA  CARIBE 14G                                                                           ',NULL,2,475,11),(2013,'7702433290845','VOGUE POLVO DE ARROZ  BALLERINA 11G                                                                            ',NULL,2,475,11),(2015,'809552018262','WAFER RICH FRESA                                                                                    ',NULL,34,293,9),(2016,'809552033241','WAFER RICH SURTIDO                                                                                  ',NULL,34,293,9),(2017,'809552028520','WAFER RICH VAINILLA                                                                                 ',NULL,34,293,9),(2019,'7421001441686','WINSOR FIJADOR 4ONZ                                                                                 ',NULL,2,28,1),(2022,'7411000386736','XEDEX BRISA DE PRIMAVERA 1.5KG                                                                      ',NULL,8,58,1),(2025,'7411000382813','XEDEX MULTI ACCION  500G                                                                              ',NULL,8,58,1),(2027,'7411000382950','XEDEX PETALOS DE VIOLETA DE 1.5KG                                                                   ',NULL,8,58,1),(2029,'7411000385258','XEDEX ROJO REMOJO DE 125G                                                                           ',NULL,8,58,1),(2031,'7411000386385','XTRA ALOE VERA (BLANCO)                                                                             ',NULL,11,88,1),(2032,'7411000300404','XTRA ANTIBACTERIAL                                                                                  ',NULL,11,88,1),(2033,'7411000301708','XTRA ELININADOR DE OLORES NARANJA                                                                   ',NULL,11,88,1),(2034,'7411000386507','XTRA EXPLOCION DE FRAGANCIA ROSADO                                                                  ',NULL,11,88,1),(2035,'7411000301821','XTRA ROPA DE BEBE Y DELICADA                                                                        ',NULL,11,88,1),(2037,'7702354251550','YA REFRESCO DE FRESA                                                                                ',NULL,35,212,7),(2038,'7702354251574','YA REFRESCO DE LIMON                                                                                ',NULL,35,212,7),(2039,'7702354251567','YA REFRESCO DE NARANJA                                                                              ',NULL,35,212,7),(2040,'7401002477044','YAYO GELATINA                                                                                       ',NULL,45,317,9),(2041,'7412900308507','YOGURT BOLSITA  FRESA                                                                                   ',NULL,35,321,15),(2042,'7412900301171','YOGURT BANANO FRESA 200ML                                                                           ',NULL,35,321,15),(2043,'7412900308026','YOGURT FRESA 750ML                                                                              ',NULL,35,321,15),(2044,'7412900308958','YOGURT FRESA KIWI 750ML                                                                              ',NULL,35,321,15),(2046,'7412900308217','YOGURT FRESA BANANO 750ML                                                                           ',NULL,35,321,15),(2047,'7412900308019','YOGURT FRESA KIWI 200ML                                                                             ',NULL,35,321,15),(2048,'SC147','YOYO EMOJI                                                                                               ',NULL,24,53,10),(2050,'748757003157','YUCA  DE 20G                                                                                       ',NULL,36,562,13),(2052,'748757004611','YUCATEKAS 20G DIANA                                                                                     ',NULL,36,562,13),(2054,'089674003098','YUS DE HORCHATA                                                                                     ',NULL,35,210,7),(2055,'089674003708','YUS DE NARANJA                                                                                      ',NULL,35,210,7),(2056,'089674004132','YUS DE TAMARINDO                                                                                    ',NULL,35,210,7),(2058,'089674003951','YUS TOKI SABOR MANGO                                                                                ',NULL,35,210,7),(2059,'753079004522','GALLETA ZAFARI                                                                                              ',NULL,34,305,9),(2062,'SC35','ZANAHORIA                                                                                           ',NULL,44,53,6),(2069,'750894640676','ZIXX BLANCO                                                                                         ',NULL,11,75,1),(2070,'750894640690','ZIXX CELESTE                                                                                        ',NULL,11,75,1),(2071,'750894640959','JABON ZIXX ROSADO X3                                                                                   ',NULL,11,75,1),(2072,'750894640683','ZIXX VERDE                                                                                          ',NULL,11,75,1),(2074,'7802800701803','ZUKO DE JAMAICA                                                                                     ',NULL,35,216,7),(2077,'7802800701711','ZUKO HORCHATA                                                                                       ',NULL,35,216,7),(2083,'7802800701520','ZUKO SABOR UVA                                                                                      ',NULL,35,216,7),(2085,'7506192505413','GEL EGO FORM MEN 15ML',NULL,2,5,1),(2086,'693507135315','ENCENDEDOR BAIDE PEQUEÑO',NULL,4,7,1),(2087,'7415003201416','GENIAL LIMPIADOR LAVANDA 450 ML + PROMO',NULL,3,10,1),(2088,'041294973267','PINE_SOL709ML',NULL,3,12,1),(2089,'785381007991','DESINFECTANTE MAGIA BLANCA MANZANA VERDE 450ML',NULL,3,11,1),(2090,'7415000540143','DESINFECTANTE ORIX CANELA 1LT',NULL,3,13,1),(2091,'7751851013260','SAPOLIO AMBIENTADOR CON ALCOHOL VAINILLA FRANCESA 360ML',NULL,5,15,1),(2092,'7414902462195','BABY BODY LOTION 220ML',NULL,2,23,1),(2093,'7751851006019','SAPOLIO AMBIENTADOR FRUTA FRESCA 360ML',NULL,5,15,1),(2094,'751689060259','BARBRA MERCEL TIPO ACEITE DE TORTUGA CREMA SUAVIZANTE240G',NULL,2,29,1),(2095,'751689060273','BARBRA MERCEL VITAMINA E CREMA FACIAL 240G',NULL,2,29,1),(2096,'751689060204','BARBRA MERCEL ALOE VERA CREMA LIMPIADORA 240G',NULL,2,29,1),(2097,'74103072','JABON VINOLIA BLANCO 145G',NULL,12,31,1),(2098,'7415300006226','MAX ULTRA CERAMICAS LAVANDA 500ML',NULL,3,33,1),(2099,'7702031902935','JABON JOHNSONS HIPOALERGICO 75G',NULL,12,35,1),(2100,'7413100084284','JABON NATUREX ALOE VERA X3\r\n',NULL,12,36,1),(2101,'7413100084291','JABON NATUREX AVENA X3 ',NULL,12,36,1),(2102,'099176918103','JABON PALMOLIVE FUSION NUTRITIVA 110G',NULL,12,37,1),(2103,'7509546052366','JABON PALMOLIVE SUAVIDAD RELAJANTE 110G',NULL,12,37,1),(2104,'7509546052304','JABON PALMOLIVE SENSACION HUMECTANTE 110G',NULL,12,37,1),(2105,'7751851005968','PLANCHA FACIL  ALMIDON CON SILICONA 360ML',NULL,5,15,1),(2106,'7410031720526','TALCO KB CUIDA LA PIEL DE TU BEBE ',NULL,2,43,1),(2107,'SC','JABON LIQUIDO ANTIBACTERIAL 1 GALON',NULL,3,39,1),(2108,'SC1','JABON LIQUIDO PARA CARRO 1 GALON',NULL,3,40,1),(2109,'9555299204987','PAPEL MATA MOSCAS',NULL,5,41,1),(2110,'SC2','TALCO DERMENTOL GRANDE',NULL,2,42,1),(2111,'SC3','TALCO DERMENTOL MEDIANO',NULL,2,42,1),(2112,'6945711330142','PASTES DE FIBRA BRIGHT',NULL,3,45,1),(2113,'046509224110','JABON ALTESS CUIDADO TOTAL 110G',NULL,12,47,1),(2114,'7406171014571','JABON DK12 FRESH ENERGY',NULL,12,16,1),(2115,'7406171014564','JABON DK12 FRUTOS ROJOS Y YOGURT 110G',NULL,12,16,1),(2116,'099176918042','JABON PALMOLIVE NUTRI MILK 90G',NULL,12,37,1),(2117,'046509230418','JABON OLE CREMA SUAVIZANTE 70G',NULL,12,46,1),(2118,'752121291088','JABON JABONCITO DE FAMILIA AROMA A FLORES X3',NULL,12,16,1),(2119,'748928002057','TERROR PASTILLA DE BANO FRUTAL 60G',NULL,3,54,1),(2120,'827680237300','ISOPOS ',NULL,2,55,1),(2121,'748928000367','TERROR PASTILLA DE BANO FLORAL 60G',NULL,3,54,1),(2122,'7702010420313','PROTEX JABON LIQUIDO AVENA 221ML',NULL,3,50,1),(2123,'7421001641314','DESINFECTANTE LIMPIOX FLORAL 5L',NULL,3,6,1),(2124,'7411000386538','RINSO MORADO MEIA NOCHE Y ORQUIDEAS 1.5KG',NULL,8,85,1),(2125,'7411000314364','SURF MULTIUSOS FUERZA FLORAL 905G',NULL,8,58,1),(2126,'7415300004031','LIMPIADOR EN POLVO MAX ULTRA 300G',NULL,3,33,1),(2127,'099176006251','AZISTIN FORTA MANZANA 80ML',NULL,3,9,1),(2128,'099176133421','DESINFECTENTANTE FABULOSO ANTIBACTERIAL 80ML',NULL,3,8,1),(2129,'7410030771048','SUAVIZANTE MAXXI PRIMAVERAL 1.5L',NULL,3,73,1),(2130,'SC7','MAX ULTRA QUITA GRASA 670ML',NULL,3,33,1),(2131,'7421001653027','CENTELLA BLANCO LIMPIEZA PROFUNDA',NULL,11,84,1),(2132,'7506306233300','SHAMPO TRESEMME KERATHIN SMOOTH 10ML',NULL,16,95,2),(2133,'7501056336059','SEDAL CO-CREATIONS S.O.S CASPA 10ML',NULL,16,96,2),(2134,'7506306233195','SEDAL CO-CREATIONS KERATINA CON ANTIOXIDANTE 10ML',NULL,16,96,2),(2135,'7501199417868','SHAMPOO PERT FUSION FRUTAL ANTIOX 650ML',NULL,16,97,2),(2136,'7506306233225','SEDAL CO-CREATIONS CREMA PARA PEINAR 10ML',NULL,16,96,2),(2137,'7501056336547','SEDAL CO-CREATION SHAMPO 2 EN 1 LISO PERFECTO 10ML',NULL,16,96,2),(2138,'7501056336950','SEDAL CO-CREATION SHAMPO 2 EN 1 CERAMIDAS 10ML',NULL,16,96,2),(2139,'7414902464694','SHAMPOO SKIPI KIDS BANANA 252ML',NULL,16,98,2),(2140,'7506306233287','SHAMPOO TRESEMME EXPERT SELECTION BLINDAJE PLATINUM 10ML',NULL,16,95,2),(2141,'7501056340063','SEDAL CO-CREATION CREMA PARA PEINAR',NULL,16,96,2),(2142,'7406171010856','CALYPSO NORMAL A SECO 360ML',NULL,16,92,2),(2143,'7501199418360','SHAMPOO PERT FUERZA KERATINA 650ML',NULL,16,97,2),(2144,'6923515998188','TINTE K/B 3.00 DARK BROW 40ML+40ML+40ML',NULL,2,43,2),(2145,'7501056340261','SEDAL CO-CREATIONS CREMA PARA PEINAR RIZOS DEFINIDOS 10ML',NULL,16,96,2),(2146,'7414902400333','FRUTALIA PEACH 994ML',NULL,16,104,2),(2147,'7414902463888','FRUTALIA ACETE 944ML',NULL,16,104,2),(2148,'8433295044138','CREMA SUAVISANTE Y ACONDICIONADOR AGRADO 750ML',NULL,16,106,2),(2149,'7414902463260','FRUTALIA ALOE 720ML',NULL,16,104,2),(2150,'7414902405529','FRUTALIA NEGRO 944 ML',NULL,16,104,2),(2151,'2142325565845','KB COLLECTION BABY 32ONZ',NULL,16,43,2),(2152,'013117011197','FIORE PROCTECTORES DIARIOS 20 TOALLAS',NULL,21,110,2),(2154,'6923515998256','TINTE K/B 7.00 VEY LIGH BLONDE 40ML+40ML+40ML+20ML',NULL,2,43,2),(2155,'6923515998249','TINTE K/B 7.30 GOLDEN BLONDE 40ML+40ML+40ML+20ML',NULL,2,43,2),(2156,'6923515998270','TINTE K/B 8.65 COOPER RED 40ML+40ML+40ML+20ML',NULL,2,43,2),(2157,'7414902463383','BABY SYLT EXTRA SUAVE 510ML',NULL,16,32,2),(2158,'7506192506212','EGO ATRACTION FRAGANCIA ESSENTIAL 200ML',NULL,2,108,2),(2159,'7506192505086','EGO URBAN EXTREMA DURACION 15ML',NULL,2,108,2),(2160,'7414902400357','FRUTALIA SAPUYULO 944ML',NULL,16,104,2),(2161,'7501019006623','SABA BUENAS NOCHES 8 TOALLAS',NULL,21,115,2),(2162,'7501035910256','PALMOLIVE OPTIMS EXTRA INTENSIVO',NULL,16,37,2),(2163,'7509546068060','PALMOLIVE NATURALS ANTICERAMIDAS 10ML',NULL,16,37,2),(2164,'7702425630239','KOTEX DAYS ANATOMICOS 50 UNIDADES',NULL,21,114,2),(2165,'7441057267085','SABA CLASICA C/A 10 UNIDADES',NULL,21,115,2),(2166,'036000375084','HUGGIES TOALLITAS HUMEDAS NATURAL CARE 32 UNIDADES',NULL,33,124,2),(2167,'7406233000702','POMPOM TALLA  P 54  UNIDADES',NULL,20,111,2),(2168,'7441008141440','HUGGIES ACTIVE SEC G3',NULL,20,124,2),(2169,'013117040449','JUEGUITOS TALLA XXG 40 UNIDADES',NULL,20,122,2),(2170,'7441008153474','HUGGIES CLASSIC P1 50 UNIDADES',NULL,20,124,2),(2171,'7406233220087','PEPPA PIG TALLA XG',NULL,20,127,2),(2172,'7441008126683','SCOTT PLUS 4 ROLLOS',NULL,15,131,2),(2173,'7441008155003','SCOTT MAXIROLLO 4 ROLLOS',NULL,15,131,2),(2174,'SC10','PALILLO PARA ELOTE LOCO',NULL,51,53,6),(2175,'759364921383','CEPILLO PARA INODORO',NULL,3,140,6),(2176,'099176480518','ESTUCHE PASTA Y CEPILLO COLGATE',NULL,2,142,6),(2177,'759364921055','CEPILLO ECOPLANCHA PARA ROPA',NULL,3,145,6),(2178,'7404001800479','VASO LAKY #8',NULL,4,148,6),(2179,'7419900001049','VASO DIPSA #12',NULL,4,147,6),(2180,'SC10','PAJILLA  AGUADA X2',NULL,4,157,6),(2181,'7415602000014','PAJILLA DURA',NULL,4,158,6),(2182,'7415603400042','REMOVEDORES DE CAFE',NULL,30,150,6),(2183,'7401145500173','PALILLOS EL SOL',NULL,51,162,6),(2184,'6932229033238','PALILLOS TOOTHPICK',NULL,30,165,6),(2185,'764246000322','VASO CAMPESTRE ROSADO 7ONZ',NULL,4,166,6),(2186,'764246000339','VASO CAMPESTRE CELESTE 7ONZ',NULL,4,166,6),(2187,'7441008160229','PAPEL TOALLA SCOTT MULTI ABSORB',NULL,30,131,6),(2188,'7702081007000','FOCO PHILIPS 100W',NULL,28,170,6),(2189,'7411201015008','AZUCAR BAJA EN CALORIAS 50 SOBRES',NULL,22,172,6),(2190,'7411000230664','TE FLORES DE MANZANILLA',NULL,35,174,6),(2191,'6111239100042','SARDINA MADRIGAL AMARILLA 125G',NULL,38,178,6),(2192,'7501017004515','MAIZ DULCE LA COSTEÑA 410G',NULL,38,181,6),(2193,'7501017050741','CHILE JALAPEÑO  ENTEROS EN ESCABECHE 157G',NULL,38,181,6),(2194,'7406255001404','PAPEL ALUMINIO SANI 75 PIES',NULL,30,185,6),(2195,'SC16','PASTA DE AJO',NULL,37,195,6),(2196,'7416500002216','MACARELA EN SALSA DE TOMATE PESCA RICA 75G',NULL,38,196,6),(2197,'024000010418','COCTEL DE MELOCOTONES DEL MONTE  822G',NULL,38,182,6),(2198,'7401001503430','ACEITE BONELLA 2960 ML',NULL,1,199,6),(2199,'760573020101','BOTE DE COMINO SASSON 50G',NULL,37,183,6),(2200,'760573020279','BOTE SAL CON CEBOLLA 100G',NULL,37,183,6),(2201,'760573020286','BOTE DE SAZON COMPLETA 80G SASSON',NULL,37,183,6),(2202,'5000111041096','SALSA NEGRA LEA&PERRINS ',NULL,37,203,6),(2203,'7410010260043','SALSA DE AJO CON ALBAHACA Y CILANTRO 12ONZ',NULL,37,201,6),(2204,'7401001500897','ACEITE EL DORADO 750ML',NULL,1,198,6),(2205,'089674003739','YUS DURAZNO',NULL,35,210,7),(2206,'089674003975','YUS GUANABA',NULL,35,210,7),(2207,'089674003722','YUS DE FRESA',NULL,35,210,7),(2208,'842015000542','SHAMPOO REVIVA BEBE 500ML',NULL,16,218,7),(2209,'4525394857789','CREMA KBCREM LISO EXREMO 10 ONZ',NULL,16,43,7),(2210,'4525394857765','CREMA KBCREM RIZOS 10ONZ',NULL,16,43,7),(2211,'842015000800','GEL REVIVA TROPICAL',NULL,2,218,7),(2212,'4525394857772','CREMA KBCREM KERATINA 10 ONZ',NULL,2,43,7),(2213,'SC25','AAZUCAR EN BOLSITAS UNIPLAST',NULL,22,223,7),(2214,'7411201016005','SAL EN SOBRESITOS',NULL,22,224,7),(2215,'7410010619018','VELAS LA VALENCIANA #5',NULL,39,228,7),(2216,'7419906000008','VELADORA FAVORITA',NULL,39,230,7),(2217,'7411000345351','SOPA KNORR POLLO CON FIDEOS 55G',NULL,25,236,7),(2218,'7411000308516','CONSOME CONTINENTAL SOBRE SABOR CAMARON',NULL,25,237,7),(2219,'7411000300558','CONTINENTAL CARNE BOTE 180G',NULL,25,237,7),(2220,'7411000314395','SOPA CONTINENTAL POLLO CON FIDEOS 58G',NULL,25,237,7),(2221,'7411000314371','SOPA CONTINENTAL POLLO CON ARROZ 58G',NULL,25,237,7),(2222,'088169430586','SOPA MAGGI COLA DE RES 76G',NULL,25,233,7),(2223,'714258014770','SOPA DON JULIO TIRA SABOR POLLO TIRA',NULL,25,240,7),(2224,'SC92','MARGARINA MIRASOL BLOCK',NULL,1,197,7),(2225,'SC41','SALSA NEGRA BOLSITA',NULL,37,53,8),(2226,'SC47','MANZANILLA ',NULL,25,53,8),(2227,'SC48','ALCAPARRAS BOLSITA',NULL,25,53,8),(2228,'SC49','ALMIDON BOLSITA',NULL,5,53,8),(2229,'SC53','LINAZA BOLSITA',NULL,25,53,8),(2230,'SC54','MEMOSCADA EN GRANO',NULL,52,53,8),(2231,'SC55','OREGANO BOLSITA',NULL,25,53,8),(2232,'SC56','ACEITUNAS EN BOLSITA',NULL,25,53,8),(2233,'748928009667','AGU MANZANA 113G',NULL,35,250,8),(2234,'748928009605','AGU KIDS MELOCOTON 113G',NULL,35,250,8),(2235,'735039001116','CAFE RIKO 8G',NULL,9,245,8),(2236,'7501008000731','CORN FLAKES 150G',NULL,19,257,8),(2237,'7501008042342','CORN FLAKES 300G',NULL,19,257,8),(2238,'SC58','CONCENTRADO AGRANEL RUFFO CACHORRO',NULL,48,265,8),(2239,'SC64','CONCENTRADO POLLO FINAL',NULL,48,53,8),(2240,'SC65','CCONCENTRADO POLLO PONEDORAS',NULL,48,53,8),(2241,'7406007005315','INCAPARINA SIMPLE 450G',NULL,18,259,8),(2242,'781974000509','CONCENTRADO AGRANEL RUFFO ADULTO',NULL,48,265,8),(2243,'6935647475260','SET DE OLLAS LONG FEI',NULL,30,270,9),(2244,'1234567848325','RELOJ MICKEY',NULL,24,271,9),(2245,'1234567830194','RELOJ WINNIE ',NULL,24,272,9),(2246,'SC69','RELOJ TRANSFORMER',NULL,24,53,9),(2247,'t1234569288','ESPEJO MANZANA',NULL,29,53,9),(2248,'6940351280925','PORTA RETRATO 8X10',NULL,29,53,9),(2249,'2332566589445','EXTENCION 25P',NULL,6,171,9),(2250,'159723852455','CHALECO ANARANJADO',NULL,54,275,9),(2251,'6935898072478','SET DE COCINA DECORADO OK',NULL,30,276,9),(2252,'6934241786017','SET DE COCINA METALICO ',NULL,30,277,9),(2253,'6925885885829','SET DE COCINA OVEN GIOVES',NULL,30,278,9),(2254,'827680175251','CORTINA PARA BAÑO 1 PIEZA',NULL,23,279,9),(2255,'SC70','TRAPEADORES DE COLOR',NULL,3,53,9),(2256,'SC71','TRAPEADOR BLANCO ',NULL,3,53,9),(2257,'SC73','LAZO GRUESO',NULL,23,53,9),(2258,'SC74','ADORNO NAVIDEÑO',NULL,5,53,9),(2259,'7411000342466','MAIZENA SIMPLE 47G',NULL,18,289,9),(2260,'SC75','TOALLA PERSONAL 30X40',NULL,2,53,9),(2261,'SC76','JALEA DE FRESA',NULL,43,53,9),(2262,'SC77','AZUCAR GLAS PESADA',NULL,18,53,9),(2263,'SC79','COLOR PARA PAN ',NULL,55,53,9),(2264,'SC80','ESPECIA PREPARADA',NULL,55,53,9),(2265,'SC81','ESPECIA CONDIMENTO MOLIDO',NULL,55,53,9),(2266,'SC82','ACHOTE',NULL,55,53,9),(2267,'7412200703729','LENGUETOON SABOR UVA',NULL,34,291,9),(2268,'7412200703835','LENGUETOON SABOR FRESA',NULL,34,291,9),(2269,'7412200703743','BOLYGOMA PACE',NULL,34,295,9),(2270,'7412200700704','BOLYGOMA CEREZA',NULL,34,295,9),(2271,'SC83','GELATINA GELLI DELY',NULL,34,243,9),(2272,'756956850007','BOTONETA CON MANI 15GR',NULL,34,248,9),(2273,'7412200700582','CHICLIN MENTA 100 UNIDADES',NULL,34,303,9),(2274,'753079005017','GALLETA CAN CAN FRESA 12 UNIDADES',NULL,34,305,9),(2275,'7412200700544','CHICLE BOMBA BANANO 36 UNIDADES',NULL,34,307,9),(2276,'7412200703811','BON-BON 50 UNIDADES',NULL,34,308,9),(2277,'75051952','BUBBALOO 5.5G',NULL,34,313,9),(2278,'8693029200227','CHOCOLATE LADYBIRD',NULL,34,314,9),(2279,'8693029601994','CHOCALE MY WORD MIX',NULL,34,314,9),(2280,'8693029040199','DULCE ELVAN DR.MILK',NULL,34,314,9),(2281,'7622210416810','BUBBALOO SABOR TUTTI FRUTTI 50 UNIDADES',NULL,34,313,9),(2282,'756956930006','BOTONETA CHOCOLATE 15GR',NULL,34,248,9),(2283,'SC85','DULCE MENTA BEST 15G',NULL,34,248,9),(2284,'7406189006209','FRIJOL DEL MONTE 425G',NULL,26,182,9),(2285,'6918656530632','ANIMAL COLLECTION',NULL,24,325,10),(2286,'SC86','POLLIOTO LOVELY DE CUERDA',NULL,24,326,10),(2287,'6903284665108','CARITO DOBLE CARA SPAIDERMAN',NULL,24,326,10),(2288,'SC87','CARRITO SUPER THE WIND',NULL,24,326,10),(2289,'SC88','MOTO SUPER GO',NULL,24,326,10),(2290,'SC89','CARRITO DOBLE CARA PERRITO',NULL,24,53,10),(2291,'6903284356662','CARRITO DOBLE DE COLOR MAX',NULL,24,326,10),(2292,'6981680353140','CARRITO SUPER TRUCK',NULL,24,326,10),(2293,'6901234500127','CARRITO ULTRA MODERN KIN SPEED',NULL,24,326,10),(2294,'SC90','GRUA TRUCK',NULL,24,53,10),(2295,'6998758560126','CARRO HAPPY  FUNCAR',NULL,24,326,10),(2296,'6901234500158','CARRO BLANCO-NEGRO  ROJO-NEGRO',NULL,24,326,10),(2297,'SC99','AEROPLANO  CARS',NULL,24,326,10),(2298,'SC100','TANQUETA FUNNY',NULL,24,326,10),(2299,'SC101','MOTO MONITO',NULL,24,326,10),(2300,'6584192017038','AVION SOLDADO',NULL,24,326,10),(2301,'2013281031098','CARRO REGGAE',NULL,24,326,10),(2302,'8231234563104','CONEJITA DE CUERDA ',NULL,24,326,10),(2303,'SC104','CUBO POKEMON',NULL,24,330,10),(2304,'SC105','PELOTA VARIEDAD','2018-05-21 20:23:53',24,53,10),(2305,'SC107','HUELES PARA PULCERA',NULL,24,53,10),(2306,'SC108','TRIQUITRAKA',NULL,24,53,10),(2307,'SC109','CARRITO SPEED15 PEQUEÑO',NULL,24,53,10),(2308,'SC110','PITO DE JUGUETE',NULL,24,53,10),(2309,'5455245548780',' RASTRA SUPER POLICECAR',NULL,24,326,10),(2310,'t1234569250','ARO VOLADOR',NULL,24,53,10),(2311,'SC111','CONCRETERA HIGH POWERED',NULL,24,326,10),(2312,'6140896851837','LOCOMOTORA ',NULL,24,326,10),(2313,'SC112','SOLDADO',NULL,24,326,10),(2314,'6970229162015','CANASTA CON VEGETALES FAJIABO',NULL,24,333,10),(2315,'7569363161909','EXCAVADORA DYNAMIC',NULL,24,326,10),(2316,'5901680201945','CARRO SURMOUNT IMPETUS',NULL,24,335,10),(2317,'6923501854627','BARCO STEAMER',NULL,24,326,10),(2318,'1892756532466','CONCRETERA Y EXCAVADOR',NULL,24,326,10),(2319,'6998758560140','CARRO CON 2 APLANADORAS EXCAVADORAS',NULL,24,326,10),(2320,'6970322020717','CARRO CONCRETERO CON CABLE',NULL,24,326,10),(2321,'6900201700430','BLOCKS PEPPA',NULL,24,326,10),(2322,'6910523161093','MUÑECO IST A  BABY',NULL,24,336,10),(2323,'8819224028385','MUÑECA IST A BABY MAMELUCO',NULL,24,336,10),(2324,'6910523061164','MUÑECA ITS A BABY DORMILONA',NULL,24,336,9),(2325,'6464649042564','CARRO A CONTROL REMOTO GESCO PEQUEÑO',NULL,24,338,10),(2326,'6975406118069','CARRO A CONTROL REMOTO FAMOUS CAR',NULL,24,339,10),(2327,'6949534000220','SET MUSICAL FAIRYLAND',NULL,24,341,10),(2328,'7902171614563','MUÑECA SMART BABY',NULL,24,342,10),(2329,'6949534000015','MUSICAL MOBILE',NULL,24,53,10),(2330,'SC114','CUBO JUGUETE  DE COLORES ',NULL,24,326,10),(2331,'5123456780311','TRACTOR EXCAVADOR ',NULL,24,326,10),(2332,'6925358800918','VOLQUETA',NULL,24,326,10),(2333,'SC115','CARRO CON 1 APLANADORA CON EXCAVADOR',NULL,24,53,10),(2334,'6954871001625','CUADRIMOTO',NULL,24,326,10),(2335,'5123456780137','TRACTOR AGRIMOTOR',NULL,24,326,10),(2336,'6991206674673','CARRO PIONER MEDIANO',NULL,24,326,10),(2337,'6985218521735','JUEGO DE TENIS',NULL,24,344,10),(2338,'6937256200387','PISTOLA  CON SOLDADO',NULL,24,326,10),(2339,'6920168800554','CARRO 4 UNIDADES',NULL,24,326,10),(2340,'6112016031382','PISTOLA CON DARDOS',NULL,24,345,10),(2341,'SC116','CHINCHIN GATITO',NULL,24,326,10),(2342,'6140896800200','AVION POLICE',NULL,24,326,10),(2343,'6913018582854','CARRO SUPER98',NULL,24,326,10),(2344,'6998758560119','AVION CARTOON PLANE',NULL,24,326,10),(2345,'8699901290713','SET CARRITOS 4 UNIDADES',NULL,24,326,10),(2346,'6920145561140','CARRO TORTUGA NINJA',NULL,24,326,10),(2347,'6952445523009','CARRO RACING DORADO',NULL,24,326,10),(2348,'6900020160910','CARRO PISTON CUP ',NULL,24,326,10),(2349,'SC120','RASTRA ANIMALES OSOS Y TIGRES',NULL,24,326,10),(2350,'2014081640039','RASTRA CON 5 CARROS',NULL,24,326,10),(2351,'6923501854450','RASTRA 3 CARROS 2 MOTOS',NULL,24,326,10),(2352,'SC121','BIRCKS RUEDITAS TIPO BOCK  DE CONSTRUCCION BOLSA',NULL,24,346,10),(2353,'6954871001588','SET PISTOLAS DARDOS GUANTES',NULL,24,326,10),(2354,'SC122','CARRO SOLDADOS WARFARE',NULL,24,326,10),(2355,'SC124','RASTRA CON 2 BUSES',NULL,24,326,10),(2356,'SC125','RASTRA DE THOMAS',NULL,24,326,10),(2357,'SC126','RASTRA 2 CARROS 2 AVIONES',NULL,24,326,10),(2358,'SC127','PIPA  AMARILLA',NULL,24,326,10),(2359,'6926236800211','RASTRA CON MISIL',NULL,24,326,10),(2360,'SC128','RASTRA 2 APLANADORAS 2 GRUAS',NULL,24,326,10),(2361,'SC129','RASTRA 2 ELEFANTES 1 LEON 1 TIGRE',NULL,24,326,10),(2362,'SC130','RASTRA CON CARRO MISIL',NULL,24,326,10),(2363,'6934310400271','CAMION 4 MISILES',NULL,24,326,10),(2364,'SC131','RASTRA XRACE 2 CARROS ',NULL,24,53,10),(2365,'SC132','CAMION DE VOLTEO 30T MAX',NULL,24,326,10),(2366,'2014062714896','HAPPY TIME APRENDE A CONTAR',NULL,24,347,10),(2367,'SC134','RASTRA 1 HELICOPTERO 1 TAMQUE',NULL,24,53,10),(2368,'6917062269907','BLOCKS DREAM COUNTRY',NULL,24,346,10),(2369,'6998758560164','SET 3 MOTOS',NULL,24,326,10),(2370,'6901917714018','MANO AYUDA PARA MASAJE',NULL,2,348,10),(2371,'6922502400123','PORTA TOALLAS DE EMOJI  3 UNIDADES',NULL,5,349,10),(2372,'6998758560133','MOTO TIPO NAVE ',NULL,24,326,10),(2373,'6901234500073','SET FIRE DEPT RESCUE ',NULL,24,350,10),(2374,'6901234500165','TRANSFORME ROBOT ',NULL,24,53,10),(2375,'6901234500080','TRANSFORME ROBOTS GAME VARIANT',NULL,24,326,10),(2376,'6901234500141','SET CARROS RECOLECTORES DE BASURA 3 UNIDADES',NULL,24,351,10),(2377,'8546332556119','RASTRA CON 4 CARROS',NULL,24,326,10),(2378,'SC135','RASTRA CON 2 CUADRIMOTOS',NULL,24,326,10),(2379,'6998758560102','CARRO POLICE CON SIRENA',NULL,24,326,10),(2380,'SC136','ALFOMBRA LETRAS EVA PUZZLE MATS',NULL,24,53,10),(2381,'SC138','PIPA DE CEMENTO 28-T',NULL,24,326,10),(2382,'6998758560225','CARRO SURMOUNT GTU',NULL,24,326,10),(2383,'8620171758337','MOTO CON CICLISTA',NULL,24,352,10),(2384,'6998758560096','CARRO A CONTROL REMOTO AMARILLO FAST MODERN CAR',NULL,24,353,10),(2385,'SC139','EXCAVADORA GRANDE FORCE CENTURY-POWER',NULL,24,326,10),(2386,'6918437100092','AVION CON LUCES SKY BOMBER',NULL,24,354,10),(2387,'6901234500103','AUTO WORLD LUCES Y MUSICA ',NULL,24,326,10),(2388,'6956437810283','TRACTOR CON CARITO PARA CARGA',NULL,24,355,10),(2389,'6923501854184','HELICOPTERO CON CARRO',NULL,24,356,10),(2390,'SC140','RASTRA CON DINOSAURIO ',NULL,24,326,10),(2391,'t1234569453','PEZ CONTADOR',NULL,24,326,10),(2392,'6955802500835','HELICOPTERO DE LUCES HUNTING AVIATION',NULL,24,326,10),(2393,'6692292022880','SET CARRITOS COMPACT CAR 4 UNIDADES',NULL,24,351,10),(2394,'6933986600138','TRANSFORME WORLD DOMINATION',NULL,24,357,10),(2395,'SC142','TREN EXPRESS TRAIN',NULL,24,53,10),(2396,'SC143','MOTOCLICLETA  MOTOR CYCLE',NULL,24,53,10),(2397,'t1234568370','RELOJ ANIMALITOS DE MADERA',NULL,24,53,10),(2398,'SC145','CARRO RACING 23',NULL,24,326,10),(2399,'SC146','PISTOLA DE JUGUETE NEGRA',NULL,24,326,10),(2400,'SC148','CARTERITA PARA NIÑA PEQUEÑA',NULL,24,53,10),(2401,'6952004892899','SET DE COCINA KITCHEN TOOLS PEQUEÑO',NULL,24,369,10),(2402,'6920030011187','CARRO TODO TERRENO FORCE OF ACTION',NULL,24,358,10),(2403,'6927392440136','SET ARCO Y PISTOLA CON DARDOS',NULL,24,326,10),(2404,'6918650370210','ANIMALES HAPPY FARM PEQUEÑOS',NULL,24,355,10),(2405,'6910010042799','SET POLICIAL PISTOLA CUCHILLO MASCARILLA',NULL,24,351,10),(2406,'6985410012079','SET TRANSFORME ROBOT',NULL,24,359,10),(2407,'2017112116848','SET HOLIDAY VILLA',NULL,24,361,10),(2408,'SC149','KNOCK PIANO',NULL,24,53,10),(2409,'SC150','SET CARRITOS DE CONSTRUCCION CHOOSE ME',NULL,24,363,10),(2410,'2017112116831','SET BEAUTY LOVELY',NULL,24,364,10),(2411,'2017112116800','BLOCKS MY WORLD I DECIDE',NULL,24,365,10),(2412,'6940054100209','CARRO TRANSFORME MUSICAL',NULL,24,366,10),(2413,'6955565500004','MOTO CAPITAN AMERICA',NULL,24,367,10),(2414,'8599920166887','BATMAN ',NULL,24,368,10),(2415,'6969564954690','LONCHERA FRUTAS Y PESCADO',NULL,24,369,10),(2416,'2017112116817','SET DE MEDICO MEDICAL KIT',NULL,24,369,10),(2417,'6910523061188','MUÑECA ITS A BABY 1 2 3',NULL,24,336,10),(2418,'6959162000240','BOTIQUIN MEDICO',NULL,24,369,10),(2419,'6923501854443','SET DE COCINA KITCHEN TOOLS GRANDE',NULL,24,369,10),(2420,'6998758560065','SET COSMETOLOGIA BEAUTIFUL',NULL,24,369,10),(2421,'2017112116824','SET FASHION GIRL',NULL,24,369,10),(2422,'SC155','TROMPO CON LUCES',NULL,24,369,10),(2423,'y3688','YOYO EMOJI ',NULL,24,369,10),(2424,'SC156','CORNETA INFANTIL',NULL,24,326,10),(2425,'SC157','LASER MING DAY',NULL,24,369,10),(2426,'SC158','OSITO UNIDAD EN BOLSITA',NULL,24,53,10),(2427,'SC160','MANO GOLPEADORA INFANTIL',NULL,24,53,10),(2428,'6959746213615','VARITA DE LUCES SPAIDERMAN',NULL,24,369,10),(2429,'SC161','PISTOLA DE SILICON',NULL,6,370,10),(2430,'6901234500202','MUÑECA PEQUEÑA BEAUTIFUL ZD EN BOLSA',NULL,24,369,10),(2431,'SC163','MONEDERO EMOJI ',NULL,24,369,10),(2432,'6987654322310','MUÑECA GIRL SUNSHINE',NULL,24,369,10),(2433,'6987654322365','MUÑECA BETTY FASHION 2',NULL,24,369,10),(2434,'8819224028439','MUÑECA BIMINA',NULL,24,369,10),(2435,'6923143453387','MUÑECA CHARM GIRL',NULL,24,369,10),(2436,'SC164','CORNETA DE 3',NULL,24,369,10),(2437,'8699901290768','SPINNER ',NULL,24,369,10),(2438,'6001224179620','SET DE TAZAS MUG  3 PCS',NULL,29,371,10),(2439,'SC166','VASO DE COLORES PEQUEÑO ',NULL,29,53,10),(2440,'SC167','PARES VASO + TAZA DE PLASTICO',NULL,29,53,10),(2441,'1070980339178','VASO DE VIDRIO TRANSPARENTE DETALLES DE ONDAS',NULL,29,53,10),(2442,'6953440502440','UNIDAD VASO LISO Y DETALLES',NULL,29,53,10),(2443,'SC168','VASO DE COLOR GRANDE ',NULL,29,53,10),(2444,'SC169','PARCITO TAZA Y PLATITO BLANCO',NULL,29,53,10),(2445,'SC170','TAZON VARIEDAD COLORES',NULL,29,53,10),(2446,'6547867913134','HUACAL DE ALUMINIO 34CM',NULL,30,53,10),(2447,'6547867913141','HUACAL ALUMINIO 36',NULL,29,53,10),(2448,'2563564512184','CACEROLA FREIDORA GRANDE',NULL,30,53,10),(2449,'2563564512160','CACEROLA FREIDORA',NULL,30,53,10),(2450,'6908426505212','PORTA PAPEL DE COCINA DETALLE DE MARIPOSAS',NULL,30,53,10),(2451,'2210033259513','PORTA PAPEL DE COCINA DETALLES OLLAS',NULL,30,53,10),(2452,'SC172','COLADORES 3 PCS COLOR MADERA',NULL,30,369,10),(2453,'3950116504817','SET DE VASOS TRANSPARENTES PEQUEÑOS DELICACY HEATH',NULL,29,377,10),(2454,'SC177','VASO VARIADO UNIDAD',NULL,29,53,10),(2455,'SC178','SET DE 6 VASOS CON DETALLE DE FLORES GLASS WARE',NULL,29,378,10),(2456,'2301020040006','SET DINNER 16 PCS',NULL,29,380,10),(2457,'6956221075102','CACEROLA   HONHEY 28CM',NULL,30,381,10),(2458,'SC180','SET LEXINGTON 12 PCS',NULL,30,382,10),(2459,'6956221075096','CACEROLA  HONHEY 30 CM',NULL,30,381,10),(2460,'6956221075041','CACEROLA CONCORD 6 HONHEY',NULL,30,381,10),(2461,'7416800013288','OLLA CON OREJA ALINTER # 28',NULL,30,274,10),(2462,'7416800013264','OLLA CON OREJA ALINTER #26',NULL,30,274,10),(2463,'2015120141500','TAZA TRANSPARENTE PEQUEÑA ',NULL,29,53,10),(2464,'SC183','TAZA CON DETALLES OSOS Y TUNQUITOS',NULL,29,53,10),(2465,'11652PRI-C31','TAZA DISNEY',NULL,29,273,10),(2466,'1606889530123','TAZA DETALLES DE FRUTAS',NULL,29,53,10),(2467,'SC184','TAZA BLANCA CON ROSAS SAN VALENTIN ',NULL,29,53,10),(2468,'6020173077023','TAZA PARA MAMA EN CAJITA 13 ONZ',NULL,29,53,10),(2469,'7788990000011','TAZA ORANGE STRAWBERRY PLUM',NULL,29,53,10),(2470,'SC187','SET DINNER WARE 16 PCS DECORADO FLORES',NULL,29,380,10),(2471,'7416600900047','PAPEL PARA REGALO',NULL,56,53,11),(2472,'SC189','PAPEL CRESPON DE COLORES EN BOLSITA',NULL,56,385,11),(2473,'8105523362658','STICKER EMOJI ',NULL,56,53,11),(2474,'SC190','STICKERS PARA CUADERNOS',NULL,56,53,11),(2475,'6965999611221','SET PARA CUMPLEAÑOS VELITAS + ESPATULA',NULL,39,369,11),(2476,'SC191','ROTULOS BIENVENIDOS PARA CUMPLEAÑOS ',NULL,56,53,11),(2477,'7416500107027','BOLSITAS PARA CUMPLEAÑOS 12 UNIDADES',NULL,56,386,11),(2478,'SC192','ANTIFAZ CUMPLEAAÑOS',NULL,56,385,11),(2479,'SC193','TARGETA PARA 15 AÑOS',NULL,56,385,11),(2480,'SC194','PORTA AGUJAS',NULL,5,53,11),(2481,'SC195','BOLSA CON BOLSITAS DE PERINOLAS',NULL,56,53,11),(2482,'SC196','BOLSA CON CARITOS 3 UNIDADES',NULL,24,326,11),(2483,'SC197','BOLSA CON PELOTITAS ',NULL,24,53,11),(2484,'6965959565663','CARRO GRANDE DE POLICIA POLICE PATROL',NULL,24,326,11),(2485,'SC198','BOLSA CON RANITAS',NULL,24,385,11),(2486,'SC199','BOLSA CON PITOS ',NULL,24,385,11),(2487,'SC200','TARJETITAS PARA REGALO',NULL,15,53,11),(2488,'SC201','BOLSA CON ROMPECAABEZAS DE PRINCESAS',NULL,24,385,11),(2489,'SC202','BIRUTA BOLSA',NULL,56,385,11),(2490,'1970010562722','BOLSITAS PARA CUMPLEAÑOS SONRISAS',NULL,56,387,11),(2491,'t1234569057','SACAPUNTA LOCOMOTORA',NULL,56,369,11),(2492,'SC204','MINI ENGRAPADORA',NULL,56,53,11),(2493,'SC205','SERVILLETA SPIDERMAN',NULL,4,53,11),(2494,'SC206','SOMBRERO BRILLOSO',NULL,24,53,11),(2495,'t1234569693','BOMBA PARA GLOBOS ',NULL,56,53,11),(2496,'827680237102','SET HAIR DYE 4PCS',NULL,2,55,11),(2497,'SC207','BOLSA CON CORAZONES PEQUEÑOS TE AMO',NULL,56,326,11),(2498,'820646022316','GORRITOS DE CUMPLEAÑOS',NULL,56,388,11),(2499,'SC208','GORRITO PARA CUMPLEAÑOS DISNEY',NULL,56,53,11),(2500,'7416500104019','VEJIGAS PRIMERA COMUNION 50 UNIDADES',NULL,56,389,11),(2502,'6925578520153','DISCO DE JUGUETE',NULL,24,326,11),(2503,'766853002911','VEJIGAS PARTY GLOBOS AZUL CIELO 100 PZAS',NULL,56,390,11),(2504,'7416500101513','VEJIGAS BODA',NULL,56,389,11),(2505,'7416500103012','VEJIGAS FELICIDADES',NULL,56,389,11),(2506,'7067030975121','VEJIGA FELIZ DIA DE LA MADRE',NULL,56,391,11),(2507,'7416500107058','VEJIGAS INDEPENDENCIA 50 UNIDADES',NULL,56,389,11),(2508,'7416500104514','VEJIGAS 15 AÑOS 50 UNIDADES',NULL,56,389,11),(2509,'766853002898','VEJIGAS ROJO CARMIN PARTY',NULL,56,390,11),(2510,'766853002904','VEJIGA BLANCO NIEVE PARTY 100 UNIDADES',NULL,15,390,11),(2511,'7788990176617','SET 2 CARROS POLICE',NULL,24,369,11),(2512,'766853000788','VEJIGA ROJO RUBY PARTY 100 UNIDADES',NULL,56,390,11),(2513,'8853406000097','GLOBO WIZARD AZUL 100 PCS',NULL,56,392,11),(2514,'8853406000011','GLOBO WIZARD BLANCO 100 PCS',NULL,56,392,11),(2515,'SC209','VEJIGA BABY SHOWER BALLOONS',NULL,56,391,11),(2516,'6970163015064','GLOBO YUE FAN ',NULL,56,393,11),(2517,'SC210','BOMBA PARA GLOBOS DECORADA',NULL,56,53,11),(2518,'7109697475795','CUADRIMOTO TOY CAR PEQUEÑA ',NULL,24,326,11),(2519,'6918658060250','BOLSA ANIMALES NATURE WORLD',NULL,24,394,11),(2520,'8853406000639','GLOBO WIZARD ROJO',NULL,56,392,11),(2521,'8853406000349','GLOBO WIZARD ROSADA',NULL,56,392,11),(2522,'SC211','SET VENICLE 2 AVIONES 2 BARCOS 2 CAMIONES',NULL,24,53,11),(2523,'6949113601657','SET DE BRICKSTIPO',NULL,24,369,11),(2524,'6921509900018','SET DE CARRITOS 12 UNIDADES',NULL,24,369,11),(2525,'SC212','SET DE CARRITOS 12 PCS DRWING',NULL,24,369,11),(2526,'SC214','CAPA INFANTIL DECORADO DISNEY',NULL,23,53,11),(2527,'SC215','CAPA INFANTIL',NULL,23,53,11),(2528,'SC216','CAPA SENCILLA ',NULL,23,53,11),(2529,'SC217','DISFRAZ INFANTIL',NULL,54,53,11),(2530,'SC218','VELA PARA PRIMERA COMUNION ',NULL,39,53,11),(2531,'SC219','BOLSA CON ANIMALITOS CHILLONES',NULL,24,369,10),(2532,'6913551533009','CARRO DEPORTIDO AIR PLANE 12 PCS',NULL,24,395,11),(2533,'SC220','SET ANIMALES 2829',NULL,24,369,11),(2534,'SC221','SET CARROS POLICE 12 PCS',NULL,24,369,11),(2535,'6901234500189','SET MINI SERIES 12PCS AVIONES-CARROS-BARCOS',NULL,24,369,11),(2536,'8840168875131','ESTUCHE PARA LAPICERO INFANTIL DECORADO',NULL,56,369,11),(2537,'SC223','ESTUCHE LAPICERO MEDIANO TIPO SARANDA',NULL,56,53,11),(2538,'SC224','ESTUCHE PLASTICO COLOR ',NULL,56,53,11),(2539,'6906897976067','ESTUCHE LAPISERO TIPO CARTERA DE COLOR',NULL,56,53,11),(2540,'6906897976111','ESTUCHE LAPISERO CON ESTAMPADO',NULL,56,53,11),(2541,'SC226','GANCHO PARA CABELLO GRANDE',NULL,2,53,10),(2542,'827680170393','GORROS PARA BAÑO 8 UNIDADES',NULL,2,279,11),(2543,'6988990007114','MOTO RACER SPEED',NULL,24,369,11),(2544,'5050098041039','CAJITA CON OSITO Y ROSAS LOVE',NULL,24,53,11),(2545,'6903201505210','SET PISTOLA Y RAQUETAS TENNIS RACKET',NULL,24,369,11),(2546,'SC228','GORRO+BUFANDA+GUANTES BEN10',NULL,54,53,11),(2547,'2016070410005','CARTON CAMARAS DE JUGUETE 16 UNIDADES',NULL,24,326,11),(2548,'SC229','CARTON DINOSAURIO 16 PCS',NULL,24,326,11),(2549,'6945827771280','CARTON PATINETAS 20 PCS',NULL,24,369,11),(2550,'827680247187','PORTA LECHE + LAVAPACHA',NULL,23,279,11),(2551,'827680247170','PORTA LECHE +PORTA TOALLITAS\r\n',NULL,23,279,11),(2552,'6940351231422','PORTA CEPILLOS CON ESPEJO A-005',NULL,23,369,11),(2553,'6933040031618','PORTA LECHE 4 DEPOSITOS DE COLORES',NULL,23,369,11),(2554,'8554881225028','PORTA OLLA',NULL,30,399,11),(2555,'827680346125','FAJA WAIST TRIMMER',NULL,23,279,11),(2556,'SC230','PEINE GRANDE ',NULL,2,53,11),(2557,'759364921406','ESCOBA PEQUEÑA BEBITA',NULL,3,401,11),(2558,'2009101060942','ORGANIZADOR DE BAÑO JUMBO SHOWER',NULL,5,402,11),(2559,'827680170225','ALFOMBRA DE PLASTICO PARA BAÑO',NULL,23,279,11),(2560,'731015140404','COLGADOR DE TOALLA ',NULL,5,404,11),(2561,'2015120141388','JABONERA DECORADA',NULL,23,405,11),(2562,'2015120141357','JABONERA DISEÑO GATITO',NULL,23,405,11),(2563,'731015145010','ESPONJA PARA BAÑO 3 PCS',NULL,2,369,11),(2564,'6964644240038','TOALLITA FACIAL 80 UNIDADES',NULL,2,406,11),(2565,'8122017000107','LONCHERA SPAIDERMAN',NULL,23,407,11),(2566,'6923561403650','GANCHO DE PLASTICO PARA COLGAR ROPA CUADRADO',NULL,23,409,11),(2567,'6903269080063','GANCHO PARA COLGAR ROPA REDONDO',NULL,23,369,11),(2568,'6935548003951','PORTA CEPILLOS AMARILLO CARITAS',NULL,23,53,11),(2569,'827680247194','SET  GRANDE\r\nPACHON ALCANCIA+PACHA+LAVAPACHA',NULL,23,279,11),(2570,'6920163541346','PACHA 60ML BEIKU',NULL,23,411,11),(2571,'6940351010232','VASO CON BEBEDERO PEQUEÑO',NULL,23,369,11),(2572,'SC233','VASO CON BEBEDERO  MEDIANO CARITA',NULL,23,53,11),(2573,'827680247200','SET PEQUEÑO PACHON ALCANCIA +PACHA+LAVAPACHA',NULL,23,279,11),(2574,'767396341215','SET VASO + TAZA  CON BEBEDERO  FACELA',NULL,23,412,11),(2575,'SC234','TAZA TIPO TERMO ',NULL,29,53,11),(2576,'6911725517245','GANCHO CHUCHITOS PARA ROPA DE MADERA',NULL,5,369,11),(2577,'7419900902100','ADANTADOR DE MANGUERA',NULL,3,413,11),(2578,'SC235','CEPILLO PARA INODORO',NULL,3,53,11),(2579,'SC236','VASO CON PAJILLA PROTEJIDA',NULL,23,53,11),(2580,'767396831969','SET VASO +TAXA CON BEBEDERO+PLATO PEQUEÑO+CUCHARA',NULL,23,412,11),(2581,'767396831327','SET VASO +TAZA CON BEBEDERO+PLATO GRANDE+CUCHARA',NULL,23,412,11),(2582,'SC238','ALCANCIA DE MARIO CARS',NULL,23,53,11),(2583,'SC239','ALCANCIA CONEJITO',NULL,23,53,11),(2584,'SC240','ALCANCIA CHAVO DEL 8',NULL,23,53,11),(2585,'SC241','SET 2 BOTES PARA MAYONESA',NULL,23,53,11),(2586,'SC242','VASO GRANDE CON PAJILLA OVEJITAS',NULL,23,53,11),(2587,'SC244','VASO CON PJILLA PINGUINO',NULL,23,53,11),(2588,'767396341192','TAZA CON BEBEDERO',NULL,23,412,11),(2589,'6970066340362','DEPOSITO NAVIDEÑO MUÑECO DE NIEVE',NULL,23,53,11),(2590,'704936239649','DEPOSITO PARA AGUA CON GRIFO PEQUEÑO',NULL,23,53,11),(2591,'SC245','ALCANCIA CHAVO DEL 8 PEQUEÑA',NULL,23,53,11),(2592,'SC247','SQUEEZER GRANDE',NULL,23,53,11),(2593,'6936258908994','DEPOSITO NAVIDEÑO SANTA',NULL,23,53,11),(2594,'6936514105129','DEPOSITO NAVIDEÑO OSO',NULL,23,53,11),(2595,'6926898080082','DEPOSITO NAVIDEÑO ARBOL',NULL,23,53,11),(2596,'2015120141678','SET RAYADORES PEQUEÑOS 2PCS',NULL,23,414,11),(2597,'SC248','RAYADOR CON DEPOSITO GRANDE',NULL,23,53,11),(2598,'SC249','RAYADOR CON DEPOSITO PEQUEÑO',NULL,23,53,11),(2599,'704936248573','SET DE 2 PACHAS',NULL,23,415,11),(2600,'6931246610606','LAVAPACHAS',NULL,23,369,11),(2601,'SC250','PEPE PARA BEBE',NULL,23,53,11),(2602,'6954971882094','PACHA UNIDAD',NULL,23,369,11),(2603,'255','ALMUERSERA CON PLATOS',NULL,23,53,11),(2604,'762992030211','OLLITA MEDIANA  DETALLE FLORES PLASTICO',NULL,23,53,11),(2605,'710789692449','BOLSA DEPOSITOS PARA  SALSAS Y APERITIVOS 10 PCS',NULL,23,421,11),(2606,'257','DEPOSITO NEO PLASTICO',NULL,23,422,11),(2607,'258','ASAFAT NAVIDEÑO VARIEDAD',NULL,23,53,11),(2608,'259','FRUTERO HALLOWE',NULL,23,53,11),(2609,'260','FRUTERO DETALLE DE FLORES',NULL,23,423,11),(2610,'261','SET CUCHILLOS 6 PCS CON BASE ROYAL',NULL,30,424,11),(2611,'6936246110026','BALDE MEDIANO Y PEQUEÑO CON RUEDITAS ',NULL,23,53,11),(2612,'6940351208318','BOMBA PARA AGUA',NULL,23,425,11),(2613,'7629922684575','LONCHERA TIY STORY',NULL,23,273,11),(2614,'262','DEPOSITO CON TAPADERA SPARTA PLAST',NULL,23,426,11),(2615,'6923581415367','ASAFAT GRANDE DECORACION DE GALLETAS',NULL,23,53,11),(2616,'6923581415350','ASAFAT MEDIANO DETALLES GALLETAS',NULL,23,53,11),(2617,'8620170705929','FRUTERO PENG YUAN',NULL,23,427,11),(2618,'6923501280891','FRUTERO HOUSEHOLD',NULL,23,428,11),(2619,'7419900902049','ENSALADERA APPLE',NULL,23,53,11),(2620,'263','ASAFAT DETALLES GRIS',NULL,23,53,11),(2621,'6954198557584','LAMPARA LED PARA BEBE  OSITO',NULL,46,430,11),(2622,'6954111822522','LAMPARA LED PARA BEBE BUHO',NULL,46,430,11),(2623,'7419900901363','CORREA PARA PERRO',NULL,48,434,11),(2624,'6957111508021','CESTA PLASTICO MEDIANA',NULL,23,369,11),(2625,'6957111508052','CESTA PLASTICO GRANDE',NULL,23,369,11),(2626,'67','TERMO JINBANG 1L COLOR',NULL,30,433,11),(2627,'8855745300104','CACEROLA CONCORD 4QT',NULL,30,381,11),(2628,'8855745300081','CACEROLA CONCORD 5QT',NULL,30,381,11),(2629,'6920412887010','EXPRIMIDOR MANUAL PLASTICO',NULL,30,436,11),(2630,'6956221075058','CACEROLA HONHEY 26CM',NULL,30,381,1),(2631,'6956221075089','CACEROLA HONHEY  24CM',NULL,30,381,11),(2632,'5104006015299','SET ENSARTADORES PARA CARNE ',NULL,30,437,11),(2633,'7453049013907','SET COLADORES CASA BLANCA 4PCS',NULL,30,438,11),(2634,'269 ','ALCANCIA CERDITA GRANDE ',NULL,23,53,11),(2635,'8855745300098','SARTEN 26CM',NULL,30,439,11),(2636,'6928514710083','AZUCARERA  BLANCA CON DECORADO',NULL,30,369,11),(2637,'8855745300029','SARTEN CONCORD 24 CM',NULL,30,439,11),(2638,'6942926466697','SARTEN CONCORD 28CM',NULL,30,439,11),(2639,'6942926466819','SARTEN CONCORD 30CM',NULL,30,439,11),(2640,'000292440027','CUCHILLO GRANDE CERAMIC KNIFE',NULL,30,440,11),(2641,'275 ','VASO LISO PLASTICO',NULL,23,53,11),(2642,'276','VASO DECORADO PLASTICO',NULL,23,53,11),(2643,'6902313695871','COPA PLASTICA ',NULL,23,53,11),(2644,'279','ALCANCIA TUNQUITO MEDIANA',NULL,23,53,11),(2645,'767396810469','SET VASO PLASTICO MOSAICOS 4 PCS',NULL,23,412,11),(2646,'280',' SET VASO COLOR DETALLES COPOS 4 PCS',NULL,23,53,11),(2647,'282','ALCANCIA DE OSITO GRANDE ',NULL,23,53,11),(2648,'827680620980','SET FOOD SQUARE 3PCS',NULL,23,279,11),(2649,'2015120141821','PEGAMENTO PARA UÑAS',NULL,2,442,11),(2650,'284','BOLSO PLASTICO PEQUEÑO',NULL,23,53,11),(2651,'285','DEPOSITO PARA SANWIS',NULL,23,426,11),(2652,'287','VASO ANCHO PLASTICO',NULL,23,53,11),(2653,'288','TAZA PLASTICA CON TAPADERA',NULL,23,53,11),(2654,'6938469311037','STICKER NUMEROS DE FOMY',NULL,24,443,11),(2655,'6957900849052','CARTON BOLSITA DE FIGURAS','2018-05-19 16:53:54',56,53,11),(2656,'291','PLATO INFANTIL SEMI SOPERO',NULL,31,53,11),(2657,'7419900900038','PLATO INFANTIL FUNKIDS',NULL,31,444,11),(2658,'293','TAZA PLASTICA SIN TAPADERA',NULL,23,53,11),(2659,'294','INDIVIDUALES 12 PCS',NULL,23,445,11),(2660,'295','PLATO CON FLORES MEDIANO',NULL,31,53,11),(2661,'297','MONEDERO TIPO CUERO',NULL,24,53,11),(2662,'6920158450226','SET HERMETICOS COOK WARE RECTANGULAR',NULL,23,446,11),(2663,'6920158456181','SET HERMETICOS COOK WARE 3 PCS REDONDOS',NULL,31,446,11),(2664,'6926034858773','SET HERMETICOS STORAGE 5 PCS',NULL,23,447,11),(2665,'6954582810134','SET HERMETICO 4PCS CON RESPIRADOR',NULL,23,53,11),(2666,'298','ALMUERSERA NEOPLAST MEDIANA',NULL,23,420,11),(2667,'299','ALMUERSERA NEOPLAST PEQUEÑA',NULL,23,420,11),(2668,'300 ','ALMUERSERA NEOPLAST 123-0.5L',NULL,23,420,11),(2669,'301','SET HERMETICOS SPARTAPLAST 3 PCS',NULL,23,426,11),(2670,'827680882630','SET HERMETICOS HAMILY MAID',NULL,23,279,11),(2671,'302','COLADOR METALICO GRANDE',NULL,30,53,11),(2672,'731015010141','COLADOR MESH STRAINER  COLOR',NULL,30,448,11),(2673,'6980005006211','COLADOR STRAINER MEDIANO',NULL,30,448,11),(2674,'7453049011033','COLADOR STRAINER PEQUEÑO',NULL,30,448,11),(2675,'6954004210948','TAZA AZUCARERA ',NULL,30,369,11),(2676,'303','ALMUERSERA AUSTRALIAN',NULL,23,285,11),(2677,'304','HERMETICO SPARTAPLAST',NULL,23,426,11),(2678,'305','SET HERMETICOS NUOKE 4 PCS',NULL,23,449,11),(2679,'767396833079','SET HERMETICOS MOSAICOS 3 PCS',NULL,23,412,11),(2680,'6935268000247','ESCURRIDOR DE PAPAS',NULL,30,450,11),(2681,' 306','CUCHARA ESCURIDORA PEQUEÑA',NULL,30,53,11),(2682,'307','CUCHARON METALICO 8ONZ',NULL,30,450,11),(2683,'6930925842246','SEMI CUCHARON METALICO ',NULL,30,369,11),(2684,'309','CUCHARA GRANDE DE PLASTICO NEGRA',NULL,30,53,11),(2685,'311','PAQUETE DE CUCHARAS PEQUEÑOS METALICAS 12 PCS',NULL,30,53,11),(2686,'312','CUCHARITAS INFANTILES PENGUIN 4 PCS',NULL,30,53,11),(2687,'313','CUCHARON 10 ONZ',NULL,30,450,11),(2688,'6985416987135','SET MELAMINE DINNER TRAY 4 PCS',NULL,30,369,11),(2689,' 314','CUCHARA PARA ESPAGUETI',NULL,30,53,11),(2690,'6933610403067','TENEDOR CON DOS PUNTAS BOLTEADOR',NULL,30,450,11),(2691,'315','EXPRIMIDOR PLASTICO',NULL,30,53,11),(2692,'7411001214403','SHAMPOO MILDER MANZANILLA Y HIERBAS 228ML +JABON',NULL,16,451,11),(2693,'7414902404249','COLONIA PARA BEBE BABY BLUES 220ML ',NULL,2,100,11),(2694,'011418240780','ALKA-AD',NULL,57,20,11),(2695,'74410187','SALTS ANDREWS',NULL,57,454,11),(2696,'769041045462','DOLOFIN RAPIDA ACCION ',NULL,57,455,11),(2697,'011418249967','ALKA-SELTZER EXTREME',NULL,57,20,11),(2698,'7415100205386','VIROGRIP GEL PM',NULL,57,456,11),(2699,'2015120141739','ESTUCHE DE BROCHAS MAN FEI',NULL,2,458,11),(2700,'650240007408','SILKA-MEDIC',NULL,2,459,11),(2701,'7411001209089','JABON MILDER CON AVENA',NULL,2,451,11),(2702,'7411001200093','SHAMPOO MILDER TRADICIONAL 120ML',NULL,16,451,11),(2703,'7411001283171','REPELENTE MILDER',NULL,2,451,11),(2704,'316','GANCHO PARA DAIPER',NULL,2,464,11),(2705,'317','GANCHO TIPO SANDINO DE COLOR',NULL,2,53,11),(2706,'318','GANCHO PARA NIÑA DE CHOMGUITA CLIC',NULL,2,53,11),(2707,'319','STICKER BEN 10',NULL,24,53,11),(2708,'320','GANCHO TIPO SANDIDO CON FLORES',NULL,2,53,11),(2709,'321','BATIDOR PARA HUEVOS GRANDE',NULL,30,53,11),(2710,'6944198220243','MORDEDERO PARA BEBE',NULL,2,465,11),(2711,'322','GANCHO PARA CABELLO TIPO PINZA',NULL,2,53,11),(2712,'323','MONEDERO PEQUEÑO',NULL,2,53,11),(2713,'7411001202790','TALCO MILDER VERDE',NULL,2,451,11),(2714,'325','UÑAS DECORADAS DESING NAILS',NULL,2,466,11),(2715,'326','VESTIDO PARA LICUADORA',NULL,30,53,11),(2716,'327','GANCHOS DE PRESION PARA CABELLO ',NULL,2,53,11),(2717,'328','UÑAS CHARMING NAILS',NULL,2,53,11),(2718,'329','UÑAS NATURALES Y.NAIL',NULL,2,467,11),(2719,'092251128053','CREMA SENSUAL MIST 240ML',NULL,2,468,11),(2720,'397580202932','LAPIZ DELINEADOR DE OJOS CAFE PEQUEÑO',NULL,2,469,11),(2721,'082353010011','LAPIZ DELINEADOR PARA OJOS ITALIA NEGRO',NULL,2,470,11),(2722,'6905277080806','LAPIZ DELINEADOR DOS PUNTAS CAFE Y NEGRO',NULL,2,471,11),(2723,'330','LAPIZ DELIANDOR YH DOS PUNTAS COLORES',NULL,2,471,11),(2724,'7401005497889','LAPIZ DELINEADOR NEGRO EVITA',NULL,2,472,11),(2725,'092251128046','CREMA STRAWBERRY NIGHTS VILLE DE SEDUCTION',NULL,2,468,11),(2726,'071409543214','SHAMPOO STRAIGHT ARROW 355ML',NULL,16,473,11),(2727,'714566000076','CREMA VITAL LUXURY 236ML',NULL,2,474,11),(2728,'7404000310825','SHAMPOO PARA CABALLO',NULL,48,21,11),(2729,'7702433292719','VOGUE MATE NATURAL ARENA 14G',NULL,2,475,11),(2730,'7702433290852','VOGUE POLVO DE ARROZ HABANA',NULL,2,475,11),(2731,'7702433292627','VOGUE MAXIMA COBERTURA SAHARA',NULL,2,475,11),(2732,'092251128084','CREMA SWEET PERSUASION VILLE DE SEDUCTION 240ML',NULL,2,468,11),(2733,'092251128060','CREMA LOVE TRANCE VILLE DE SEDUCTION 240ML',NULL,2,468,11),(2734,'7415300005007','ACEITE PARA CANDADOS TRIYO',NULL,5,476,11),(2735,'331','ACEITE EXTRACTO DE SAPUYULO',NULL,2,53,11),(2736,'757437700019','VAPOR RUB 110G',NULL,57,477,11),(2737,'7501906611664','MASCARA PARA PESTAÑAS SUPER LASH',NULL,2,478,11),(2738,'332','RELOJ INFANTIL PEGABLE',NULL,24,53,11),(2739,'7415034051875','COLAS PARA CABELLO BLANCAS Y NEGRAS ',NULL,2,480,11),(2740,'7410010429006','GANCHO SANDINO VERONICA',NULL,2,481,11),(2741,'333','GANCHO SANDINO MONICA ',NULL,2,482,11),(2742,'7401005403835','ESMALTE CHISPITA #7 VERDE',NULL,2,479,11),(2743,'8276803213844','AUDIFONOS INFORSIO',NULL,6,485,11),(2744,'7501027524133','VIVERON EVENFLO',NULL,23,486,11),(2745,'334','VIVERON JOY.BABE',NULL,23,487,11),(2746,'335','HILOS PARA COSER',NULL,5,53,11),(2747,'336','GANCHO PARA CABELLO BANANA',NULL,2,53,11),(2748,'337','ESPONJA PARA MAQUILLAJE',NULL,2,53,11),(2749,'338','TIRANTES TRANSPARENTES',NULL,2,53,11),(2750,'339','GANCHO PARA CABELLO PEQUEÑO',NULL,2,53,11),(2751,'7501032907600','REPELENTE EN CREMA OFF',NULL,2,488,11),(2752,'6861241154013','LIMA PARA PIES',NULL,2,489,11),(2753,'7453010020194','LIMA + CORTA CUTICULA',NULL,2,53,11),(2754,'340','REDECILLA PARA EL CABELLO',NULL,2,53,11),(2755,'7501054500063','CREMA NIVEA 50ML',NULL,2,483,11),(2756,'6921932715876','LABIALES MAGIC',NULL,2,490,11),(2757,'716189008316','BRILLO LABIAL STARRY SABORES',NULL,2,491,11),(2758,'182353126115','POLVOS COMPACTO ITALIA 11 EARLY TAN',NULL,2,470,11),(2759,'182353126122','POLVOS COMPACTO ITALIA 12 CANELA',NULL,2,470,11),(2760,'182353126092','POLVOS COMPACTO ITALIA 09 NATURAL TAN',NULL,2,470,11),(2761,'182353126108','POLVOS COMPACTO ITALIA 10 TOAST',NULL,2,470,11),(2762,'182353126078','POLVOS COMPACTO ITALIA 07 TRUE BEIGE',NULL,2,470,11),(2763,'7401005490569','QUITA ESMALTE DAROSA 150ML',NULL,2,479,11),(2764,'7401005400025','POLVOS COMPACTO DAROSA NATURAL 12G',NULL,2,479,11),(2765,'7401005400063','POLVOS COMPACTO DAROSA CAREY BRUNETTE',NULL,2,479,11),(2766,'7401005400032','POLVOS COMPACTO DAROSA CAREY MORENO',NULL,2,479,11),(2767,'7401005400094','POLVOS COMPACTO DAROSA 12G CAREY BRONCE',NULL,2,479,11),(2768,'7401005400049','POLVOS COMPACTO DAROSA ROSADO 12G',NULL,2,479,11),(2769,'020800307659','DESODORANTE OLD SPICE PURE SPORT',NULL,2,460,11),(2770,'182353126085','POLVOS COMPACTO ITALIA 08 DARK BEIGE',NULL,2,470,11),(2771,'7401005498305','LABIALES EVITA',NULL,2,472,11),(2772,'650240004803','ASEPXIA GEL EXFOLIANTE',NULL,2,463,11),(2773,'187649000032','POLVO BABY POWDER',NULL,2,493,11),(2774,'7891010030872','SHAMPOO JOHNSONS 100ML CON MANZANILLA NATURAL',NULL,16,35,11),(2775,'341','COLONIA PARA BEBE LITTLE BABY PEQUEÑA',NULL,2,496,11),(2776,'75026455','REXONA NUTRITIVE WOMEN 50G',NULL,2,497,11),(2777,'78930841','REXONA MEN V8 30ML',NULL,2,497,11),(2778,'079400052919','REXONA CLINICAL MEN 48G',NULL,2,497,11),(2779,'7506306232587','SHAMPOO TRESEMME REPAIR RITUALS',NULL,16,95,11),(2780,'6980454000044','LUCES NAVIDEÑAS BLANCAS APOLO',NULL,28,171,11),(2781,'6980454000051','LUCES NAVIDEÑAS MULTICOLOR APOLO',NULL,28,171,11),(2782,'7501449801256','BOMBILLO LED TIPO DISCO',NULL,28,171,11),(2783,'710789580531','LATA PARA LASAÑA',NULL,4,500,11),(2784,'710789580524','LATA CHOMPIPERA OVALADA',NULL,4,500,11),(2785,'074729411102','LATA CHOMPIPERA RECTANGULAR',NULL,4,501,11),(2786,'6020160810176','TAZA PARA MAMA 13 ONZ DE CORAZON EN CAJA',NULL,29,53,11),(2787,'6978012280021','PELUCHE P',NULL,24,53,11),(2788,'342','ARREGLO USEMY',NULL,24,53,11),(2789,'343','ARREGLO BEAUTIFUL FLOWER',NULL,24,53,11),(2790,'7410031840767','BOLSA GABACHA # 2 NEGRA',NULL,40,503,11),(2791,'344','BOLSA ZEUS TAMAÑO JARDIN',NULL,40,504,11),(2792,'345','BOLSA #4',NULL,1,158,11),(2793,'7410031840279','BOLSA 7X11 TERMOFLEX',NULL,40,503,11),(2794,'7410031840682','BOLSA MINI NEGRA TERMOFLEX',NULL,40,503,11),(2795,'7410031840729','BOLSA # 1 TERMOFLEX',NULL,40,503,11),(2796,' 346','BOLSA # 3 TERMOFLEX ',NULL,40,503,11),(2797,'7410031840736','BOLSA # 1 TERMOFLEX COLORES',NULL,40,503,11),(2798,'347','ROSA INDIVIDUAL',NULL,24,369,11),(2799,'348','LAPICERO CON CARITA DE EMOJI',NULL,56,53,11),(2800,'349','ADORNOS PINCHO CON CALABAZA',NULL,56,53,11),(2801,'350','LAPICERO CON FLOR',NULL,56,53,11),(2802,'767396350606','PELOTA FACELA CARITA ALEGRE',NULL,24,412,11),(2803,'767396817109','PELOTA FACELA FRESITAS',NULL,24,412,11),(2804,'827680121531','SOMBRILLA INFANTIL FAMILY MAID',NULL,23,279,11),(2805,'768497121027','LAPIZ FACELA',NULL,56,412,11),(2806,'8122017000156','CALCETIN BABY SOOKS',NULL,54,505,11),(2807,'6926751269012','SET CARRY CASE',NULL,56,506,11),(2808,'768497145191','CRAYONES CARIBE',NULL,56,412,11),(2809,'7501014650012','PLASTILINA VINCI',NULL,56,507,11),(2810,'7415300007018','RESISTOL PEGALIN',NULL,56,508,11),(2811,'7453038443937','TACHUELAS',NULL,56,509,11),(2812,'6923152789347','LAPICEROS TOYS',NULL,56,326,11),(2813,'6900163381067','SET DE BRILLANTINA EN TUBITOS 6 PCS',NULL,56,332,11),(2814,'768497014091','REGLA  FLEXIBLE FACELA',NULL,56,412,11),(2815,'t1234569370','GUANTES PARA EL FRIO',NULL,54,510,11),(2816,' 351','PALITOS DE PALETAS COLORES ',NULL,56,53,11),(2817,'2015120141791','SET DE UÑAS XUAN XUAN',NULL,2,511,11),(2818,'764608007860','CAJA DE LAPIZ HB',NULL,56,512,11),(2819,'768497347090','ESTUCHE DE GEOMETRIA PEQUEÑO FACELA',NULL,56,412,11),(2820,'4511394900280','ESTUCHE DE GEOMETRIA  GRANDE',NULL,56,53,11),(2821,'6930526590928','BORRADOR ERASER',NULL,56,513,11),(2822,'6931069280123','SET LAPICEROSDE COLORES  MICKEY 12 PCS',NULL,56,514,11),(2823,'352','CANGURERA RECTANGULAR',NULL,54,53,11),(2824,'353','MEDIAS INFANTILES',NULL,54,53,11),(2825,'t1234568508  ','GORRO MAS BUFANTA ROJO Y AZUL',NULL,54,53,11),(2826,'354','ADORNO NAVIDEÑO',NULL,4,53,11),(2827,'355','GUARDA PAPELES TRANSPARENTE',NULL,56,53,11),(2828,'356','PORTAFOLIO TRANSPARETE PARA PAPELES',NULL,56,53,11),(2829,'6914500823950','SET DE BABEROS',NULL,54,53,11),(2830,'357','CALCETINES CON TIPO GUANTE',NULL,54,53,11),(2831,'358','FAJERO',NULL,54,53,11),(2832,'827680248849','FRASADA PARA BEBE ',NULL,54,279,11),(2833,'359','CALCETIN EL CHELE PARA BEBE',NULL,54,515,11),(2834,'1254869541108','GORRO DE CROCHE + BUFANDA',NULL,54,53,11),(2835,'360','PAÑUELOS SUAVES ABSORVENTES',NULL,54,516,11),(2836,'7401007615465','BOLAS DE DURAPLAX 2 PCS TUCAN',NULL,56,517,11),(2837,'7453015109115','PORTAFOLIO PARA PAPELES STUDMARK NEON',NULL,56,518,11),(2838,'7401007699809','BOLA DURAPLAX TUCAN',NULL,56,517,11),(2839,'361','BOLSA DE NUMEROS CON IMAN',NULL,56,53,11),(2840,'6942139318837','CAJA DE CRAYOLAS 6 UNIDADES',NULL,56,519,11),(2841,'6921022120801','SACAPUNTA DE ZAPATO',NULL,56,326,11),(2842,'6957125906653','ESTUCHE PARA LAPICERO DE SOFIA',NULL,56,369,11),(2843,'6932335980099','ESTUCHE PARA LAPICERO MY LITTLE PONY',NULL,56,369,11),(2844,'6931190711244','CORRECTOR 8ML',NULL,56,520,11),(2845,'362','BOLLO DE LANA',NULL,56,521,11),(2846,'6201562350648','LAPICERO 4 PUNTAL INFANTIL',NULL,56,326,11),(2847,'363','MOLDE DE LETRAS PEQUEÑO',NULL,56,53,11),(2848,'364','TOALITA DE MANO PEQUEÑA INFANTIL',NULL,54,53,11),(2849,'7441005210163','TEMPERA BRILLANTE',NULL,56,522,11),(2850,'768497160521','TIJERA FACELA PEQUEÑA',NULL,56,412,11),(2851,'6928977610012','FASTENER METALICO',NULL,56,523,11),(2852,'365','SACAPUNTA DE METAL PEQUEÑA',NULL,56,53,11),(2853,'366','TIJERA PEQUEÑA ',NULL,56,53,11),(2854,'367','COMPAS FALCON',NULL,56,524,11),(2855,'809552087831','GALLETA LOLAS',NULL,34,525,9),(2856,'7502230942356','CHOCOLATES BON O BON',NULL,34,526,9),(2857,'369','NIKA ',NULL,23,53,11),(2858,'371','CANTARO',NULL,23,53,11),(2859,'375','SILLA ABC',NULL,23,422,11),(2860,'376','HUACAL PEQUEÑO',NULL,23,53,11),(2861,'378','MASCARA INFANTIL PLASTICO',NULL,24,53,11),(2862,'382','GORRO NEGRO UNIDAD',NULL,54,53,11),(2863,'383','DIADEMA',NULL,2,53,11),(2864,'384','LENTE DE SOL',NULL,23,53,11),(2865,'385','LENTES TODA NUMERACION',NULL,23,53,10),(2866,'386','ANTIFLAZ PLASTICO',NULL,23,53,11),(2867,'387','FOLDER DE COLOR',NULL,56,53,11),(2868,'388','FOLDER COMUN',NULL,56,53,11),(2869,'389','PLUMON BI-NIB',NULL,56,53,11),(2870,'390','ESTUCHE PARA LAPICERO POKEMON 3D',NULL,56,53,11),(2871,'7441163700254','MINI GELATINA BOTE TROPICAL',NULL,34,528,9),(2872,'7501008018545','ECONO 3 PACK CHOCO CRISPIS+CORN FLAKES+ZUCARITAS',NULL,19,257,8),(2873,'7453080100857','ANDADERA INFANTIL',NULL,24,53,8),(2874,'7453076119504','ZAPATO CLORINDA DE HULE',NULL,41,532,12),(2875,'7453060421606','ZAPATO DE HULE WAX',NULL,41,533,12),(2876,'7453066039133','GINA ADAX PARA MUJER DE PLATAFORMA',NULL,41,534,12),(2877,'7453060427431','GINA YAYITA PLATAFORMA DE MUJER',NULL,41,535,12),(2878,'392','GINA EKOLLO  DE HOMBRE',NULL,41,536,12),(2879,'8965879647140','GINA CROS GIOVANNA DETALLE DE FLORES',NULL,41,537,12),(2880,'7453057386987','GINA DIVAS PLATAFORMA MUJER',NULL,41,541,12),(2881,'7453082718753','GINA ADAX DE NIÑA',NULL,41,534,12),(2882,'7453057366859','GINA DIVAS NIÑA',NULL,41,541,12),(2883,'6977110000036','PANTUNFLAS',NULL,41,53,12),(2884,'7453082703698','GINA BELLA PLATAFORMA DETALLES NUDITOS',NULL,41,542,12),(2885,'7453082700161','GINA BELLA MUJER DETALLE TRENZA',NULL,41,542,12),(2886,'7406305005000','ESMALTE DAROSA CIRUELA SATINADO',NULL,2,479,11),(2887,'7401005493195','ESMALTE DAROSA ROSA CLAVEL',NULL,2,479,11),(2888,'7401005493799','ESMALTE DAROSA PIEL 99',NULL,2,479,11),(2889,'7406305002672','ESMALTE DAROSA ANITA DESTELLO 27',NULL,2,479,11),(2890,'7401005497032','ESMALTE DAROSA CELESTE 133',NULL,2,479,11),(2891,'7401005406836','ESMALTE DAROSA ROJO 53',NULL,2,479,11),(2892,'7406305005048','ESMALTE ROJO SATINADO 196',NULL,2,479,11),(2893,'7401005403026','ESMALTE DAROSA BASE ROSADA',NULL,2,479,11),(2894,'7406305002061','ESMALTE DAROSA CHISPA ROSADO 178',NULL,2,479,11),(2895,'7401005403064','ESMALTE ROJO 1',NULL,2,479,11),(2896,'7401005403729','ESMALTE DAROSA CHISPITA GRIS 1',NULL,2,479,11),(2897,'7401005496929','ESMALTE DAROSA PIEL ROSE 122',NULL,2,479,11),(2898,'7401005486982','ESMALTE DAROSA BRILLO CON AJO',NULL,2,479,11),(2899,'7401005403033','ESMALTE DAROSA BLANCO MATE',NULL,2,479,11),(2900,'394','ZAPATO DE HULE LADY CARIOCA MUJER',NULL,41,53,12),(2901,'7453070022428','GINA FLORIMENTA',NULL,41,543,12),(2902,'7453082730441','GINA ROSELLA',NULL,41,544,12),(2903,'7416500226445','CUADERNO 200 PAGINAS CONQUISTADOR',NULL,56,545,12),(2904,'395','CUADERNO #3',NULL,56,546,12),(2905,'396','LIBRETA DE PAPEL BOND TAMAÑO OFICIO',NULL,56,53,12),(2906,'397','GINA DU BAI',NULL,41,547,12),(2907,'7453057369065','GINA SHERIN',NULL,41,548,12),(2908,'398','GINA CHICOTE',NULL,41,549,12),(2909,'7416500210895','CUADERNO #1',NULL,56,546,12),(2910,'7453070021193','GINA FLORIMENTA SOLO DE METER MUJER',NULL,41,543,12),(2911,'7453079042694','ZAPATO SPICY TENIS',NULL,41,550,12),(2912,'7450098129146','ZAPATO NYTRO ',NULL,41,551,12),(2913,'7453082722477','GINA ROSELLA SOLO DE METER BRILLITOS',NULL,41,544,12),(2914,'7453087606758','GINA ZGOOD',NULL,41,552,12),(2915,'7450098008861','GINA CHICA SEXY',NULL,41,553,12),(2916,'7453081226389','ZAPATO TENIS ERA',NULL,41,554,12),(2917,'7453034671495','TENIS SPICY VERDE Y GRIS',NULL,41,550,12),(2918,'7453082708037','ZAPATO FANS ESTAMPADO DE FLORES',NULL,41,555,12),(2919,'7453084832556','GINA SOLANAS',NULL,41,556,12),(2920,'7453084832297','GINA SOLANAS PLATAFORMAS',NULL,41,556,12),(2921,'7401005403873','QUITA ESMALTE DAROSA 100ML',NULL,2,479,11),(2922,'399','BOLSON ESCOLAR CON DETALLES Y NEGRO',NULL,56,53,11),(2923,'400','BOLSON ESCOLAR TRANSPARENTE',NULL,56,53,11),(2924,'401','BOLSA DE REGALO MEDIANA',NULL,40,369,10),(2927,'404 ','CHONGA PARA REGALO VARIEDAD','2018-05-17 21:33:53',56,53,10),(2930,'407','GANCHO DE MARIPOSA PARA NIÑA',NULL,24,53,11),(2931,'7451200707566','ZAPATO TENIS STAR ONE',NULL,41,557,12),(2932,'7453082702950','ZAPATO TEEMIX',NULL,41,558,12),(2933,'412','ZAPATO ALTO FORMAL DE MUJER $14.OO',NULL,41,53,12),(2934,'413','PLATAFORMAS $15.00',NULL,41,53,12),(2935,'414','TENIS $7.00',NULL,41,53,12),(2936,'415','TENIS $12.00',NULL,41,53,12),(2937,'416','TENIS $9.00',NULL,41,53,12),(2938,'417','TENIS $10.00',NULL,41,53,12),(2939,'418','TENIS $15.00',NULL,41,53,12),(2940,'419','TENIS $8.00',NULL,41,53,12),(2941,'420','ZAPATO TIMBERLAND HOMBRE',NULL,41,53,12),(2942,'421','ZAPATO $18.00',NULL,41,53,12),(2943,'422','ZAPATO DE VESTIR  PARA  HOMBRE',NULL,41,53,12),(2944,'423','ZAPATO DE NIÑO $6.00',NULL,41,53,12),(2945,'424','ZAPATO NIÑO $7.50',NULL,41,53,12),(2946,'425','ZAPATO NIÑO $8.00',NULL,41,53,12),(2947,'426','ZAPATO YULANG',NULL,41,559,12),(2948,'427','ZAPATO PARA BAUTIZO',NULL,41,53,12),(2949,'428','ZAPATO PARA MUJER NEGRO DE HULE',NULL,41,53,12),(2950,'429','SANDALIAS PARA NIÑA',NULL,41,53,12),(2951,'7453060439847','SANDALIAS YAYITA SEMI PLATAFORMA',NULL,41,535,12),(2952,'7453060435078','SANDALIA YAYITA PACHITA',NULL,41,535,12),(2953,'7502279700245','ELITE SOFTMAX 4 ROLLOS',NULL,15,119,2),(2954,'785381007885','DESINFECTANTE MAGIA BLANCA LAVANDA FRANCESA  1G',NULL,14,11,1),(2955,'785381007878','DESINFECTANTE MAGIA BLANCA MANZANA VERDE 1G',NULL,14,11,1),(2956,'430','ALCOHOL 90°  120ML',NULL,57,53,1),(2957,'7702354251581','YA REFRESCO PIÑA',NULL,35,212,7),(2958,'7702354251604','YA REFRESCO  JAMAICA',NULL,35,212,7),(2959,'7702354251611','YA REFRESCO DURAZNO',NULL,35,212,7),(2960,'7441029501148','PAN PARA HAMBURGUESA MONARCA 8 UNIDADES',NULL,34,561,13),(2961,'7441029516692','PRINCIPE WAFER CHOCOLATE',NULL,34,564,13),(2962,'7441029516715','PRINCIPE WAFER VAINILLA',NULL,34,564,13),(2963,'431','SEMILLAS COMESTIBLES EBENEZER',NULL,52,565,13),(2964,'7441029517149','MINI BARRITAS FRESA MARISELA',NULL,34,564,13),(2965,'432','TRAPEADOR DE ESPONJA',NULL,3,53,13),(2966,'7441029502107','CHOCO CHISPAS MARISELA',NULL,34,564,13),(2967,'187021b','ANILLOS DE ACERO TODA NUMERACION',NULL,2,53,13),(2968,'748757005014','POPOTITOS MANTEQUILLA 13G',NULL,36,562,13),(2969,'748757005892','CEREZA DIANA 23G',NULL,36,562,13),(2970,'748757007940','TOZTECA ORIGINAL 23G',NULL,36,562,13),(2971,'748757005441','MANI CON LIMON DIANA 17G',NULL,36,562,13),(2972,'748757005991','CHIQUIPAN DIANA 21G',NULL,36,562,13),(2973,'748757004864','ELOTITOS CON LIMON 24G',NULL,36,562,13),(2974,'757528020415','PALETA CORONADO',NULL,34,530,13),(2975,'7412700500705','PALETA BROWNIE',NULL,45,568,14),(2976,'7412700500477','PALETA CAPUCHINA',NULL,45,568,14),(2977,'7412700500248','NEVI CREAM 55G CHOCOLATE',NULL,45,568,14),(2978,'7412700500712','PALETA FRUTAS COCO Y FRESA',NULL,45,568,14),(2979,'7412700500064','CONO FANTASY FRESA Y VAINILLA',NULL,45,568,14),(2980,'7412700500101','MINI SANDWICH VAINILLA',NULL,45,568,14),(2981,'7412700500675','PALETA CREAM POP 55G',NULL,45,568,14),(2982,'7412700500071','VASITO VAINILLA',NULL,45,568,14),(2983,'7412700500286','SANDWICH NAPOLITANO',NULL,45,568,14),(2984,'7401005905780','MOUNTAIN DEW 355ML',NULL,35,571,15),(2985,'024000501213','JUGO DEL MONTE MELOCOTON 330ML',NULL,35,182,15),(2986,'7411001802662','POWERADE 300ML',NULL,35,575,15),(2987,'7401005904035','GASEOSA 7UP 355ML',NULL,35,576,15),(2988,'7412900301232','YOGURT MELOCOTON 200ML',NULL,35,321,15),(2989,'024000501220','JUGO DEL MONTE PIÑA 330ML',NULL,35,182,15),(2990,'7415600024364','BANDEJA CON TAPADERA',NULL,4,137,6),(2991,'7412900308521','YOGURT BOLSITA MELOCOTON',NULL,35,321,15),(2992,'787003001271','QUESO CREMA PAQUETE ',NULL,42,580,15),(2993,'7411600100466','BOLSA DE AGUA CIELO ',NULL,35,582,15),(2994,'436','GABETERO 5 DEPOSITOS MEDIANO','2018-05-21 21:11:48',23,53,13),(2995,'437','GABETERO 5 DEPOSITOS GRANDE','2018-05-21 21:11:05',23,53,13),(2996,'438','GABETERO 6 DEPOSITOS',NULL,23,53,13),(2997,'439','ZAPATERA ',NULL,23,53,13),(2998,'440','TRASTERO',NULL,23,53,13),(2999,'441','TRICICLO PARA NIÑO',NULL,24,53,13),(3000,'442','ESQUINERO PLASTICO',NULL,23,53,13),(3001,'7453082706194','GINA ROSELLA PARA NIÑA',NULL,41,544,13),(3002,'443','REPOLLO',NULL,44,53,6),(3003,'445','SILLA PEQUEÑA PARA NIÑA/O',NULL,23,53,12),(3004,'446','BANQUITO PLASTICO NEO',NULL,23,422,11),(3005,'447','BOLSA DE HULITOS PARA EL CABELLO',NULL,2,53,13),(3006,'448','BOLSA DE POLLO EMPANIZADO',NULL,53,584,15),(3007,'449','BOLSA DE POLLO HORNEADO',NULL,53,584,15),(3008,'453','TARDEJAS DE INVITACION 15 AÑOS',NULL,56,53,11),(3009,'454','TARJETAS DE INVITACION BODA',NULL,56,53,11),(3010,'455','TARJETAS DE INVITACION INFANTILES',NULL,56,53,11),(3011,'456','TARJETAS DE INVITACION BAUTIZO',NULL,56,53,11),(3012,'457','TARJETAS DE INVITACION GRADUACION GRANDE',NULL,56,53,11),(3013,'458','TARJETAS DE INVITACION GRADUACION PEQUEÑAS',NULL,56,53,11),(3014,'459','TARJETAS DE INVITACION BABY SHOWER',NULL,56,53,11),(3015,'460','BOLSITA PARA CHOCOLATES',NULL,56,53,11),(3016,'461','REMOLINO DE PLASTICO',NULL,24,53,11),(3017,'6987968600029','VELA NUMERO PARA PASTEL VARIEDAD',NULL,39,369,11),(3018,'463','RAYOVAC AA',NULL,46,161,7),(3019,'7500435107815','ACONDICIONADOR PANTENE 3 MINUTE 10ML',NULL,2,118,7),(3020,'4719867213268','PEGA LOCA ',NULL,5,587,7),(3021,'464','VINO BLANCO CARTON Y BOLSITA',NULL,32,53,8),(3022,'465','VINO TINTO CARTON Y BOLSITA',NULL,32,53,8),(3023,'466','CLAVO PARA COMIDA CARTON Y BOLSITA',NULL,55,53,8),(3024,'467','ARITOS VARIEDAD',NULL,2,53,13),(3025,'468','BOLSA DE GANCHITOS ',NULL,2,53,13),(3026,'469','BOLSA CON DOS COLITAS PARA EL CABELLO',NULL,2,53,13),(3027,'470','COLA TIPO PULSERA',NULL,2,53,13),(3028,'471','COLA CON CARA DE MICKEY',NULL,2,53,13),(3029,'472','PULSERA DE ACERO',NULL,2,53,13),(3030,'473','JUEGO DE ACERO CADENITA+ ARITOS',NULL,2,53,13),(3031,'7751851559324','SAPOLIO SACAGRASA 650ML LIMON\r\n','2018-05-14 17:43:06',3,15,NULL),(3032,'7509546052380','PALMOLIVE NATURAL TONO PERFFECTO 110G\r\n','2018-05-14 20:19:09',2,37,NULL),(3033,'7410031720519','TALCO PARA BEBE ROSADO KB COLLECTION \r\n','2018-05-14 20:26:17',2,43,NULL),(3034,'734474504022','PASTA DIAMOS CAFE PARA ZAPATO\r\n','2018-05-14 20:38:27',2,591,NULL),(3035,'6930958820105','PASTE Y ESPOJA DIAMAX\r\n','2018-05-14 20:56:08',3,592,NULL),(3036,'7406171018555','ULTRA KLI FUERZA INTENSA 450 GR\r\n','2018-05-14 21:01:14',8,16,NULL),(3037,'7410030771567','MAXXI ESPUMA TROPICAL 450GRS\r\n','2018-05-14 21:04:45',8,57,NULL),(3038,'7410001510737','BABY OIL SUAVIDAD KB COLLECTION \r\n','2018-05-14 21:08:45',2,43,NULL),(3039,'2319373395919','TRIPACK PASTILLA TERROR\r\n','2018-05-14 21:11:21',3,54,NULL),(3040,'8809118560923','ISIPOS 100PCS\r\n','2018-05-14 21:13:53',2,5,NULL),(3041,'7401002002093','LEJIA MAGIA BLANCA LITRO\r\n','2018-05-14 21:27:17',3,11,NULL),(3042,'7401002001805','GALON LEJIA NORMAL MAGIA BLANCA','2018-05-14 21:29:04',3,11,NULL),(3043,'7411000386712','XEDEX SUAVIZANTE BRISA DE PRIMAVERA 500GR\r\n','2018-05-14 21:49:07',8,58,NULL),(3044,'7411000301470','SURFT SOL AMARILLO 140GR\r\n\r\n','2018-05-14 21:51:22',8,87,NULL),(3045,'7501026027543','BLACA NIEVES 500GR\r\n','2018-05-14 21:53:51',8,63,NULL),(3046,'099176232933','SUAVITEL COMPLETE','2018-05-14 21:58:45',3,60,NULL),(3047,'10099176232947','CAJA SUAVITEL COMPLETE FRESCA PRIMAVERA\r\n\r\n','2018-05-14 21:58:45',3,60,NULL),(3048,'7421001641437','LIMPIOX CLASICO 425G\r\n','2018-05-15 14:56:04',3,81,NULL),(3049,'748928005089','ORIX CREMA LAVAPLATOS FLORAL 450G\r\n','2018-05-15 14:59:38',3,13,NULL),(3050,'099176006268','AZISTIN FORTA LAVANDA 80ML\r\n','2018-05-15 15:08:09',3,9,NULL),(3051,'099176003731','DOÑA BLANCA PODER ARRANCA GRASA\r\n','2018-05-15 15:24:39',3,80,NULL),(3052,'7421001615247','LIMPIOX PODER TRI-ACTIVO\r\n','2018-05-15 15:37:31',3,81,NULL),(3053,'7421001651931','MAX PODER XTREME X3\r\n','2018-05-15 15:51:37',11,83,NULL),(3054,'7421001644551','MAX PODER X3 STL\r\n','2018-05-15 15:53:16',11,83,NULL),(3055,'7506295379119','PANTENE RISOS DEFINIDOS CREMA PARA PEINAR\r\n','2018-05-15 15:57:01',2,118,NULL),(3056,'7506309840611','PANTENE CREMA PARA PEINA-HIDRO CAUTERIZACION\r\n','2018-05-15 15:59:28',2,118,NULL),(3057,'7501056346997','DOVE NUTRICITION SOLUTION \r\n','2018-05-15 16:05:40',2,498,NULL),(3058,'7501001244248','HEAD&SOULDERS CONTROL CASPA PROTECCION CAIDA\r\n','2018-05-15 16:14:38',2,94,NULL),(3059,'2018213815133','HEAD&SHOULDERS PROTECCION CAIDA CON CAFEINA\r\n','2018-05-15 16:17:08',2,94,NULL),(3060,'6941300601273','TOVCH COLOR 7.43 GOLDEN BROWN\r\n','2018-05-15 16:21:02',2,89,NULL),(3061,'7501032925154','RAID ACCION TOTAL\r\n','2018-05-15 16:39:27',10,593,NULL),(3062,'7501032905347','BAYGON TOTAL INSECTOS VOLADORES\r\n','2018-05-15 16:41:29',10,91,NULL),(3063,'7501032900281','BAYGON OKO MOSQUITOS MOSCAS\r\n','2018-05-15 16:42:33',10,91,NULL),(3064,'7506192505406','EGO POER MAXIMA FIJASION\r\n','2018-05-15 16:44:51',2,108,NULL),(3065,'7500435020008','HEAD&SHOULDERS LIMPIEZA RENOVADORA 375ML\r\n','2018-05-15 16:49:11',16,94,NULL),(3066,'7414902462720','BABY BLUES SHAMPO 750ML\r\n\r\n','2018-05-15 16:52:04',16,99,NULL),(3067,'7500435019880','HAED&SHOULDER MANZANA FRESH 375ML\r\n','2018-05-15 16:56:54',16,94,NULL),(3068,'5029053550206','HUGGIES SOFT SKIN\r\n','2018-05-15 17:07:04',33,124,NULL),(3069,'7441008158196','KOTEX NOCTURA OVERNISHT SIN ALAS\r\n','2018-05-15 17:16:38',21,114,NULL),(3070,'7441008154198','KOTEX NOCTURA CON ALAS \r\n','2018-05-15 17:17:56',21,114,NULL),(3071,'7441008111610','HUGGIES CLASSIC XG4 X10\r\n','2018-05-15 17:26:50',15,124,NULL),(3072,'7441008169321','HUGGIES CLASICO M2 11\r\n','2018-05-15 17:29:07',20,124,NULL),(3073,'7441008111580','HUGGIES CLASSIC\r\n','2018-05-15 17:30:21',20,124,NULL),(3074,'099072100527','COTIDIAN BASICO TAMAÑO MEDIANO\r\n','2018-05-15 17:32:39',20,120,NULL),(3075,'7502247331396','BABYSEC ULTRA XG/XL\r\n','2018-05-15 17:36:22',20,125,NULL),(3076,'7441008157540','KOTEX EVOLUTION CUBIERTA SECA\r\n','2018-05-15 17:38:27',33,114,NULL),(3077,'7441008166559','KOTEX NORMAL MAXI ESENCIAL\r\n','2018-05-15 17:40:29',21,114,NULL),(3078,'7441008130437','HUGGIES CLASSIC G3 50P\r\n','2018-05-15 17:46:24',20,124,NULL),(3079,'013117040272','JUEGUITOS MANZANILLA X42\r\n','2018-05-15 17:48:53',20,122,NULL),(3080,'7406233220063','PEPPA PIG PAÑALES MX50\r\n','2018-05-15 17:51:46',20,127,NULL),(3081,'7441008160342','HUGGIES ACTIVE SECP/1\r\n','2018-05-15 17:53:16',20,124,NULL),(3082,'7502247331297','BABYSEC ULTRA CH/S\r\n','2018-05-15 17:59:21',20,125,NULL),(3083,'766324304315','ROSAL SOFT PLUS 4 ROLLOS\r\n','2018-05-15 20:22:15',15,134,NULL),(3084,'7441008168188','SCOTT DOBLE HIGIENE \r\n','2018-05-15 20:24:06',15,131,NULL),(3085,'7441008170990','SCOTT TRIPLE CUIDADO 12 ROLLOS\r\n','2018-05-15 20:34:09',15,131,NULL),(3086,'713200110010','PRESTOBARBA DORUSA X10\r\n','2018-05-15 20:36:32',2,143,NULL),(3087,'6945507877073','CEPILLOS VINSA KIDS\r\n','2018-05-15 20:38:39',2,594,NULL),(3088,'6928158520024','CEPILLO NIÑO DROCO + JUGUETE\r\n','2018-05-15 20:40:07',2,595,NULL),(3089,'8801038568218','PRESTOBARBA DORUSA CON LUBRICANTE\r\n','2018-05-15 20:42:24',2,143,NULL),(3090,'6934560127362','PASTE MULTICOLOR X6\r\n','2018-05-15 20:44:41',3,53,NULL),(3091,'099176314301','CEPILLO DENTAL COLGATE CLASSIC\r\n','2018-05-15 20:47:08',2,142,NULL),(3092,'7501014590448','RESURADORA BIC AMARILLA\r\n','2018-05-15 20:48:33',2,101,NULL),(3093,'7415603271536','CEPILLO LAVAR ROPA\r\n','2018-05-15 20:49:57',3,596,NULL),(3094,'692652861103-3','PASTE METALICO CHINO\r\n','2018-05-15 20:57:36',3,53,NULL),(3095,'2018217415512','CEPILLO METALICO CON MANGO\r\n','2018-05-15 21:05:02',3,53,NULL),(3096,'7415600000030','BANDEJA CON TAPADERA\r\n','2018-05-15 21:10:44',4,137,NULL),(3097,'7415600050035','VASO HIPS 5 ONZ \r\n','2018-05-15 21:13:11',4,597,NULL),(3098,'7404004200597','SERVILLETA MAX PAPEL\r\n','2018-05-15 21:16:06',4,598,NULL),(3099,'7415600016345','PLATO N° 9 CON DIVISION X25\r\n','2018-05-15 21:18:13',4,137,NULL),(3100,'7415603400233','PAGILLAS PARA CAFE DOBLES \r\n','2018-05-15 21:21:04',4,599,NULL),(3101,'7415005100281','PAPEL ALUMINIO DIAPACK\r\n','2018-05-15 21:23:19',4,600,NULL),(3102,'7501206720011','FOCO LED APOLO 5W \r\n','2018-05-15 22:00:14',28,171,NULL),(3103,'762989680023','CHAMPIÑONES EN RODAJA SOL 425G','2018-05-16 14:47:26',26,601,NULL),(3104,'762989680016','CHAMPIÑONES EN RODAJAS 190G\r\n','2018-05-16 14:50:29',38,601,NULL),(3105,'024000014409','MAIZ AMARILLO DEL OMNTE 248G\r\n','2018-05-16 14:51:52',38,182,NULL),(3106,'7501017050734','RAJAS DE JALAPEÑO EN ESCABECHE 286G\r\n','2018-05-16 14:54:02',38,181,NULL),(3107,'7501006558913','CHAMPIÑORES REBANADOS 186G\r\n','2018-05-16 14:55:57',38,182,NULL),(3108,'7410031392914','ATUN  LOMO ENTROZOS CALVO','2018-05-16 14:57:14',38,180,NULL),(3109,'738777020029','JALAPEÑO RODAJAS EN ESCABECHE SEMI PICANTE 180G\r\n','2018-05-16 15:08:51',38,176,NULL),(3110,'7441002607256','SARDINAS VERDEMAR EN SALSA DE TOMATE 160G\r\n','2018-05-16 15:11:35',38,177,NULL),(3111,'7416500002223','MACARELA EN SALSA DE TOMATE  PESCA RICA PICANTE\r\n','2018-05-16 15:18:11',38,196,NULL),(3112,'7401001501979','ACEITE EL DORADO 445ML\r\n','2018-05-16 16:03:33',1,198,NULL),(3113,'2018219216635','ACEITE RICO 17.01KG PARA TRASEGAR\r\n','2018-05-16 16:08:51',1,602,NULL),(3114,'7413100012164','ACEITE ORISOL PARA TRASEGAR\r\n\r\n','2018-05-16 16:08:51',1,197,NULL),(3115,'842015000954','SHAMPOO REVIVA ANTI-CASPA MAN\r\n','2018-05-16 16:20:11',16,218,NULL),(3116,'842015000817','GEL REVIVA SPORT 485GR\r\n','2018-05-16 16:24:12',2,218,NULL),(3117,'842015000381','REVIVA ORIGINAL 485GR\r\n','2018-05-16 16:30:27',2,218,NULL),(3118,'7622210314116','TANG SABOR FRESA 25G','2018-05-16 16:34:13',35,217,NULL),(3119,'2018219816575','SOPA MARUCHAN BOLSA VARIEDAD SABORES','2018-05-16 16:51:18',25,213,NULL),(3120,'2018219916115','SOPA MARUCHAN VASO VARIEDAD DE SABORES\r\n','2018-05-16 16:51:18',25,213,NULL),(3121,'7411000210444','MOSTAZA MACCORMICK AGRANEL','2018-05-16 17:11:56',37,174,NULL),(3122,'7411000201435','PEPINESA MACCORMICK BOLSA AGRANEL\r\n','2018-05-16 17:16:41',37,174,NULL),(3123,'2018220216658','SOPA INSTANTATENA LAKY BOLSA VARIEDAD SABORES','2018-05-16 17:20:49',25,148,NULL),(3124,'2018220316876','SOPA INSTANTANEA LAKY VASO VARIEDAD SABORES\r\n','2018-05-16 17:20:49',25,148,NULL),(3125,'7410031750042','VELA MAXILUZ VASITO\r\n','2018-05-16 17:27:58',39,603,NULL),(3126,'2018220516951','SAL EN SOBRESITO UNIPLAST\r\n','2018-05-16 17:37:45',22,223,NULL),(3127,'097294722633','MACARRON FAMA LUNGUINI 200G\r\n','2018-05-16 17:42:50',27,220,NULL),(3128,'759094040316','SOPITA DE POLLO FAVORA CARTON','2018-05-16 17:48:40',25,231,NULL),(3129,'759094020929','SAZON COMPLETA FAVORA 200G\r\n','2018-05-16 17:58:14',25,231,NULL),(3130,'2018220916372','CONSOME DE POLLO MCCORNICK 50LB\r\n','2018-05-16 19:40:05',25,174,NULL),(3131,'735039001406','CAFE INSTANTANEO RIKO BRAND CAJAX30\r\n','2018-05-16 19:48:20',9,245,NULL),(3132,'088169429900','CREAMA DE MARISCOS MAGGI 80G\r\n','2018-05-16 19:53:07',25,233,NULL),(3133,'7401001502075','MARGARINA FRANCESA 5 LIBRAS','2018-05-16 19:57:51',1,604,NULL),(3134,'7411000306437','CAJA MIRASOL BARRA PEQUEÑA 60BARRA 35G\r\n','2018-05-16 20:08:16',1,235,NULL),(3135,'7411000300541','CONTINENTAL SABROSADOR DE CARNE CAJAX60\r\n','2018-05-16 20:15:49',25,237,NULL),(3136,'7411000345085','FRIJOLES ROJOS VOLTEADOS NATURAS 800G','2018-05-16 20:22:10',26,241,NULL),(3137,'2018221616192','MOSTAZA CARTON\r\n','2018-05-16 20:31:22',26,53,NULL),(3138,'2018221716276','ATOL MAIZENA VARIEDAD DE SABORES','2018-05-16 20:43:28',18,289,NULL),(3139,'2018221816303','ATOL MAIZENA SIMPLE \r\n','2018-05-16 20:45:37',18,289,NULL),(3140,'2018221916894','PIMIENTA + COMINO\r\n','2018-05-16 20:51:08',55,53,NULL),(3141,'2018222016916','BICARBONATO EN BOLSITA\r\n','2018-05-16 20:51:08',55,53,NULL),(3142,'2018222116313','PIMIENTA DE CASTILLA BOLSITA\r\n','2018-05-16 20:51:08',55,53,NULL),(3143,'748928009612','AGU KIDS 113G MANZANA','2018-05-16 20:56:12',34,250,NULL),(3144,'735039716928','RIKO CAPUCCION COCOA 20G\r\n','2018-05-16 21:06:58',9,245,NULL),(3145,'608875003128','COLADO HEINZ MANZANA 113G','2018-05-16 21:13:53',35,605,NULL),(3146,'608875003210','COLADO HEINZ BANANA 113G\r\n','2018-05-16 21:17:07',35,605,NULL),(3147,'201822261650','CAFE PURO AGRANEL \r\n','2018-05-16 21:22:28',9,53,NULL),(3148,'2018222716972','MIEL DE ABEJA OSITO CRISMEL 352GR\r\n','2018-05-16 21:39:30',34,606,NULL),(3149,'7411400800719','SAL REFINADA Y YODADA 400GR\r\n','2018-05-17 14:52:21',22,607,NULL),(3150,'2018222917831','AJO INDIO ','2018-05-17 15:15:43',55,53,NULL),(3151,'2332566589421','EXTENCIÒN ELECTRICA 12 PIES APOLO\r\n','2018-05-17 15:19:48',6,171,NULL),(3152,'7501008100646','HOJUELAS DE MAIZ KELLOGGS 100G\r\n','2018-05-17 15:51:52',19,257,NULL),(3153,'086581007690','GALLETA TIPO PAQUETE\r\n','2018-05-17 15:53:27',34,608,NULL),(3154,'086581007843','GALLETA CANASTA CHOCOLATE PAQUETESX12\r\n','2018-05-17 15:55:05',34,608,NULL),(3155,'7441163407122','GALLETA CLUB EXTRA\r\n','2018-05-17 15:56:40',34,608,NULL),(3156,'809552090183','GALLETAS CHOCORISAS MOLSA X12\r\n','2018-05-17 16:01:12',34,525,NULL),(3157,'7590011151110','GALLETA OREO ORIGINAL X12\r\n','2018-05-17 16:02:23',34,609,NULL),(3158,'7412200700155','MANI CONFITADO HUEVITOS 200G\r\n','2018-05-17 16:12:21',34,610,NULL),(3159,'809552018231','GALLETA WAFLE RICH 120G\r\n','2018-05-17 16:14:42',34,525,NULL),(3160,'2018223917179','LAMPARAS DE NOCHE','2018-05-17 16:17:26',6,53,NULL),(3161,'756956122005','GALLETA CUBIERTA DE CHOCOLATE BEST \r\n','2018-05-17 16:22:01',34,248,NULL),(3162,'2018224117837','GELATINA JELLY BOLSAX5\r\n','2018-05-17 16:27:05',34,611,NULL),(3163,'7501056913595','CHICLE CLORETS PEQUEÑO2.8G\r\n','2018-05-17 16:43:36',34,612,NULL),(3164,'7501056913755','CHICLE CLORETS FRESHMINT 2.8G\r\n','2018-05-17 16:45:29',34,612,NULL),(3165,'2018224417123','CHOCOLATE DE FIGURAS VARIEDAD\r\n','2018-05-17 16:50:00',34,314,NULL),(3166,'7412200700452','CHICLE BOMBA FRUTAS BOLSA 36UNIDADES\r\n','2018-05-17 16:56:37',34,610,NULL),(3167,'7441029500196','TOSATDAS ONDULADAS MILPA REAL \r\n','2018-05-17 17:01:02',36,613,NULL),(3168,'7441029516708','GALLETA PRINCIPE WAFLE 45G\r\n','2018-05-17 17:04:21',34,564,NULL),(3169,'7401001583159','SHAKALAKA VARIEDAD DE SABORES PAQX\r\n12','2018-05-17 17:27:49',35,590,NULL),(3170,'7401001508053','JUGO FRUVITA MELOCOTON\r\n','2018-05-17 17:29:46',35,531,NULL),(3171,'2018225017555','SHAKALACA MULTISABOR','2018-05-17 17:34:05',35,590,NULL),(3172,'2018225117103','REFRESCO FRUTIPOP\r\n','2018-05-17 17:36:35',35,614,NULL),(3173,'7410030501867','FRIJILES ROJO VOLTEADOS LA CHULA\r\n','2018-05-17 17:39:22',38,322,NULL),(3174,'201822531726','SALSITA DE TOMATE LA CHULA VARIEDAD','2018-05-17 17:40:52',38,322,NULL),(3175,'2018225417228','SALSITA DE TOMATE VARIEDAD DEL MONTE','2018-05-17 17:40:52',38,182,NULL),(3176,'2018225517149','SALSITA DE TOMATE RANCHERA VARIEDAD CAMPO FRESCO\r\n','2018-05-17 17:45:24',38,324,NULL),(3177,'2018225617634','JUGUETE VARIEDAD\r\n\r\n','2018-05-17 19:50:41',24,53,NULL),(3179,'2018225717236','PARCITO TAZA + PAILA\r\n','2018-05-17 20:48:03',29,53,NULL),(3180,'6224310048888','SET DE 6 VAOS VIDRIO FAQUIANDGLASS\r\n','2018-05-17 21:04:56',29,615,NULL),(3181,'2018225419798','PLANCHA H&R PARA ROPA\r\n','2018-05-19 15:03:24',5,616,NULL),(3182,'201822551945','ROSA ALUMINIO INDIVIDUAL COLORES\r\n','2018-05-19 15:07:14',29,53,NULL),(3183,'2018225619189','BOLSA JARDINERA NEGRA\r\n','2018-05-19 15:13:40',4,53,NULL),(3184,'7410031840842','BOLSA GABACHA TERMOFLEX NEGRA Nº4 \r\n','2018-05-19 15:18:40',4,503,NULL),(3185,'2018225819171','BOLSA PARA CHARAMUSCA \r\n','2018-05-19 15:20:02',4,503,NULL),(3186,'2018225919626','OSO DE PELUCHE TAMAÑO VARIADO\r\n','2018-05-19 15:24:03',24,53,NULL),(3187,'2018226019586','BOLSON VARIEDAD ','2018-05-19 15:26:41',5,53,NULL),(3188,'t1234569604','GARGANTIA FASHION\r\n','2018-05-19 15:56:23',59,617,NULL),(3189,'7411001200901','ACEITE PARA BEBE 125ML\r\n','2018-05-19 16:13:12',3,451,NULL),(3190,'2018226319580','GANCHOS PARA DAIPER\r\n','2018-05-19 16:14:17',54,618,NULL),(3191,'808829081466','VASELINA PARA LAS ESCALDADURAS BEBE','2018-05-19 16:18:23',2,619,NULL),(3192,'2018919582','VASELINA PARA BEBE 8ONZ\r\n','2018-05-19 16:23:18',2,43,NULL),(3193,'7406100072948','LOCION PARA NIÑA SCENTIA\r\n','2018-05-19 16:41:31',2,620,NULL),(3194,'2018226719980','PINZA PARA QUITAR CEJAS','2018-05-19 16:45:23',2,53,NULL),(3195,'2018226819426','ROSIADOR MULTICOLOR\r\n','2018-05-19 16:46:58',3,53,NULL),(3196,'6921932710727','LABIAL BE MATE VARIEDAD\r\n','2018-05-19 16:50:47',2,621,NULL),(3197,'092251128107','CREMA ROMANTIC SECRET 240ML\r\n','2018-05-19 16:56:52',2,622,NULL),(3198,'2018227119521','BURRO DE JUGUETE\r\n','2018-05-19 17:01:59',24,53,NULL),(3199,'650240032684','CELULAS MADRE TEATRICAL ACLARADORA \r\n','2018-05-19 17:10:04',2,623,NULL),(3200,'071409543221','ACONDICIONAR PARA CABALLO','2018-05-19 17:11:46',16,624,NULL),(3201,'650240032677','CELULAR MADRE HUMECTANTE\r\n','2018-05-19 17:15:25',2,623,NULL),(3202,'42277040','NIVEA CUIDADO FACIAL NUTRITIVO\r\n','2018-05-19 17:16:36',2,483,NULL),(3203,'2018227619471','BALDE FRESQUERO\r\n','2018-05-19 17:27:50',23,53,NULL),(3204,'2018227719123','HERMETICO NATURAS','2018-05-19 17:35:05',23,241,NULL),(3205,'2018227819432','COLADOR GRANDE COLORES','2018-05-19 17:41:27',30,53,NULL),(3206,'7419900001506','PLATO SOPER 32 ONZ\r\n','2018-05-19 17:44:33',4,147,NULL),(3207,'7453049017516','COLADOR PEQUEÑO MULTI COLOR','2018-05-19 17:45:42',30,53,NULL),(3208,'2018228119179','CUCHARA METALICA PEQUEÑA\r\n','2018-05-19 17:51:52',30,53,NULL),(3209,'6940924311162','CUCHARA METALICA GRANDE ','2018-05-21 15:17:16',30,450,NULL),(3210,'2018228321735','PELADOR DE FRUTAS GRANDE\r\n','2018-05-21 15:24:59',30,53,NULL),(3211,'2018228421493','PLATO AUSTRALIAN CON DECORACION RAYO\r\n','2018-05-21 15:32:28',30,285,NULL),(3212,'2702828900432                           ','ABRE LATAS BOTTLE OPENER\r\n','2018-05-21 15:41:35',30,625,NULL),(3213,'2110000116606','RAYADOR DE QUESO\r\n','2018-05-21 15:47:32',30,626,NULL),(3214,'2990004000022','VASO DE ALUMINIO STAINLESS STEEL\r\n','2018-05-21 15:52:12',30,450,NULL),(3215,'20182288211','RAYADOR KAWAKI CON RECIPIENTE','2018-05-21 15:59:19',23,627,NULL),(3216,'7419900900465','PICA HIELO MANGO MADERA\r\n','2018-05-21 16:11:35',30,628,NULL),(3217,'6944128600251','RAYADOR METALICO\r\n','2018-05-21 16:14:31',30,450,NULL),(3218,'2018221902','GUACAL PEQUEÑO DE PLASTICO\r\n','2018-05-21 16:19:03',23,53,NULL),(3219,'2018229221524','BOTES SALSEROS\r\n','2018-05-21 16:24:54',30,53,NULL),(3220,'7419900900023','PACHON OVEJITAS\r\n','2018-05-21 16:32:08',23,629,NULL),(3221,'2018229421645','VASO CON PAJILLA BEN 10','2018-05-21 16:41:45',23,53,NULL),(3222,'704936248603','SET DE PACHA Y SEMILLO\r\n','2018-05-21 16:43:39',23,415,NULL),(3223,'6980170014875','SET DE PACHA + CEPILLO\r\n','2018-05-21 16:44:45',23,630,NULL),(3224,' 6946940054335','PACHA + CEPILLO\r\n','2018-05-21 16:48:02',23,630,NULL),(3225,'6946940054311','DOS PACHAS + CEPILLO\r\n','2018-05-21 16:50:28',23,630,NULL),(3226,'827680240508','SET DE DOS PACHAS FAMILY MAID\r\n','2018-05-21 16:53:00',23,279,NULL),(3227,'767396341208','VASO CON BEBEDERO PEQUEÑO\r\n','2018-05-21 16:56:52',23,412,NULL),(3228,'6949489700244','PELADOR DE VERDURAS\r\n','2018-05-21 16:58:26',30,450,NULL),(3229,'6936246110064','BALDE MEDIANO CON RUEDITAS ','2018-05-21 17:02:27',23,53,NULL),(3230,'t1234569053','CHUPETE BEBE \r\n','2018-05-21 17:03:30',23,631,NULL),(3231,'2018230421595','CUCHILLO PARA CORTAR HUESO\r\n','2018-05-21 17:05:57',30,632,NULL),(3232,'7501027570017','PACHA CONEJO MEDIANA\r\n','2018-05-21 17:07:59',23,633,NULL),(3233,'7419900901387','CADENA PARA PERRO PEQUEÑA','2018-05-21 17:13:48',48,634,NULL),(3234,'2018230721376','GANCHO PARA CPOLGAR ROPA PEQUEÑO\r\n','2018-05-21 17:18:16',23,53,NULL),(3235,'7410010264003','GANCHO PARA COLGAR ROPA GRANDE\r\n','2018-05-21 17:18:16',23,396,NULL),(3236,'8276801751928','CORTINA PARA BAÑO SHOWER CURTAIN\r\n','2018-05-21 17:26:03',23,279,NULL),(3237,'2018021626','PROTECTOR PARA CEPILLO','2018-05-21 17:26:03',23,53,NULL),(3238,'2018021727','ZAPATITO PARA RECIEN NACIDO','2018-05-21 17:26:03',54,635,NULL),(3239,'2018021196','DEPOSITO PARA LECHE','2018-05-21 17:26:03',23,636,NULL),(3240,'2018231321857','SET DE 4 VASITOS MULTICOLOR\r\n','2018-05-21 17:34:41',23,53,NULL),(3241,'2018231421579','SET DE 4 TAZAS PEQUEÑAS MULTICOLOR','2018-05-21 17:34:41',23,53,NULL),(3242,'20182315215','JABONERA DOBLE ADESIBA\r\n','2018-05-21 17:38:08',23,53,NULL),(3243,'2018231621571','TAZA + BASE \r\n','2018-05-21 17:39:46',23,637,NULL),(3244,'3303444641639','SET DE DEPOSITOS','2018-05-21 17:39:46',23,369,NULL),(3245,'2018231821354','BOLSA PARA TORTILLA DE TELA\r\n','2018-05-21 17:47:07',30,53,NULL),(3246,'759364921567','PALA PARA BASURA\r\n','2018-05-21 17:50:57',23,140,NULL),(3247,'2018232021723','MESA PLASTICA PARA NIÑO','2018-05-21 17:55:56',23,53,NULL),(3248,'2018121157','GUACAL GRANDE ','2018-05-21 17:55:56',23,53,NULL),(3249,'2018021410','GUACAL MEDIANO MAXISOL\r\n','2018-05-21 17:55:56',23,2,NULL),(3250,'6947339300231','TIJERA SCISSORS PARA TELA\r\n','2018-05-21 19:53:58',5,369,NULL),(3251,'6598743158538','VELAS PÀRA CUMPLEAÑOS\r\n','2018-05-21 19:55:19',5,53,NULL),(3252,'2018232521917','VASO PARA FIESTA SPIDERMAN\r\n','2018-05-21 19:57:01',5,53,NULL),(3253,'2018232621826','BOLSA GLOBOS PARA FIESTA VARIEDAD','2018-05-21 19:58:48',5,53,NULL),(3254,'2016050705718','CHONGA PARA NAVIDAD\r\n','2018-05-21 20:00:38',5,369,NULL),(3255,'2018232821695','INVITACIONES CUMPLEAÑOS VARIADAS','2018-05-21 20:03:18',56,53,NULL),(3256,'6931650500265','VELITAS PARA CUMPLEAÑOS\r\n','2018-05-21 20:07:11',5,369,NULL),(3257,'2018233021436','VELAS DE NUMERO PARA CUMPLEAÑOS','2018-05-21 20:09:57',5,53,NULL),(3258,'2018233121749','SOBRE DECORADO PARA CUMPLEAÑO\r\n','2018-05-21 20:13:27',56,53,NULL),(3259,'2018233221850','SOMBRERO PLAYERO\r\n','2018-05-21 20:15:41',54,53,NULL),(3260,'2018233321467','ALMUERSERA DE TELA\r\n','2018-05-21 20:17:26',30,53,NULL),(3261,'6940351010188','BOLSA PARA MERCADO DE PUNTOS\r\n','2018-05-21 20:17:26',54,369,NULL),(3262,'8276803262606','FORRO PARA MANUBRIO CARRO\r\n','2018-05-21 20:17:26',54,279,NULL),(3263,'2018233621250','PELOTA DE PLASTICO','2018-05-21 20:27:02',24,53,NULL),(3264,'7406078032982','PLASTICO PARA FORRAR CUADERNOS\r\n','2018-05-21 20:41:56',56,638,NULL),(3265,'6922721700134','PLUMON PERMANENTE','2018-05-21 20:47:51',56,639,NULL),(3266,'5024211201754','SET DE UÑAS','2018-05-21 20:51:05',2,369,NULL),(3267,'7807265980442','PALOS DE HELADO\r\n','2018-05-21 20:52:34',56,640,NULL),(3268,'9023800691019','CORRECTOR KORES AQUA\r\n','2018-05-21 20:54:49',56,641,NULL),(3269,'2018234221638','TABLA PORTA DOCUEMNETOS\r\n','2018-05-21 20:57:24',56,53,NULL),(3270,'2018234321645','LAPICERO BIC VARIEDAD DE COLORES\r\n','2018-05-21 20:57:24',56,101,NULL),(3271,'2018234421659','ZAPATOS VARIEDAD DE ESTILOS\r\n','2018-05-21 20:59:42',41,5,NULL),(3272,'2018234521298','SANDALIAS VARIEDAD DE ESTILOS\r\n','2018-05-21 21:02:01',41,5,NULL),(3273,'748850007618','SILLA JARDINERA\r\n','2018-05-21 21:07:12',23,642,NULL),(3274,'7411001802341','GASEOSA COCA COLA 1.25L\r\n','2018-05-22 16:45:15',35,579,NULL),(3275,'748757002150','YUCATEKAS 110G\r\n','2018-05-22 16:47:34',36,562,NULL),(3276,'748757007919','TOZTECAS 166G\r\n','2018-05-22 17:04:13',36,562,NULL),(3277,'748757000224','NACHOS 171G\r\n','2018-05-22 17:04:13',36,562,NULL),(3278,'748757002013','PACHANGA MIX 124G\r\n','2018-05-22 17:04:13',36,562,NULL),(3279,'748757008770','KORCHIPS 180G\r\n','2018-05-22 17:04:13',36,562,NULL),(3280,'748757008787','KORCHIPS PICANTE\r\n','2018-05-22 17:04:13',36,562,NULL),(3281,'748757000101','TOCINITO 142G\r\n','2018-05-22 17:04:13',36,562,NULL),(3282,'748757000422','YUCA 110G\r\n','2018-05-22 17:04:13',36,562,NULL),(3283,'748757000088','CHURRITOS 97G\r\n','2018-05-22 17:04:13',36,562,NULL),(3284,'748757001436','CENTAVITOS CON PIQUETE 111G\r\n\r\n','2018-05-22 17:04:13',36,562,NULL),(3285,'748757000125','MAIZ CHINO PICANTE 144G\r\n\r\n','2018-05-22 17:04:13',36,562,NULL),(3286,'748757000200','JALAPENOS 182G\r\n','2018-05-22 17:04:13',36,562,NULL),(3287,'748757003911','CONGA MIX 110G\r\n','2018-05-22 17:04:13',36,562,NULL),(3288,'748757000781','CHICHARRONES CON LIMON 47G\r\n','2018-05-22 17:04:13',36,562,NULL),(3289,'748757001238','CENTAVITOS SALSA Y QUESO 111G\r\n','2018-05-22 17:04:13',36,562,NULL),(3290,'748757001559','ELOTITOS VALIENTES 24G\r\n','2018-05-22 17:46:47',36,562,NULL),(3291,'748757005793','gomitas 20g\r\n','2018-05-22 17:49:37',36,562,NULL),(3292,'7414101000068','CAJA DE MEDALLONES PEQUENA\r\n','2018-05-22 17:54:46',53,584,NULL),(3293,'7401005915017','PEPSI 3LTRS  \r\n','2018-05-22 18:01:01',35,574,NULL);
/*!40000 ALTER TABLE `productos` ENABLE KEYS */;
UNLOCK TABLES;

--
-- Table structure for table `proveedores`
--

DROP TABLE IF EXISTS `proveedores`;
/*!40101 SET @saved_cs_client     = @@character_set_client */;
/*!40101 SET character_set_client = utf8 */;
CREATE TABLE `proveedores` (
  `idproveedor` int(11) NOT NULL AUTO_INCREMENT,
  `cod_proveedor` varchar(45) NOT NULL,
  `nombre_proveedor` varchar(100) NOT NULL,
  `dui` varchar(45) DEFAULT NULL,
  `nit` varchar(45) DEFAULT NULL,
  `ncr` varchar(45) DEFAULT NULL,
  `direccion` varchar(45) DEFAULT NULL,
  `telefono` varchar(45) NOT NULL,
  `email` varchar(45) DEFAULT NULL,
  PRIMARY KEY (`idproveedor`)
) ENGINE=InnoDB AUTO_INCREMENT=4 DEFAULT CHARSET=utf8;
/*!40101 SET character_set_client = @saved_cs_client */;

--
-- Dumping data for table `proveedores`
--

LOCK TABLES `proveedores` WRITE;
/*!40000 ALTER TABLE `proveedores` DISABLE KEYS */;
INSERT INTO `proveedores` VALUES (1,'001','Arrocera san francisco sa de cv','-','-','-','San salvador','2401-8989','coreo@gmail.com'),(2,'002','edt el salvador sa de cv','-','-','-','-','-','-'),(3,'003','bydsa de cv','-','-','-','-','-','-');
/*!40000 ALTER TABLE `proveedores` ENABLE KEYS */;
UNLOCK TABLES;

--
-- Table structure for table `proveedores_productos`
--

DROP TABLE IF EXISTS `proveedores_productos`;
/*!40101 SET @saved_cs_client     = @@character_set_client */;
/*!40101 SET character_set_client = utf8 */;
CREATE TABLE `proveedores_productos` (
  `idproveedor_producto` int(11) NOT NULL AUTO_INCREMENT,
  `idproveedor` int(11) DEFAULT NULL,
  `idproducto` int(11) DEFAULT NULL,
  PRIMARY KEY (`idproveedor_producto`),
  KEY `fk_proveedores_productos_proveedores1_idx` (`idproveedor`),
  KEY `fk_proveedores_productos_productos1_idx` (`idproducto`),
  CONSTRAINT `fk_proveedores_productos_productos1` FOREIGN KEY (`idproducto`) REFERENCES `productos` (`idproducto`) ON DELETE NO ACTION ON UPDATE NO ACTION,
  CONSTRAINT `fk_proveedores_productos_proveedores1` FOREIGN KEY (`idproveedor`) REFERENCES `proveedores` (`idproveedor`) ON DELETE NO ACTION ON UPDATE NO ACTION
) ENGINE=InnoDB AUTO_INCREMENT=265 DEFAULT CHARSET=latin1;
/*!40101 SET character_set_client = @saved_cs_client */;

--
-- Dumping data for table `proveedores_productos`
--

LOCK TABLES `proveedores_productos` WRITE;
/*!40000 ALTER TABLE `proveedores_productos` DISABLE KEYS */;
INSERT INTO `proveedores_productos` VALUES (1,1,1),(2,3,3031),(3,2,3032),(4,2,3033),(5,2,3034),(6,2,3035),(7,2,3036),(8,2,3037),(9,2,3038),(10,2,3039),(11,2,3040),(12,2,3041),(13,2,3042),(14,2,3043),(15,2,3044),(16,2,3045),(17,2,3046),(18,2,3047),(19,2,3048),(20,2,3049),(21,2,3050),(22,2,3051),(23,2,3052),(24,2,3053),(25,2,3054),(26,2,3055),(27,2,3056),(28,2,3057),(29,2,3058),(30,2,3059),(31,2,3060),(32,2,3061),(33,1,3062),(34,1,3063),(35,2,3064),(36,2,3065),(37,2,3066),(38,2,3067),(39,2,3068),(40,2,3069),(41,2,3070),(42,2,3071),(43,2,3072),(44,2,3073),(45,2,3074),(46,2,3075),(47,2,3076),(48,2,3077),(49,2,3078),(50,2,3079),(51,2,3080),(52,2,3081),(53,2,3082),(54,2,3083),(55,2,3084),(56,2,3085),(57,2,3086),(58,2,3087),(59,2,3088),(60,2,3089),(61,2,3090),(62,2,3091),(63,2,3092),(64,2,3093),(65,2,3094),(66,2,3095),(67,2,3096),(68,2,3097),(69,2,3098),(70,2,3099),(71,2,3100),(72,2,3101),(73,2,3102),(74,2,3103),(75,2,3104),(76,2,3105),(77,2,3106),(78,2,3107),(79,2,3108),(80,2,3109),(81,2,3110),(82,2,3111),(83,2,3112),(84,2,3113),(85,2,3114),(86,2,3115),(87,2,3116),(88,2,3117),(89,2,3118),(90,2,3119),(91,2,3120),(92,2,3121),(93,2,3122),(94,2,3123),(95,2,3124),(96,2,3125),(97,2,3126),(98,2,3127),(99,2,3128),(100,2,3129),(101,2,3130),(102,2,3131),(103,2,3132),(104,2,3133),(105,2,3134),(106,2,3135),(107,2,3136),(108,2,3137),(109,2,3138),(110,2,3139),(111,2,3140),(112,2,3141),(113,2,3142),(114,2,3143),(115,2,3144),(116,2,3145),(117,2,3146),(118,2,3147),(119,2,3148),(120,2,3149),(121,2,3150),(122,2,3151),(123,2,3152),(124,2,3153),(125,2,3154),(126,2,3155),(127,2,3156),(128,2,3157),(129,2,3158),(130,2,3159),(131,2,3160),(132,2,3161),(133,2,3162),(134,2,3163),(135,2,3164),(136,2,3165),(137,2,3166),(138,2,3167),(139,2,3168),(140,2,3169),(141,2,3170),(142,2,3171),(143,2,3172),(144,2,3173),(145,2,3174),(146,2,3175),(147,2,3176),(148,2,3177),(150,2,3179),(151,2,3180),(152,2,3181),(153,2,3182),(154,2,3183),(155,2,3184),(156,2,3185),(157,2,3186),(158,2,3187),(159,2,3188),(160,2,3189),(161,2,3190),(162,2,3191),(163,2,3192),(164,2,3193),(165,2,3194),(166,2,3195),(167,2,3196),(168,2,3197),(169,2,3198),(170,2,3199),(171,2,3200),(172,2,3201),(173,2,3202),(174,2,3203),(175,2,3204),(176,2,3205),(177,2,3206),(178,2,3207),(179,2,3208),(180,2,3209),(181,2,3210),(182,2,3211),(183,2,3212),(184,2,3213),(185,2,3214),(186,2,3215),(187,2,3216),(188,1,3217),(189,2,3218),(190,2,3219),(191,2,3220),(192,2,3221),(193,2,3222),(194,2,3223),(195,2,3224),(196,2,3225),(197,2,3226),(198,2,3227),(199,2,3228),(200,2,3229),(201,2,3230),(202,2,3231),(203,2,3232),(204,2,3233),(205,2,3234),(206,2,3235),(207,2,3236),(208,2,3237),(209,2,3238),(210,2,3239),(211,2,3240),(212,2,3241),(213,2,3242),(214,2,3243),(215,2,3244),(216,2,3245),(217,2,3246),(218,2,3247),(219,2,3248),(220,2,3249),(221,2,3250),(222,2,3251),(223,2,3252),(224,2,3253),(225,2,3254),(226,2,3255),(227,2,3256),(228,2,3257),(229,2,3258),(230,2,3259),(231,2,3260),(232,2,3261),(233,2,3262),(234,2,3263),(235,2,3264),(236,2,3265),(237,2,3266),(238,2,3267),(239,2,3268),(240,2,3269),(241,2,3270),(242,2,3271),(243,2,3272),(244,2,3273),(245,2,3274),(246,2,3275),(247,2,3276),(248,2,3277),(249,2,3278),(250,2,3279),(251,2,3280),(252,2,3281),(253,2,3282),(254,2,3283),(255,2,3284),(256,2,3285),(257,2,3286),(258,2,3287),(259,2,3288),(260,2,3289),(261,2,3290),(262,2,3291),(263,2,3292),(264,2,3293);
/*!40000 ALTER TABLE `proveedores_productos` ENABLE KEYS */;
UNLOCK TABLES;

--
-- Table structure for table `sucursales`
--

DROP TABLE IF EXISTS `sucursales`;
/*!40101 SET @saved_cs_client     = @@character_set_client */;
/*!40101 SET character_set_client = utf8 */;
CREATE TABLE `sucursales` (
  `idsucursal` int(11) NOT NULL AUTO_INCREMENT,
  `numero_de_sucursal` varchar(10) NOT NULL,
  `direccion` varchar(300) NOT NULL,
  `telefono` varchar(45) NOT NULL,
  `encargado` varchar(50) NOT NULL,
  PRIMARY KEY (`idsucursal`)
) ENGINE=InnoDB AUTO_INCREMENT=6 DEFAULT CHARSET=utf8;
/*!40101 SET character_set_client = @saved_cs_client */;

--
-- Dumping data for table `sucursales`
--

LOCK TABLES `sucursales` WRITE;
/*!40000 ALTER TABLE `sucursales` DISABLE KEYS */;
INSERT INTO `sucursales` VALUES (1,'2','Barrio el rosario, salcoatitan','241-8956','1'),(4,'1','Hola bueanas','5689','8989'),(5,'3','San jose de la majada','21485','jose chepe');
/*!40000 ALTER TABLE `sucursales` ENABLE KEYS */;
UNLOCK TABLES;

--
-- Table structure for table `sucursales_productos`
--

DROP TABLE IF EXISTS `sucursales_productos`;
/*!40101 SET @saved_cs_client     = @@character_set_client */;
/*!40101 SET character_set_client = utf8 */;
CREATE TABLE `sucursales_productos` (
  `idsucursal_producto` int(11) NOT NULL AUTO_INCREMENT,
  `idsucursal` int(11) NOT NULL,
  `idproducto` int(11) NOT NULL,
  `idutilidadMayoreo` int(11) DEFAULT NULL,
  `idutilidadDetalles` int(11) DEFAULT NULL,
  `idestante` int(11) DEFAULT NULL,
  `existencias` int(11) DEFAULT NULL,
  `precio_venta` double(6,2) DEFAULT NULL,
  `precio_compra` double(6,2) DEFAULT NULL,
  `precio_ventaM` double(6,2) DEFAULT NULL,
  `precio_compraM` double(6,2) DEFAULT NULL,
  PRIMARY KEY (`idsucursal_producto`),
  KEY `fk_sucursales_productos_productos1_idx` (`idproducto`),
  KEY `fk_sucursales_productos_sucursales1_idx` (`idsucursal`),
  KEY `fk_sucursales_productos_utilidades_compras1_idx` (`idutilidadMayoreo`),
  KEY `fk_sucursales_productos_estantes1_idx` (`idestante`),
  KEY `fk_suuili_m_idx` (`idutilidadDetalles`),
  CONSTRAINT `fk_sucursales_productos_estantes1` FOREIGN KEY (`idestante`) REFERENCES `estantes` (`idestante`) ON DELETE NO ACTION ON UPDATE NO ACTION,
  CONSTRAINT `fk_sucursales_productos_productos1` FOREIGN KEY (`idproducto`) REFERENCES `productos` (`idproducto`) ON DELETE NO ACTION ON UPDATE NO ACTION,
  CONSTRAINT `fk_sucursales_productos_sucursales1` FOREIGN KEY (`idsucursal`) REFERENCES `sucursales` (`idsucursal`) ON DELETE NO ACTION ON UPDATE NO ACTION,
  CONSTRAINT `fk_sucursales_productos_utilidades_compras1` FOREIGN KEY (`idutilidadMayoreo`) REFERENCES `utilidades_compras` (`idutilidad_compra`) ON DELETE NO ACTION ON UPDATE NO ACTION,
  CONSTRAINT `fk_suuili_m` FOREIGN KEY (`idutilidadDetalles`) REFERENCES `utilidades_compras` (`idutilidad_compra`) ON DELETE NO ACTION ON UPDATE NO ACTION
) ENGINE=InnoDB AUTO_INCREMENT=10564 DEFAULT CHARSET=latin1;
/*!40101 SET character_set_client = @saved_cs_client */;

--
-- Dumping data for table `sucursales_productos`
--

LOCK TABLES `sucursales_productos` WRITE;
/*!40000 ALTER TABLE `sucursales_productos` DISABLE KEYS */;
INSERT INTO `sucursales_productos` VALUES (8191,5,1,2,4,1,0,0.00,0.00,0.00,0.00),(8192,5,2,2,4,1,0,0.00,0.00,0.00,0.00),(8193,5,4,2,4,1,0,0.00,0.00,0.00,0.00),(8194,5,54,2,4,1,0,0.00,0.00,0.00,0.00),(8195,5,65,2,4,1,0,0.00,0.00,0.00,0.00),(8196,5,86,2,4,1,0,0.00,0.00,0.00,0.00),(8197,5,87,2,4,1,0,0.00,0.00,0.00,0.00),(8198,5,93,2,4,1,0,0.00,0.00,0.00,0.00),(8199,5,117,2,4,1,0,0.00,0.00,0.00,0.00),(8200,5,128,2,4,1,0,0.00,0.00,0.00,0.00),(8201,5,165,2,4,1,0,0.00,0.00,0.00,0.00),(8202,5,178,2,4,1,0,0.00,0.00,0.00,0.00),(8203,5,179,2,4,1,0,0.00,0.00,0.00,0.00),(8204,5,185,2,4,1,0,0.00,0.00,0.00,0.00),(8205,5,186,2,4,1,0,0.00,0.00,0.00,0.00),(8206,5,188,2,4,1,0,0.00,0.00,0.00,0.00),(8207,5,189,2,4,1,0,0.00,0.00,0.00,0.00),(8208,5,190,2,4,1,0,0.00,0.00,0.00,0.00),(8209,5,193,2,4,1,0,0.00,0.00,0.00,0.00),(8210,5,365,2,4,1,0,0.00,0.00,0.00,0.00),(8211,5,367,2,4,1,0,0.00,0.00,0.00,0.00),(8212,5,444,2,4,1,0,0.00,0.00,0.00,0.00),(8213,5,513,2,4,1,0,0.00,0.00,0.00,0.00),(8214,5,518,2,4,1,0,0.00,0.00,0.00,0.00),(8215,5,519,2,4,1,0,0.00,0.00,0.00,0.00),(8216,5,522,2,4,1,0,0.00,0.00,0.00,0.00),(8217,5,570,2,4,1,0,0.00,0.00,0.00,0.00),(8218,5,571,2,4,1,0,0.00,0.00,0.00,0.00),(8219,5,578,2,4,1,0,0.00,0.00,0.00,0.00),(8220,5,579,2,4,1,0,0.00,0.00,0.00,0.00),(8221,5,584,2,4,1,0,0.00,0.00,0.00,0.00),(8222,5,585,2,4,1,0,0.00,0.00,0.00,0.00),(8223,5,586,2,4,1,0,0.00,0.00,0.00,0.00),(8224,5,592,2,4,1,0,0.00,0.00,0.00,0.00),(8225,5,597,2,4,1,0,0.00,0.00,0.00,0.00),(8226,5,598,2,4,1,0,0.00,0.00,0.00,0.00),(8227,5,600,2,4,1,0,0.00,0.00,0.00,0.00),(8228,5,603,2,4,1,0,0.00,0.00,0.00,0.00),(8229,5,608,2,4,1,0,0.00,0.00,0.00,0.00),(8230,5,624,2,4,1,0,0.00,0.00,0.00,0.00),(8231,5,625,2,4,1,0,0.00,0.00,0.00,0.00),(8232,5,704,2,4,1,0,0.00,0.00,0.00,0.00),(8233,5,705,2,4,1,0,0.00,0.00,0.00,0.00),(8234,5,706,2,4,1,0,0.00,0.00,0.00,0.00),(8235,5,714,2,4,1,0,0.00,0.00,0.00,0.00),(8236,5,827,2,4,1,0,0.00,0.00,0.00,0.00),(8237,5,899,2,4,1,0,0.00,0.00,0.00,0.00),(8238,5,912,2,4,1,0,0.00,0.00,0.00,0.00),(8239,5,913,2,4,1,0,0.00,0.00,0.00,0.00),(8240,5,917,2,4,1,0,0.00,0.00,0.00,0.00),(8241,5,918,2,4,1,0,0.00,0.00,0.00,0.00),(8242,5,919,2,4,1,0,0.00,0.00,0.00,0.00),(8243,5,920,2,4,1,0,0.00,0.00,0.00,0.00),(8244,5,921,2,4,1,0,0.00,0.00,0.00,0.00),(8245,5,923,2,4,1,0,0.00,0.00,0.00,0.00),(8246,5,924,2,4,1,0,0.00,0.00,0.00,0.00),(8247,5,926,2,4,1,0,0.00,0.00,0.00,0.00),(8248,5,930,2,4,1,0,0.00,0.00,0.00,0.00),(8249,5,938,2,4,1,0,0.00,0.00,0.00,0.00),(8250,5,939,2,4,1,0,0.00,0.00,0.00,0.00),(8251,5,941,2,4,1,0,0.00,0.00,0.00,0.00),(8252,5,943,2,4,1,0,0.00,0.00,0.00,0.00),(8253,5,945,2,4,1,0,0.00,0.00,0.00,0.00),(8254,5,946,2,4,1,0,0.00,0.00,0.00,0.00),(8255,5,947,2,4,1,0,0.00,0.00,0.00,0.00),(8256,5,948,2,4,1,0,0.00,0.00,0.00,0.00),(8257,5,949,2,4,1,0,0.00,0.00,0.00,0.00),(8258,5,950,2,4,1,0,0.00,0.00,0.00,0.00),(8259,5,951,2,4,1,0,0.00,0.00,0.00,0.00),(8260,5,953,2,4,1,0,0.00,0.00,0.00,0.00),(8261,5,954,2,4,1,0,0.00,0.00,0.00,0.00),(8262,5,955,2,4,1,0,0.00,0.00,0.00,0.00),(8263,5,956,2,4,1,0,0.00,0.00,0.00,0.00),(8264,5,957,2,4,1,0,0.00,0.00,0.00,0.00),(8265,5,958,2,4,1,0,0.00,0.00,0.00,0.00),(8266,5,1012,2,4,1,0,0.00,0.00,0.00,0.00),(8267,5,1015,2,4,1,0,0.00,0.00,0.00,0.00),(8268,5,1017,2,4,1,0,0.00,0.00,0.00,0.00),(8269,5,1038,2,4,1,0,0.00,0.00,0.00,0.00),(8270,5,1041,2,4,1,0,0.00,0.00,0.00,0.00),(8271,5,1042,2,4,1,0,0.00,0.00,0.00,0.00),(8272,5,1043,2,4,1,0,0.00,0.00,0.00,0.00),(8273,5,1047,2,4,1,0,0.00,0.00,0.00,0.00),(8274,5,1049,2,4,1,0,0.00,0.00,0.00,0.00),(8275,5,1051,2,4,1,0,0.00,0.00,0.00,0.00),(8276,5,1052,2,4,1,0,0.00,0.00,0.00,0.00),(8277,5,1056,2,4,1,0,0.00,0.00,0.00,0.00),(8278,5,1057,2,4,1,0,0.00,0.00,0.00,0.00),(8279,5,1058,2,4,1,0,0.00,0.00,0.00,0.00),(8280,5,1079,2,4,1,0,0.00,0.00,0.00,0.00),(8281,5,1081,2,4,1,0,0.00,0.00,0.00,0.00),(8282,5,1082,2,4,1,0,0.00,0.00,0.00,0.00),(8283,5,1084,2,4,1,0,0.00,0.00,0.00,0.00),(8284,5,1091,2,4,1,0,0.00,0.00,0.00,0.00),(8285,5,1093,2,4,1,0,0.00,0.00,0.00,0.00),(8286,5,1094,2,4,1,0,0.00,0.00,0.00,0.00),(8287,5,1095,2,4,1,0,0.00,0.00,0.00,0.00),(8288,5,1096,2,4,1,0,0.00,0.00,0.00,0.00),(8289,5,1101,2,4,1,0,0.00,0.00,0.00,0.00),(8290,5,1102,2,4,1,0,0.00,0.00,0.00,0.00),(8291,5,1139,2,4,1,0,0.00,0.00,0.00,0.00),(8292,5,1148,2,4,1,0,0.00,0.00,0.00,0.00),(8293,5,1149,2,4,1,0,0.00,0.00,0.00,0.00),(8294,5,1150,2,4,1,0,0.00,0.00,0.00,0.00),(8295,5,1151,2,4,1,0,0.00,0.00,0.00,0.00),(8296,5,1152,2,4,1,0,0.00,0.00,0.00,0.00),(8297,5,1153,2,4,1,0,0.00,0.00,0.00,0.00),(8298,5,1155,2,4,1,0,0.00,0.00,0.00,0.00),(8299,5,1156,2,4,1,0,0.00,0.00,0.00,0.00),(8300,5,1163,2,4,1,0,0.00,0.00,0.00,0.00),(8301,5,1164,2,4,1,0,0.00,0.00,0.00,0.00),(8302,5,1165,2,4,1,0,0.00,0.00,0.00,0.00),(8303,5,1166,2,4,1,0,0.00,0.00,0.00,0.00),(8304,5,1167,2,4,1,0,0.00,0.00,0.00,0.00),(8305,5,1168,2,4,1,0,0.00,0.00,0.00,0.00),(8306,5,1169,2,4,1,0,0.00,0.00,0.00,0.00),(8307,5,1188,2,4,1,0,0.00,0.00,0.00,0.00),(8308,5,1201,2,4,1,0,0.00,0.00,0.00,0.00),(8309,5,1211,2,4,1,0,0.00,0.00,0.00,0.00),(8310,5,1212,2,4,1,0,0.00,0.00,0.00,0.00),(8311,5,1252,2,4,1,0,0.00,0.00,0.00,0.00),(8312,5,1253,2,4,1,0,0.00,0.00,0.00,0.00),(8313,5,1263,2,4,1,0,0.00,0.00,0.00,0.00),(8314,5,1344,2,4,1,0,0.00,0.00,0.00,0.00),(8315,5,1345,2,4,1,0,0.00,0.00,0.00,0.00),(8316,5,1351,2,4,1,0,0.00,0.00,0.00,0.00),(8317,5,1352,2,4,1,0,0.00,0.00,0.00,0.00),(8318,5,1358,2,4,1,0,0.00,0.00,0.00,0.00),(8319,5,1450,2,4,1,0,0.00,0.00,0.00,0.00),(8320,5,1451,2,4,1,0,0.00,0.00,0.00,0.00),(8321,5,1452,2,4,1,0,0.00,0.00,0.00,0.00),(8322,5,1468,2,4,1,0,0.00,0.00,0.00,0.00),(8323,5,1470,2,4,1,0,0.00,0.00,0.00,0.00),(8324,5,1471,2,4,1,0,0.00,0.00,0.00,0.00),(8325,5,1514,2,4,1,0,0.00,0.00,0.00,0.00),(8326,5,1515,2,4,1,0,0.00,0.00,0.00,0.00),(8327,5,1516,2,4,1,0,0.00,0.00,0.00,0.00),(8328,5,1517,2,4,1,0,0.00,0.00,0.00,0.00),(8329,5,1518,2,4,1,0,0.00,0.00,0.00,0.00),(8330,5,1520,2,4,1,0,0.00,0.00,0.00,0.00),(8331,5,1521,2,4,1,0,0.00,0.00,0.00,0.00),(8332,5,1522,2,4,1,0,0.00,0.00,0.00,0.00),(8333,5,1523,2,4,1,0,0.00,0.00,0.00,0.00),(8334,5,1524,2,4,1,0,0.00,0.00,0.00,0.00),(8335,5,1526,2,4,1,0,0.00,0.00,0.00,0.00),(8336,5,1527,2,4,1,0,0.00,0.00,0.00,0.00),(8337,5,1594,2,4,1,0,0.00,0.00,0.00,0.00),(8338,5,1595,2,4,1,0,0.00,0.00,0.00,0.00),(8339,5,1597,2,4,1,0,0.00,0.00,0.00,0.00),(8340,5,1598,2,4,1,0,0.00,0.00,0.00,0.00),(8341,5,1601,2,4,1,0,0.00,0.00,0.00,0.00),(8342,5,1603,2,4,1,0,0.00,0.00,0.00,0.00),(8343,5,1605,2,4,1,0,0.00,0.00,0.00,0.00),(8344,5,1608,2,4,1,0,0.00,0.00,0.00,0.00),(8345,5,1610,2,4,1,0,0.00,0.00,0.00,0.00),(8346,5,1613,2,4,1,0,0.00,0.00,0.00,0.00),(8347,5,1640,2,4,1,0,0.00,0.00,0.00,0.00),(8348,5,1758,2,4,1,0,0.00,0.00,0.00,0.00),(8349,5,1759,2,4,1,0,0.00,0.00,0.00,0.00),(8350,5,1765,2,4,1,0,0.00,0.00,0.00,0.00),(8351,5,1804,2,4,1,0,0.00,0.00,0.00,0.00),(8352,5,1805,2,4,1,0,0.00,0.00,0.00,0.00),(8353,5,1807,2,4,1,0,0.00,0.00,0.00,0.00),(8354,5,1809,2,4,1,0,0.00,0.00,0.00,0.00),(8355,5,1812,2,4,1,0,0.00,0.00,0.00,0.00),(8356,5,1815,2,4,1,0,0.00,0.00,0.00,0.00),(8357,5,1816,2,4,1,0,0.00,0.00,0.00,0.00),(8358,5,1818,2,4,1,0,0.00,0.00,0.00,0.00),(8359,5,1819,2,4,1,0,0.00,0.00,0.00,0.00),(8360,5,1824,2,4,1,0,0.00,0.00,0.00,0.00),(8361,5,1836,2,4,1,0,0.00,0.00,0.00,0.00),(8362,5,1837,2,4,1,0,0.00,0.00,0.00,0.00),(8363,5,1839,2,4,1,0,0.00,0.00,0.00,0.00),(8364,5,1843,2,4,1,0,0.00,0.00,0.00,0.00),(8365,5,1899,2,4,1,0,0.00,0.00,0.00,0.00),(8366,5,1901,2,4,1,0,0.00,0.00,0.00,0.00),(8367,5,1962,2,4,1,0,0.00,0.00,0.00,0.00),(8368,5,1964,2,4,1,0,0.00,0.00,0.00,0.00),(8369,5,1965,2,4,1,0,0.00,0.00,0.00,0.00),(8370,5,1968,2,4,1,0,0.00,0.00,0.00,0.00),(8371,5,1972,2,4,1,0,0.00,0.00,0.00,0.00),(8372,5,1973,2,4,1,0,0.00,0.00,0.00,0.00),(8373,5,2008,2,4,1,0,0.00,0.00,0.00,0.00),(8374,5,2019,2,4,1,0,0.00,0.00,0.00,0.00),(8375,5,2022,2,4,1,0,0.00,0.00,0.00,0.00),(8376,5,2025,2,4,1,0,0.00,0.00,0.00,0.00),(8377,5,2027,2,4,1,0,0.00,0.00,0.00,0.00),(8378,5,2029,2,4,1,0,0.00,0.00,0.00,0.00),(8379,5,2031,2,4,1,0,0.00,0.00,0.00,0.00),(8380,5,2032,2,4,1,0,0.00,0.00,0.00,0.00),(8381,5,2033,2,4,1,0,0.00,0.00,0.00,0.00),(8382,5,2034,2,4,1,0,0.00,0.00,0.00,0.00),(8383,5,2035,2,4,1,0,0.00,0.00,0.00,0.00),(8384,5,2069,2,4,1,0,0.00,0.00,0.00,0.00),(8385,5,2070,2,4,1,0,0.00,0.00,0.00,0.00),(8386,5,2071,2,4,1,0,0.00,0.00,0.00,0.00),(8387,5,2072,2,4,1,0,0.00,0.00,0.00,0.00),(8388,5,2085,2,4,1,0,0.00,0.00,0.00,0.00),(8389,5,2086,2,4,1,0,0.00,0.00,0.00,0.00),(8390,5,2087,2,4,1,0,0.00,0.00,0.00,0.00),(8391,5,2088,2,4,1,0,0.00,0.00,0.00,0.00),(8392,5,2089,2,4,1,0,0.00,0.00,0.00,0.00),(8393,5,2090,2,4,1,0,0.00,0.00,0.00,0.00),(8394,5,2091,2,4,1,0,0.00,0.00,0.00,0.00),(8395,5,2092,2,4,1,0,0.00,0.00,0.00,0.00),(8396,5,2093,2,4,1,0,0.00,0.00,0.00,0.00),(8397,5,2094,2,4,1,0,0.00,0.00,0.00,0.00),(8398,5,2095,2,4,1,0,0.00,0.00,0.00,0.00),(8399,5,2096,2,4,1,0,0.00,0.00,0.00,0.00),(8400,5,2097,2,4,1,0,0.00,0.00,0.00,0.00),(8401,5,2098,2,4,1,0,0.00,0.00,0.00,0.00),(8402,5,2099,2,4,1,0,0.00,0.00,0.00,0.00),(8403,5,2100,2,4,1,0,0.00,0.00,0.00,0.00),(8404,5,2101,2,4,1,0,0.00,0.00,0.00,0.00),(8405,5,2102,2,4,1,0,0.00,0.00,0.00,0.00),(8406,5,2103,2,4,1,0,0.00,0.00,0.00,0.00),(8407,5,2104,2,4,1,0,0.00,0.00,0.00,0.00),(8408,5,2105,2,4,1,0,0.00,0.00,0.00,0.00),(8409,5,2106,2,4,1,0,0.00,0.00,0.00,0.00),(8410,5,2107,2,4,1,0,0.00,0.00,0.00,0.00),(8411,5,2108,2,4,1,0,0.00,0.00,0.00,0.00),(8412,5,2109,2,4,1,0,0.00,0.00,0.00,0.00),(8413,5,2110,2,4,1,0,0.00,0.00,0.00,0.00),(8414,5,2111,2,4,1,0,0.00,0.00,0.00,0.00),(8415,5,2112,2,4,1,0,0.00,0.00,0.00,0.00),(8416,5,2113,2,4,1,0,0.00,0.00,0.00,0.00),(8417,5,2114,2,4,1,0,0.00,0.00,0.00,0.00),(8418,5,2115,2,4,1,0,0.00,0.00,0.00,0.00),(8419,5,2116,2,4,1,0,0.00,0.00,0.00,0.00),(8420,5,2117,2,4,1,0,0.00,0.00,0.00,0.00),(8421,5,2118,2,4,1,0,0.00,0.00,0.00,0.00),(8422,5,2119,2,4,1,0,0.00,0.00,0.00,0.00),(8423,5,2120,2,4,1,0,0.00,0.00,0.00,0.00),(8424,5,2121,2,4,1,0,0.00,0.00,0.00,0.00),(8425,5,2122,2,4,1,0,0.00,0.00,0.00,0.00),(8426,5,2123,2,4,1,0,0.00,0.00,0.00,0.00),(8427,5,2124,2,4,1,0,0.00,0.00,0.00,0.00),(8428,5,2125,2,4,1,0,0.00,0.00,0.00,0.00),(8429,5,2126,2,4,1,0,0.00,0.00,0.00,0.00),(8430,5,2127,2,4,1,0,0.00,0.00,0.00,0.00),(8431,5,2128,2,4,1,0,0.00,0.00,0.00,0.00),(8432,5,2129,2,4,1,0,0.00,0.00,0.00,0.00),(8433,5,2130,2,4,1,0,0.00,0.00,0.00,0.00),(8434,5,2131,2,4,1,0,0.00,0.00,0.00,0.00),(8435,5,2630,2,4,1,0,0.00,0.00,0.00,0.00),(8436,5,2954,2,4,1,0,0.00,0.00,0.00,0.00),(8437,5,2955,2,4,1,0,0.00,0.00,0.00,0.00),(8438,5,2956,2,4,1,0,0.00,0.00,0.00,0.00),(8439,5,9,2,4,2,0,0.00,0.00,0.00,0.00),(8440,5,34,2,4,2,0,0.00,0.00,0.00,0.00),(8441,5,137,2,4,2,0,0.00,0.00,0.00,0.00),(8442,5,139,2,4,2,0,0.00,0.00,0.00,0.00),(8443,5,140,2,4,2,0,0.00,0.00,0.00,0.00),(8444,5,142,2,4,2,0,0.00,0.00,0.00,0.00),(8445,5,144,2,4,2,0,0.00,0.00,0.00,0.00),(8446,5,148,2,4,2,0,0.00,0.00,0.00,0.00),(8447,5,149,2,4,2,0,0.00,0.00,0.00,0.00),(8448,5,150,2,4,2,0,0.00,0.00,0.00,0.00),(8449,5,151,2,4,2,0,0.00,0.00,0.00,0.00),(8450,5,152,2,4,2,0,0.00,0.00,0.00,0.00),(8451,5,153,2,4,2,0,0.00,0.00,0.00,0.00),(8452,5,154,2,4,2,0,0.00,0.00,0.00,0.00),(8453,5,283,2,4,2,0,0.00,0.00,0.00,0.00),(8454,5,286,2,4,2,0,0.00,0.00,0.00,0.00),(8455,5,288,2,4,2,0,0.00,0.00,0.00,0.00),(8456,5,289,2,4,2,0,0.00,0.00,0.00,0.00),(8457,5,292,2,4,2,0,0.00,0.00,0.00,0.00),(8458,5,506,2,4,2,0,0.00,0.00,0.00,0.00),(8459,5,509,2,4,2,0,0.00,0.00,0.00,0.00),(8460,5,530,2,4,2,0,0.00,0.00,0.00,0.00),(8461,5,637,2,4,2,0,0.00,0.00,0.00,0.00),(8462,5,640,2,4,2,0,0.00,0.00,0.00,0.00),(8463,5,641,2,4,2,0,0.00,0.00,0.00,0.00),(8464,5,642,2,4,2,0,0.00,0.00,0.00,0.00),(8465,5,644,2,4,2,0,0.00,0.00,0.00,0.00),(8466,5,645,2,4,2,0,0.00,0.00,0.00,0.00),(8467,5,650,2,4,2,0,0.00,0.00,0.00,0.00),(8468,5,651,2,4,2,0,0.00,0.00,0.00,0.00),(8469,5,652,2,4,2,0,0.00,0.00,0.00,0.00),(8470,5,656,2,4,2,0,0.00,0.00,0.00,0.00),(8471,5,657,2,4,2,0,0.00,0.00,0.00,0.00),(8472,5,721,2,4,2,0,0.00,0.00,0.00,0.00),(8473,5,722,2,4,2,0,0.00,0.00,0.00,0.00),(8474,5,723,2,4,2,0,0.00,0.00,0.00,0.00),(8475,5,767,2,4,2,0,0.00,0.00,0.00,0.00),(8476,5,768,2,4,2,0,0.00,0.00,0.00,0.00),(8477,5,769,2,4,2,0,0.00,0.00,0.00,0.00),(8478,5,806,2,4,2,0,0.00,0.00,0.00,0.00),(8479,5,808,2,4,2,0,0.00,0.00,0.00,0.00),(8480,5,810,2,4,2,0,0.00,0.00,0.00,0.00),(8481,5,811,2,4,2,0,0.00,0.00,0.00,0.00),(8482,5,812,2,4,2,0,0.00,0.00,0.00,0.00),(8483,5,813,2,4,2,0,0.00,0.00,0.00,0.00),(8484,5,814,2,4,2,0,0.00,0.00,0.00,0.00),(8485,5,850,2,4,2,0,0.00,0.00,0.00,0.00),(8486,5,855,2,4,2,0,0.00,0.00,0.00,0.00),(8487,5,859,2,4,2,0,0.00,0.00,0.00,0.00),(8488,5,860,2,4,2,0,0.00,0.00,0.00,0.00),(8489,5,865,2,4,2,0,0.00,0.00,0.00,0.00),(8490,5,888,2,4,2,0,0.00,0.00,0.00,0.00),(8491,5,889,2,4,2,0,0.00,0.00,0.00,0.00),(8492,5,890,2,4,2,0,0.00,0.00,0.00,0.00),(8493,5,891,2,4,2,0,0.00,0.00,0.00,0.00),(8494,5,897,2,4,2,0,0.00,0.00,0.00,0.00),(8495,5,898,2,4,2,0,0.00,0.00,0.00,0.00),(8496,5,979,2,4,2,0,0.00,0.00,0.00,0.00),(8497,5,980,2,4,2,0,0.00,0.00,0.00,0.00),(8498,5,981,2,4,2,0,0.00,0.00,0.00,0.00),(8499,5,1023,2,4,2,0,0.00,0.00,0.00,0.00),(8500,5,1024,2,4,2,0,0.00,0.00,0.00,0.00),(8501,5,1025,2,4,2,0,0.00,0.00,0.00,0.00),(8502,5,1026,2,4,2,0,0.00,0.00,0.00,0.00),(8503,5,1027,2,4,2,0,0.00,0.00,0.00,0.00),(8504,5,1028,2,4,2,0,0.00,0.00,0.00,0.00),(8505,5,1029,2,4,2,0,0.00,0.00,0.00,0.00),(8506,5,1030,2,4,2,0,0.00,0.00,0.00,0.00),(8507,5,1243,2,4,2,0,0.00,0.00,0.00,0.00),(8508,5,1249,2,4,2,0,0.00,0.00,0.00,0.00),(8509,5,1311,2,4,2,0,0.00,0.00,0.00,0.00),(8510,5,1312,2,4,2,0,0.00,0.00,0.00,0.00),(8511,5,1313,2,4,2,0,0.00,0.00,0.00,0.00),(8512,5,1332,2,4,2,0,0.00,0.00,0.00,0.00),(8513,5,1337,2,4,2,0,0.00,0.00,0.00,0.00),(8514,5,1363,2,4,2,0,0.00,0.00,0.00,0.00),(8515,5,1420,2,4,2,0,0.00,0.00,0.00,0.00),(8516,5,1421,2,4,2,0,0.00,0.00,0.00,0.00),(8517,5,1435,2,4,2,0,0.00,0.00,0.00,0.00),(8518,5,1436,2,4,2,0,0.00,0.00,0.00,0.00),(8519,5,1440,2,4,2,0,0.00,0.00,0.00,0.00),(8520,5,1448,2,4,2,0,0.00,0.00,0.00,0.00),(8521,5,1456,2,4,2,0,0.00,0.00,0.00,0.00),(8522,5,1458,2,4,2,0,0.00,0.00,0.00,0.00),(8523,5,1459,2,4,2,0,0.00,0.00,0.00,0.00),(8524,5,1536,2,4,2,0,0.00,0.00,0.00,0.00),(8525,5,1539,2,4,2,0,0.00,0.00,0.00,0.00),(8526,5,1540,2,4,2,0,0.00,0.00,0.00,0.00),(8527,5,1544,2,4,2,0,0.00,0.00,0.00,0.00),(8528,5,1545,2,4,2,0,0.00,0.00,0.00,0.00),(8529,5,1546,2,4,2,0,0.00,0.00,0.00,0.00),(8530,5,1547,2,4,2,0,0.00,0.00,0.00,0.00),(8531,5,1631,2,4,2,0,0.00,0.00,0.00,0.00),(8532,5,1632,2,4,2,0,0.00,0.00,0.00,0.00),(8533,5,1634,2,4,2,0,0.00,0.00,0.00,0.00),(8534,5,1636,2,4,2,0,0.00,0.00,0.00,0.00),(8535,5,1639,2,4,2,0,0.00,0.00,0.00,0.00),(8536,5,1641,2,4,2,0,0.00,0.00,0.00,0.00),(8537,5,1642,2,4,2,0,0.00,0.00,0.00,0.00),(8538,5,1659,2,4,2,0,0.00,0.00,0.00,0.00),(8539,5,1703,2,4,2,0,0.00,0.00,0.00,0.00),(8540,5,1713,2,4,2,0,0.00,0.00,0.00,0.00),(8541,5,1716,2,4,2,0,0.00,0.00,0.00,0.00),(8542,5,1730,2,4,2,0,0.00,0.00,0.00,0.00),(8543,5,1733,2,4,2,0,0.00,0.00,0.00,0.00),(8544,5,1735,2,4,2,0,0.00,0.00,0.00,0.00),(8545,5,1737,2,4,2,0,0.00,0.00,0.00,0.00),(8546,5,1749,2,4,2,0,0.00,0.00,0.00,0.00),(8547,5,1751,2,4,2,0,0.00,0.00,0.00,0.00),(8548,5,1763,2,4,2,0,0.00,0.00,0.00,0.00),(8549,5,1801,2,4,2,0,0.00,0.00,0.00,0.00),(8550,5,1842,2,4,2,0,0.00,0.00,0.00,0.00),(8551,5,1903,2,4,2,0,0.00,0.00,0.00,0.00),(8552,5,1904,2,4,2,0,0.00,0.00,0.00,0.00),(8553,5,1905,2,4,2,0,0.00,0.00,0.00,0.00),(8554,5,1906,2,4,2,0,0.00,0.00,0.00,0.00),(8555,5,1908,2,4,2,0,0.00,0.00,0.00,0.00),(8556,5,1909,2,4,2,0,0.00,0.00,0.00,0.00),(8557,5,1910,2,4,2,0,0.00,0.00,0.00,0.00),(8558,5,1912,2,4,2,0,0.00,0.00,0.00,0.00),(8559,5,1914,2,4,2,0,0.00,0.00,0.00,0.00),(8560,5,1915,2,4,2,0,0.00,0.00,0.00,0.00),(8561,5,1916,2,4,2,0,0.00,0.00,0.00,0.00),(8562,5,1920,2,4,2,0,0.00,0.00,0.00,0.00),(8563,5,1921,2,4,2,0,0.00,0.00,0.00,0.00),(8564,5,1959,2,4,2,0,0.00,0.00,0.00,0.00),(8565,5,2132,2,4,2,0,0.00,0.00,0.00,0.00),(8566,5,2133,2,4,2,0,0.00,0.00,0.00,0.00),(8567,5,2134,2,4,2,0,0.00,0.00,0.00,0.00),(8568,5,2135,2,4,2,0,0.00,0.00,0.00,0.00),(8569,5,2136,2,4,2,0,0.00,0.00,0.00,0.00),(8570,5,2137,2,4,2,0,0.00,0.00,0.00,0.00),(8571,5,2138,2,4,2,0,0.00,0.00,0.00,0.00),(8572,5,2139,2,4,2,0,0.00,0.00,0.00,0.00),(8573,5,2140,2,4,2,0,0.00,0.00,0.00,0.00),(8574,5,2141,2,4,2,0,0.00,0.00,0.00,0.00),(8575,5,2142,2,4,2,0,0.00,0.00,0.00,0.00),(8576,5,2143,2,4,2,0,0.00,0.00,0.00,0.00),(8577,5,2144,2,4,2,0,0.00,0.00,0.00,0.00),(8578,5,2145,2,4,2,0,0.00,0.00,0.00,0.00),(8579,5,2146,2,4,2,0,0.00,0.00,0.00,0.00),(8580,5,2147,2,4,2,0,0.00,0.00,0.00,0.00),(8581,5,2148,2,4,2,0,0.00,0.00,0.00,0.00),(8582,5,2149,2,4,2,0,0.00,0.00,0.00,0.00),(8583,5,2150,2,4,2,0,0.00,0.00,0.00,0.00),(8584,5,2151,2,4,2,0,0.00,0.00,0.00,0.00),(8585,5,2152,2,4,2,0,0.00,0.00,0.00,0.00),(8586,5,2154,2,4,2,0,0.00,0.00,0.00,0.00),(8587,5,2155,2,4,2,0,0.00,0.00,0.00,0.00),(8588,5,2156,2,4,2,0,0.00,0.00,0.00,0.00),(8589,5,2157,2,4,2,0,0.00,0.00,0.00,0.00),(8590,5,2158,2,4,2,0,0.00,0.00,0.00,0.00),(8591,5,2159,2,4,2,0,0.00,0.00,0.00,0.00),(8592,5,2160,2,4,2,0,0.00,0.00,0.00,0.00),(8593,5,2161,2,4,2,0,0.00,0.00,0.00,0.00),(8594,5,2162,2,4,2,0,0.00,0.00,0.00,0.00),(8595,5,2163,2,4,2,0,0.00,0.00,0.00,0.00),(8596,5,2164,2,4,2,0,0.00,0.00,0.00,0.00),(8597,5,2165,2,4,2,0,0.00,0.00,0.00,0.00),(8598,5,2166,2,4,2,0,0.00,0.00,0.00,0.00),(8599,5,2167,2,4,2,0,0.00,0.00,0.00,0.00),(8600,5,2168,2,4,2,0,0.00,0.00,0.00,0.00),(8601,5,2169,2,4,2,0,0.00,0.00,0.00,0.00),(8602,5,2170,2,4,2,0,0.00,0.00,0.00,0.00),(8603,5,2171,2,4,2,0,0.00,0.00,0.00,0.00),(8604,5,2172,2,4,2,0,0.00,0.00,0.00,0.00),(8605,5,2173,2,4,2,0,0.00,0.00,0.00,0.00),(8606,5,2953,2,4,2,0,0.00,0.00,0.00,0.00),(8607,5,16,2,4,6,0,0.00,0.00,0.00,0.00),(8608,5,17,2,4,6,0,0.00,0.00,0.00,0.00),(8609,5,18,2,4,6,0,0.00,0.00,0.00,0.00),(8610,5,19,2,4,6,0,0.00,0.00,0.00,0.00),(8611,5,20,2,4,6,0,0.00,0.00,0.00,0.00),(8612,5,21,2,4,6,0,0.00,0.00,0.00,0.00),(8613,5,24,2,4,6,0,0.00,0.00,0.00,0.00),(8614,5,25,2,4,6,0,0.00,0.00,0.00,0.00),(8615,5,40,2,4,6,0,0.00,0.00,0.00,0.00),(8616,5,46,2,4,6,0,0.00,0.00,0.00,0.00),(8617,5,53,2,4,6,0,0.00,0.00,0.00,0.00),(8618,5,63,2,4,6,0,0.00,0.00,0.00,0.00),(8619,5,88,2,4,6,0,0.00,0.00,0.00,0.00),(8620,5,89,2,4,6,0,0.00,0.00,0.00,0.00),(8621,5,162,2,4,6,0,0.00,0.00,0.00,0.00),(8622,5,303,2,4,6,0,0.00,0.00,0.00,0.00),(8623,5,361,2,4,6,0,0.00,0.00,0.00,0.00),(8624,5,368,2,4,6,0,0.00,0.00,0.00,0.00),(8625,5,369,2,4,6,0,0.00,0.00,0.00,0.00),(8626,5,371,2,4,6,0,0.00,0.00,0.00,0.00),(8627,5,386,2,4,6,0,0.00,0.00,0.00,0.00),(8628,5,407,2,4,6,0,0.00,0.00,0.00,0.00),(8629,5,408,2,4,6,0,0.00,0.00,0.00,0.00),(8630,5,409,2,4,6,0,0.00,0.00,0.00,0.00),(8631,5,410,2,4,6,0,0.00,0.00,0.00,0.00),(8632,5,413,2,4,6,0,0.00,0.00,0.00,0.00),(8633,5,414,2,4,6,0,0.00,0.00,0.00,0.00),(8634,5,415,2,4,6,0,0.00,0.00,0.00,0.00),(8635,5,416,2,4,6,0,0.00,0.00,0.00,0.00),(8636,5,417,2,4,6,0,0.00,0.00,0.00,0.00),(8637,5,418,2,4,6,0,0.00,0.00,0.00,0.00),(8638,5,420,2,4,6,0,0.00,0.00,0.00,0.00),(8639,5,421,2,4,6,0,0.00,0.00,0.00,0.00),(8640,5,422,2,4,6,0,0.00,0.00,0.00,0.00),(8641,5,454,2,4,6,0,0.00,0.00,0.00,0.00),(8642,5,463,2,4,6,0,0.00,0.00,0.00,0.00),(8643,5,464,2,4,6,0,0.00,0.00,0.00,0.00),(8644,5,465,2,4,6,0,0.00,0.00,0.00,0.00),(8645,5,481,2,4,6,0,0.00,0.00,0.00,0.00),(8646,5,561,2,4,6,0,0.00,0.00,0.00,0.00),(8647,5,562,2,4,6,0,0.00,0.00,0.00,0.00),(8648,5,565,2,4,6,0,0.00,0.00,0.00,0.00),(8649,5,615,2,4,6,0,0.00,0.00,0.00,0.00),(8650,5,643,2,4,6,0,0.00,0.00,0.00,0.00),(8651,5,654,2,4,6,0,0.00,0.00,0.00,0.00),(8652,5,669,2,4,6,0,0.00,0.00,0.00,0.00),(8653,5,720,2,4,6,0,0.00,0.00,0.00,0.00),(8654,5,730,2,4,6,0,0.00,0.00,0.00,0.00),(8655,5,731,2,4,6,0,0.00,0.00,0.00,0.00),(8656,5,732,2,4,6,0,0.00,0.00,0.00,0.00),(8657,5,734,2,4,6,0,0.00,0.00,0.00,0.00),(8658,5,735,2,4,6,0,0.00,0.00,0.00,0.00),(8659,5,737,2,4,6,0,0.00,0.00,0.00,0.00),(8660,5,739,2,4,6,0,0.00,0.00,0.00,0.00),(8661,5,741,2,4,6,0,0.00,0.00,0.00,0.00),(8662,5,798,2,4,6,0,0.00,0.00,0.00,0.00),(8663,5,843,2,4,6,0,0.00,0.00,0.00,0.00),(8664,5,882,2,4,6,0,0.00,0.00,0.00,0.00),(8665,5,963,2,4,6,0,0.00,0.00,0.00,0.00),(8666,5,964,2,4,6,0,0.00,0.00,0.00,0.00),(8667,5,1108,2,4,6,0,0.00,0.00,0.00,0.00),(8668,5,1171,2,4,6,0,0.00,0.00,0.00,0.00),(8669,5,1172,2,4,6,0,0.00,0.00,0.00,0.00),(8670,5,1173,2,4,6,0,0.00,0.00,0.00,0.00),(8671,5,1204,2,4,6,0,0.00,0.00,0.00,0.00),(8672,5,1205,2,4,6,0,0.00,0.00,0.00,0.00),(8673,5,1268,2,4,6,0,0.00,0.00,0.00,0.00),(8674,5,1269,2,4,6,0,0.00,0.00,0.00,0.00),(8675,5,1275,2,4,6,0,0.00,0.00,0.00,0.00),(8676,5,1279,2,4,6,0,0.00,0.00,0.00,0.00),(8677,5,1280,2,4,6,0,0.00,0.00,0.00,0.00),(8678,5,1281,2,4,6,0,0.00,0.00,0.00,0.00),(8679,5,1282,2,4,6,0,0.00,0.00,0.00,0.00),(8680,5,1284,2,4,6,0,0.00,0.00,0.00,0.00),(8681,5,1285,2,4,6,0,0.00,0.00,0.00,0.00),(8682,5,1286,2,4,6,0,0.00,0.00,0.00,0.00),(8683,5,1287,2,4,6,0,0.00,0.00,0.00,0.00),(8684,5,1292,2,4,6,0,0.00,0.00,0.00,0.00),(8685,5,1308,2,4,6,0,0.00,0.00,0.00,0.00),(8686,5,1309,2,4,6,0,0.00,0.00,0.00,0.00),(8687,5,1322,2,4,6,0,0.00,0.00,0.00,0.00),(8688,5,1326,2,4,6,0,0.00,0.00,0.00,0.00),(8689,5,1328,2,4,6,0,0.00,0.00,0.00,0.00),(8690,5,1334,2,4,6,0,0.00,0.00,0.00,0.00),(8691,5,1335,2,4,6,0,0.00,0.00,0.00,0.00),(8692,5,1341,2,4,6,0,0.00,0.00,0.00,0.00),(8693,5,1347,2,4,6,0,0.00,0.00,0.00,0.00),(8694,5,1348,2,4,6,0,0.00,0.00,0.00,0.00),(8695,5,1350,2,4,6,0,0.00,0.00,0.00,0.00),(8696,5,1381,2,4,6,0,0.00,0.00,0.00,0.00),(8697,5,1382,2,4,6,0,0.00,0.00,0.00,0.00),(8698,5,1398,2,4,6,0,0.00,0.00,0.00,0.00),(8699,5,1400,2,4,6,0,0.00,0.00,0.00,0.00),(8700,5,1401,2,4,6,0,0.00,0.00,0.00,0.00),(8701,5,1402,2,4,6,0,0.00,0.00,0.00,0.00),(8702,5,1403,2,4,6,0,0.00,0.00,0.00,0.00),(8703,5,1404,2,4,6,0,0.00,0.00,0.00,0.00),(8704,5,1405,2,4,6,0,0.00,0.00,0.00,0.00),(8705,5,1415,2,4,6,0,0.00,0.00,0.00,0.00),(8706,5,1416,2,4,6,0,0.00,0.00,0.00,0.00),(8707,5,1441,2,4,6,0,0.00,0.00,0.00,0.00),(8708,5,1442,2,4,6,0,0.00,0.00,0.00,0.00),(8709,5,1443,2,4,6,0,0.00,0.00,0.00,0.00),(8710,5,1444,2,4,6,0,0.00,0.00,0.00,0.00),(8711,5,1483,2,4,6,0,0.00,0.00,0.00,0.00),(8712,5,1537,2,4,6,0,0.00,0.00,0.00,0.00),(8713,5,1557,2,4,6,0,0.00,0.00,0.00,0.00),(8714,5,1558,2,4,6,0,0.00,0.00,0.00,0.00),(8715,5,1559,2,4,6,0,0.00,0.00,0.00,0.00),(8716,5,1564,2,4,6,0,0.00,0.00,0.00,0.00),(8717,5,1565,2,4,6,0,0.00,0.00,0.00,0.00),(8718,5,1567,2,4,6,0,0.00,0.00,0.00,0.00),(8719,5,1575,2,4,6,0,0.00,0.00,0.00,0.00),(8720,5,1614,2,4,6,0,0.00,0.00,0.00,0.00),(8721,5,1615,2,4,6,0,0.00,0.00,0.00,0.00),(8722,5,1616,2,4,6,0,0.00,0.00,0.00,0.00),(8723,5,1619,2,4,6,0,0.00,0.00,0.00,0.00),(8724,5,1622,2,4,6,0,0.00,0.00,0.00,0.00),(8725,5,1629,2,4,6,0,0.00,0.00,0.00,0.00),(8726,5,1633,2,4,6,0,0.00,0.00,0.00,0.00),(8727,5,1660,2,4,6,0,0.00,0.00,0.00,0.00),(8728,5,1661,2,4,6,0,0.00,0.00,0.00,0.00),(8729,5,1662,2,4,6,0,0.00,0.00,0.00,0.00),(8730,5,1664,2,4,6,0,0.00,0.00,0.00,0.00),(8731,5,1821,2,4,6,0,0.00,0.00,0.00,0.00),(8732,5,1822,2,4,6,0,0.00,0.00,0.00,0.00),(8733,5,1887,2,4,6,0,0.00,0.00,0.00,0.00),(8734,5,1890,2,4,6,0,0.00,0.00,0.00,0.00),(8735,5,1919,2,4,6,0,0.00,0.00,0.00,0.00),(8736,5,1925,2,4,6,0,0.00,0.00,0.00,0.00),(8737,5,1984,2,4,6,0,0.00,0.00,0.00,0.00),(8738,5,1985,2,4,6,0,0.00,0.00,0.00,0.00),(8739,5,1986,2,4,6,0,0.00,0.00,0.00,0.00),(8740,5,1987,2,4,6,0,0.00,0.00,0.00,0.00),(8741,5,1988,2,4,6,0,0.00,0.00,0.00,0.00),(8742,5,1994,2,4,6,0,0.00,0.00,0.00,0.00),(8743,5,2003,2,4,6,0,0.00,0.00,0.00,0.00),(8744,5,2005,2,4,6,0,0.00,0.00,0.00,0.00),(8745,5,2062,2,4,6,0,0.00,0.00,0.00,0.00),(8746,5,2174,2,4,6,0,0.00,0.00,0.00,0.00),(8747,5,2175,2,4,6,0,0.00,0.00,0.00,0.00),(8748,5,2176,2,4,6,0,0.00,0.00,0.00,0.00),(8749,5,2177,2,4,6,0,0.00,0.00,0.00,0.00),(8750,5,2178,2,4,6,0,0.00,0.00,0.00,0.00),(8751,5,2179,2,4,6,0,0.00,0.00,0.00,0.00),(8752,5,2180,2,4,6,0,0.00,0.00,0.00,0.00),(8753,5,2181,2,4,6,0,0.00,0.00,0.00,0.00),(8754,5,2182,2,4,6,0,0.00,0.00,0.00,0.00),(8755,5,2183,2,4,6,0,0.00,0.00,0.00,0.00),(8756,5,2184,2,4,6,0,0.00,0.00,0.00,0.00),(8757,5,2185,2,4,6,0,0.00,0.00,0.00,0.00),(8758,5,2186,2,4,6,0,0.00,0.00,0.00,0.00),(8759,5,2187,2,4,6,0,0.00,0.00,0.00,0.00),(8760,5,2188,2,4,6,0,0.00,0.00,0.00,0.00),(8761,5,2189,2,4,6,0,0.00,0.00,0.00,0.00),(8762,5,2190,2,4,6,0,0.00,0.00,0.00,0.00),(8763,5,2191,2,4,6,0,0.00,0.00,0.00,0.00),(8764,5,2192,2,4,6,0,0.00,0.00,0.00,0.00),(8765,5,2193,2,4,6,0,0.00,0.00,0.00,0.00),(8766,5,2194,2,4,6,0,0.00,0.00,0.00,0.00),(8767,5,2195,2,4,6,0,0.00,0.00,0.00,0.00),(8768,5,2196,2,4,6,0,0.00,0.00,0.00,0.00),(8769,5,2197,2,4,6,0,0.00,0.00,0.00,0.00),(8770,5,2198,2,4,6,0,0.00,0.00,0.00,0.00),(8771,5,2199,2,4,6,0,0.00,0.00,0.00,0.00),(8772,5,2200,2,4,6,0,0.00,0.00,0.00,0.00),(8773,5,2201,2,4,6,0,0.00,0.00,0.00,0.00),(8774,5,2202,2,4,6,0,0.00,0.00,0.00,0.00),(8775,5,2203,2,4,6,0,0.00,0.00,0.00,0.00),(8776,5,2204,2,4,6,0,0.00,0.00,0.00,0.00),(8777,5,2990,2,4,6,0,0.00,0.00,0.00,0.00),(8778,5,3002,2,4,6,0,0.00,0.00,0.00,0.00),(8779,5,32,2,4,7,0,0.00,0.00,0.00,0.00),(8780,5,60,2,4,7,0,0.00,0.00,0.00,0.00),(8781,5,85,2,4,7,0,0.00,0.00,0.00,0.00),(8782,5,119,2,4,7,0,0.00,0.00,0.00,0.00),(8783,5,216,2,4,7,0,0.00,0.00,0.00,0.00),(8784,5,217,2,4,7,0,0.00,0.00,0.00,0.00),(8785,5,250,2,4,7,0,0.00,0.00,0.00,0.00),(8786,5,306,2,4,7,0,0.00,0.00,0.00,0.00),(8787,5,308,2,4,7,0,0.00,0.00,0.00,0.00),(8788,5,360,2,4,7,0,0.00,0.00,0.00,0.00),(8789,5,389,2,4,7,0,0.00,0.00,0.00,0.00),(8790,5,390,2,4,7,0,0.00,0.00,0.00,0.00),(8791,5,395,2,4,7,0,0.00,0.00,0.00,0.00),(8792,5,455,2,4,7,0,0.00,0.00,0.00,0.00),(8793,5,477,2,4,7,0,0.00,0.00,0.00,0.00),(8794,5,484,2,4,7,0,0.00,0.00,0.00,0.00),(8795,5,485,2,4,7,0,0.00,0.00,0.00,0.00),(8796,5,486,2,4,7,0,0.00,0.00,0.00,0.00),(8797,5,487,2,4,7,0,0.00,0.00,0.00,0.00),(8798,5,488,2,4,7,0,0.00,0.00,0.00,0.00),(8799,5,489,2,4,7,0,0.00,0.00,0.00,0.00),(8800,5,491,2,4,7,0,0.00,0.00,0.00,0.00),(8801,5,492,2,4,7,0,0.00,0.00,0.00,0.00),(8802,5,493,2,4,7,0,0.00,0.00,0.00,0.00),(8803,5,494,2,4,7,0,0.00,0.00,0.00,0.00),(8804,5,495,2,4,7,0,0.00,0.00,0.00,0.00),(8805,5,496,2,4,7,0,0.00,0.00,0.00,0.00),(8806,5,524,2,4,7,0,0.00,0.00,0.00,0.00),(8807,5,545,2,4,7,0,0.00,0.00,0.00,0.00),(8808,5,546,2,4,7,0,0.00,0.00,0.00,0.00),(8809,5,547,2,4,7,0,0.00,0.00,0.00,0.00),(8810,5,557,2,4,7,0,0.00,0.00,0.00,0.00),(8811,5,649,2,4,7,0,0.00,0.00,0.00,0.00),(8812,5,692,2,4,7,0,0.00,0.00,0.00,0.00),(8813,5,693,2,4,7,0,0.00,0.00,0.00,0.00),(8814,5,694,2,4,7,0,0.00,0.00,0.00,0.00),(8815,5,719,2,4,7,0,0.00,0.00,0.00,0.00),(8816,5,726,2,4,7,0,0.00,0.00,0.00,0.00),(8817,5,745,2,4,7,0,0.00,0.00,0.00,0.00),(8818,5,746,2,4,7,0,0.00,0.00,0.00,0.00),(8819,5,756,2,4,7,0,0.00,0.00,0.00,0.00),(8820,5,815,2,4,7,0,0.00,0.00,0.00,0.00),(8821,5,816,2,4,7,0,0.00,0.00,0.00,0.00),(8822,5,817,2,4,7,0,0.00,0.00,0.00,0.00),(8823,5,853,2,4,7,0,0.00,0.00,0.00,0.00),(8824,5,854,2,4,7,0,0.00,0.00,0.00,0.00),(8825,5,878,2,4,7,0,0.00,0.00,0.00,0.00),(8826,5,879,2,4,7,0,0.00,0.00,0.00,0.00),(8827,5,880,2,4,7,0,0.00,0.00,0.00,0.00),(8828,5,1111,2,4,7,0,0.00,0.00,0.00,0.00),(8829,5,1112,2,4,7,0,0.00,0.00,0.00,0.00),(8830,5,1118,2,4,7,0,0.00,0.00,0.00,0.00),(8831,5,1124,2,4,7,0,0.00,0.00,0.00,0.00),(8832,5,1125,2,4,7,0,0.00,0.00,0.00,0.00),(8833,5,1126,2,4,7,0,0.00,0.00,0.00,0.00),(8834,5,1133,2,4,7,0,0.00,0.00,0.00,0.00),(8835,5,1134,2,4,7,0,0.00,0.00,0.00,0.00),(8836,5,1174,2,4,7,0,0.00,0.00,0.00,0.00),(8837,5,1195,2,4,7,0,0.00,0.00,0.00,0.00),(8838,5,1346,2,4,7,0,0.00,0.00,0.00,0.00),(8839,5,1362,2,4,7,0,0.00,0.00,0.00,0.00),(8840,5,1482,2,4,7,0,0.00,0.00,0.00,0.00),(8841,5,1484,2,4,7,0,0.00,0.00,0.00,0.00),(8842,5,1489,2,4,7,0,0.00,0.00,0.00,0.00),(8843,5,1490,2,4,7,0,0.00,0.00,0.00,0.00),(8844,5,1491,2,4,7,0,0.00,0.00,0.00,0.00),(8845,5,1492,2,4,7,0,0.00,0.00,0.00,0.00),(8846,5,1560,2,4,7,0,0.00,0.00,0.00,0.00),(8847,5,1570,2,4,7,0,0.00,0.00,0.00,0.00),(8848,5,1571,2,4,7,0,0.00,0.00,0.00,0.00),(8849,5,1572,2,4,7,0,0.00,0.00,0.00,0.00),(8850,5,1573,2,4,7,0,0.00,0.00,0.00,0.00),(8851,5,1574,2,4,7,0,0.00,0.00,0.00,0.00),(8852,5,1658,2,4,7,0,0.00,0.00,0.00,0.00),(8853,5,1740,2,4,7,0,0.00,0.00,0.00,0.00),(8854,5,1743,2,4,7,0,0.00,0.00,0.00,0.00),(8855,5,1744,2,4,7,0,0.00,0.00,0.00,0.00),(8856,5,1745,2,4,7,0,0.00,0.00,0.00,0.00),(8857,5,1747,2,4,7,0,0.00,0.00,0.00,0.00),(8858,5,1774,2,4,7,0,0.00,0.00,0.00,0.00),(8859,5,1776,2,4,7,0,0.00,0.00,0.00,0.00),(8860,5,1777,2,4,7,0,0.00,0.00,0.00,0.00),(8861,5,1778,2,4,7,0,0.00,0.00,0.00,0.00),(8862,5,1779,2,4,7,0,0.00,0.00,0.00,0.00),(8863,5,1781,2,4,7,0,0.00,0.00,0.00,0.00),(8864,5,1782,2,4,7,0,0.00,0.00,0.00,0.00),(8865,5,1783,2,4,7,0,0.00,0.00,0.00,0.00),(8866,5,1784,2,4,7,0,0.00,0.00,0.00,0.00),(8867,5,1786,2,4,7,0,0.00,0.00,0.00,0.00),(8868,5,1787,2,4,7,0,0.00,0.00,0.00,0.00),(8869,5,1789,2,4,7,0,0.00,0.00,0.00,0.00),(8870,5,1790,2,4,7,0,0.00,0.00,0.00,0.00),(8871,5,1792,2,4,7,0,0.00,0.00,0.00,0.00),(8872,5,1793,2,4,7,0,0.00,0.00,0.00,0.00),(8873,5,1794,2,4,7,0,0.00,0.00,0.00,0.00),(8874,5,1795,2,4,7,0,0.00,0.00,0.00,0.00),(8875,5,1796,2,4,7,0,0.00,0.00,0.00,0.00),(8876,5,1797,2,4,7,0,0.00,0.00,0.00,0.00),(8877,5,1853,2,4,7,0,0.00,0.00,0.00,0.00),(8878,5,1858,2,4,7,0,0.00,0.00,0.00,0.00),(8879,5,1859,2,4,7,0,0.00,0.00,0.00,0.00),(8880,5,1860,2,4,7,0,0.00,0.00,0.00,0.00),(8881,5,1862,2,4,7,0,0.00,0.00,0.00,0.00),(8882,5,1863,2,4,7,0,0.00,0.00,0.00,0.00),(8883,5,1864,2,4,7,0,0.00,0.00,0.00,0.00),(8884,5,1865,2,4,7,0,0.00,0.00,0.00,0.00),(8885,5,1866,2,4,7,0,0.00,0.00,0.00,0.00),(8886,5,1869,2,4,7,0,0.00,0.00,0.00,0.00),(8887,5,1870,2,4,7,0,0.00,0.00,0.00,0.00),(8888,5,1928,2,4,7,0,0.00,0.00,0.00,0.00),(8889,5,1956,2,4,7,0,0.00,0.00,0.00,0.00),(8890,5,1997,2,4,7,0,0.00,0.00,0.00,0.00),(8891,5,1998,2,4,7,0,0.00,0.00,0.00,0.00),(8892,5,2037,2,4,7,0,0.00,0.00,0.00,0.00),(8893,5,2038,2,4,7,0,0.00,0.00,0.00,0.00),(8894,5,2039,2,4,7,0,0.00,0.00,0.00,0.00),(8895,5,2054,2,4,7,0,0.00,0.00,0.00,0.00),(8896,5,2055,2,4,7,0,0.00,0.00,0.00,0.00),(8897,5,2056,2,4,7,0,0.00,0.00,0.00,0.00),(8898,5,2058,2,4,7,0,0.00,0.00,0.00,0.00),(8899,5,2074,2,4,7,0,0.00,0.00,0.00,0.00),(8900,5,2077,2,4,7,0,0.00,0.00,0.00,0.00),(8901,5,2083,2,4,7,0,0.00,0.00,0.00,0.00),(8902,5,2205,2,4,7,0,0.00,0.00,0.00,0.00),(8903,5,2206,2,4,7,0,0.00,0.00,0.00,0.00),(8904,5,2207,2,4,7,0,0.00,0.00,0.00,0.00),(8905,5,2208,2,4,7,0,0.00,0.00,0.00,0.00),(8906,5,2209,2,4,7,0,0.00,0.00,0.00,0.00),(8907,5,2210,2,4,7,0,0.00,0.00,0.00,0.00),(8908,5,2211,2,4,7,0,0.00,0.00,0.00,0.00),(8909,5,2212,2,4,7,0,0.00,0.00,0.00,0.00),(8910,5,2213,2,4,7,0,0.00,0.00,0.00,0.00),(8911,5,2214,2,4,7,0,0.00,0.00,0.00,0.00),(8912,5,2215,2,4,7,0,0.00,0.00,0.00,0.00),(8913,5,2216,2,4,7,0,0.00,0.00,0.00,0.00),(8914,5,2217,2,4,7,0,0.00,0.00,0.00,0.00),(8915,5,2218,2,4,7,0,0.00,0.00,0.00,0.00),(8916,5,2219,2,4,7,0,0.00,0.00,0.00,0.00),(8917,5,2220,2,4,7,0,0.00,0.00,0.00,0.00),(8918,5,2221,2,4,7,0,0.00,0.00,0.00,0.00),(8919,5,2222,2,4,7,0,0.00,0.00,0.00,0.00),(8920,5,2223,2,4,7,0,0.00,0.00,0.00,0.00),(8921,5,2224,2,4,7,0,0.00,0.00,0.00,0.00),(8922,5,2957,2,4,7,0,0.00,0.00,0.00,0.00),(8923,5,2958,2,4,7,0,0.00,0.00,0.00,0.00),(8924,5,2959,2,4,7,0,0.00,0.00,0.00,0.00),(8925,5,3018,2,4,7,0,0.00,0.00,0.00,0.00),(8926,5,3019,2,4,7,0,0.00,0.00,0.00,0.00),(8927,5,3020,2,4,7,0,0.00,0.00,0.00,0.00),(8928,5,36,2,4,8,0,0.00,0.00,0.00,0.00),(8929,5,37,2,4,8,0,0.00,0.00,0.00,0.00),(8930,5,74,2,4,8,0,0.00,0.00,0.00,0.00),(8931,5,77,2,4,8,0,0.00,0.00,0.00,0.00),(8932,5,78,2,4,8,0,0.00,0.00,0.00,0.00),(8933,5,79,2,4,8,0,0.00,0.00,0.00,0.00),(8934,5,80,2,4,8,0,0.00,0.00,0.00,0.00),(8935,5,94,2,4,8,0,0.00,0.00,0.00,0.00),(8936,5,95,2,4,8,0,0.00,0.00,0.00,0.00),(8937,5,120,2,4,8,0,0.00,0.00,0.00,0.00),(8938,5,123,2,4,8,0,0.00,0.00,0.00,0.00),(8939,5,125,2,4,8,0,0.00,0.00,0.00,0.00),(8940,5,126,2,4,8,0,0.00,0.00,0.00,0.00),(8941,5,221,2,4,8,0,0.00,0.00,0.00,0.00),(8942,5,249,2,4,8,0,0.00,0.00,0.00,0.00),(8943,5,253,2,4,8,0,0.00,0.00,0.00,0.00),(8944,5,254,2,4,8,0,0.00,0.00,0.00,0.00),(8945,5,255,2,4,8,0,0.00,0.00,0.00,0.00),(8946,5,256,2,4,8,0,0.00,0.00,0.00,0.00),(8947,5,258,2,4,8,0,0.00,0.00,0.00,0.00),(8948,5,259,2,4,8,0,0.00,0.00,0.00,0.00),(8949,5,264,2,4,8,0,0.00,0.00,0.00,0.00),(8950,5,265,2,4,8,0,0.00,0.00,0.00,0.00),(8951,5,266,2,4,8,0,0.00,0.00,0.00,0.00),(8952,5,269,2,4,8,0,0.00,0.00,0.00,0.00),(8953,5,272,2,4,8,0,0.00,0.00,0.00,0.00),(8954,5,273,2,4,8,0,0.00,0.00,0.00,0.00),(8955,5,274,2,4,8,0,0.00,0.00,0.00,0.00),(8956,5,275,2,4,8,0,0.00,0.00,0.00,0.00),(8957,5,276,2,4,8,0,0.00,0.00,0.00,0.00),(8958,5,277,2,4,8,0,0.00,0.00,0.00,0.00),(8959,5,304,2,4,8,0,0.00,0.00,0.00,0.00),(8960,5,305,2,4,8,0,0.00,0.00,0.00,0.00),(8961,5,374,2,4,8,0,0.00,0.00,0.00,0.00),(8962,5,375,2,4,8,0,0.00,0.00,0.00,0.00),(8963,5,376,2,4,8,0,0.00,0.00,0.00,0.00),(8964,5,377,2,4,8,0,0.00,0.00,0.00,0.00),(8965,5,378,2,4,8,0,0.00,0.00,0.00,0.00),(8966,5,411,2,4,8,0,0.00,0.00,0.00,0.00),(8967,5,429,2,4,8,0,0.00,0.00,0.00,0.00),(8968,5,433,2,4,8,0,0.00,0.00,0.00,0.00),(8969,5,434,2,4,8,0,0.00,0.00,0.00,0.00),(8970,5,452,2,4,8,0,0.00,0.00,0.00,0.00),(8971,5,453,2,4,8,0,0.00,0.00,0.00,0.00),(8972,5,456,2,4,8,0,0.00,0.00,0.00,0.00),(8973,5,457,2,4,8,0,0.00,0.00,0.00,0.00),(8974,5,458,2,4,8,0,0.00,0.00,0.00,0.00),(8975,5,470,2,4,8,0,0.00,0.00,0.00,0.00),(8976,5,471,2,4,8,0,0.00,0.00,0.00,0.00),(8977,5,472,2,4,8,0,0.00,0.00,0.00,0.00),(8978,5,473,2,4,8,0,0.00,0.00,0.00,0.00),(8979,5,474,2,4,8,0,0.00,0.00,0.00,0.00),(8980,5,475,2,4,8,0,0.00,0.00,0.00,0.00),(8981,5,476,2,4,8,0,0.00,0.00,0.00,0.00),(8982,5,500,2,4,8,0,0.00,0.00,0.00,0.00),(8983,5,604,2,4,8,0,0.00,0.00,0.00,0.00),(8984,5,605,2,4,8,0,0.00,0.00,0.00,0.00),(8985,5,607,2,4,8,0,0.00,0.00,0.00,0.00),(8986,5,700,2,4,8,0,0.00,0.00,0.00,0.00),(8987,5,701,2,4,8,0,0.00,0.00,0.00,0.00),(8988,5,702,2,4,8,0,0.00,0.00,0.00,0.00),(8989,5,724,2,4,8,0,0.00,0.00,0.00,0.00),(8990,5,725,2,4,8,0,0.00,0.00,0.00,0.00),(8991,5,748,2,4,8,0,0.00,0.00,0.00,0.00),(8992,5,752,2,4,8,0,0.00,0.00,0.00,0.00),(8993,5,754,2,4,8,0,0.00,0.00,0.00,0.00),(8994,5,755,2,4,8,0,0.00,0.00,0.00,0.00),(8995,5,821,2,4,8,0,0.00,0.00,0.00,0.00),(8996,5,822,2,4,8,0,0.00,0.00,0.00,0.00),(8997,5,824,2,4,8,0,0.00,0.00,0.00,0.00),(8998,5,825,2,4,8,0,0.00,0.00,0.00,0.00),(8999,5,901,2,4,8,0,0.00,0.00,0.00,0.00),(9000,5,903,2,4,8,0,0.00,0.00,0.00,0.00),(9001,5,904,2,4,8,0,0.00,0.00,0.00,0.00),(9002,5,1105,2,4,8,0,0.00,0.00,0.00,0.00),(9003,5,1127,2,4,8,0,0.00,0.00,0.00,0.00),(9004,5,1141,2,4,8,0,0.00,0.00,0.00,0.00),(9005,5,1159,2,4,8,0,0.00,0.00,0.00,0.00),(9006,5,1160,2,4,8,0,0.00,0.00,0.00,0.00),(9007,5,1206,2,4,8,0,0.00,0.00,0.00,0.00),(9008,5,1215,2,4,8,0,0.00,0.00,0.00,0.00),(9009,5,1216,2,4,8,0,0.00,0.00,0.00,0.00),(9010,5,1218,2,4,8,0,0.00,0.00,0.00,0.00),(9011,5,1240,2,4,8,0,0.00,0.00,0.00,0.00),(9012,5,1242,2,4,8,0,0.00,0.00,0.00,0.00),(9013,5,1333,2,4,8,0,0.00,0.00,0.00,0.00),(9014,5,1380,2,4,8,0,0.00,0.00,0.00,0.00),(9015,5,1553,2,4,8,0,0.00,0.00,0.00,0.00),(9016,5,1929,2,4,8,0,0.00,0.00,0.00,0.00),(9017,5,2225,2,4,8,0,0.00,0.00,0.00,0.00),(9018,5,2226,2,4,8,0,0.00,0.00,0.00,0.00),(9019,5,2227,2,4,8,0,0.00,0.00,0.00,0.00),(9020,5,2228,2,4,8,0,0.00,0.00,0.00,0.00),(9021,5,2229,2,4,8,0,0.00,0.00,0.00,0.00),(9022,5,2230,2,4,8,0,0.00,0.00,0.00,0.00),(9023,5,2231,2,4,8,0,0.00,0.00,0.00,0.00),(9024,5,2232,2,4,8,0,0.00,0.00,0.00,0.00),(9025,5,2233,2,4,8,0,0.00,0.00,0.00,0.00),(9026,5,2234,2,4,8,0,0.00,0.00,0.00,0.00),(9027,5,2235,2,4,8,0,0.00,0.00,0.00,0.00),(9028,5,2236,2,4,8,0,0.00,0.00,0.00,0.00),(9029,5,2237,2,4,8,0,0.00,0.00,0.00,0.00),(9030,5,2238,2,4,8,0,0.00,0.00,0.00,0.00),(9031,5,2239,2,4,8,0,0.00,0.00,0.00,0.00),(9032,5,2240,2,4,8,0,0.00,0.00,0.00,0.00),(9033,5,2241,2,4,8,0,0.00,0.00,0.00,0.00),(9034,5,2242,2,4,8,0,0.00,0.00,0.00,0.00),(9035,5,2872,2,4,8,0,0.00,0.00,0.00,0.00),(9036,5,2873,2,4,8,0,0.00,0.00,0.00,0.00),(9037,5,3021,2,4,8,0,0.00,0.00,0.00,0.00),(9038,5,3022,2,4,8,0,0.00,0.00,0.00,0.00),(9039,5,3023,2,4,8,0,0.00,0.00,0.00,0.00),(9040,5,48,2,4,9,0,0.00,0.00,0.00,0.00),(9041,5,49,2,4,9,0,0.00,0.00,0.00,0.00),(9042,5,92,2,4,9,0,0.00,0.00,0.00,0.00),(9043,5,200,2,4,9,0,0.00,0.00,0.00,0.00),(9044,5,202,2,4,9,0,0.00,0.00,0.00,0.00),(9045,5,211,2,4,9,0,0.00,0.00,0.00,0.00),(9046,5,213,2,4,9,0,0.00,0.00,0.00,0.00),(9047,5,233,2,4,9,0,0.00,0.00,0.00,0.00),(9048,5,234,2,4,9,0,0.00,0.00,0.00,0.00),(9049,5,241,2,4,9,0,0.00,0.00,0.00,0.00),(9050,5,282,2,4,9,0,0.00,0.00,0.00,0.00),(9051,5,294,2,4,9,0,0.00,0.00,0.00,0.00),(9052,5,296,2,4,9,0,0.00,0.00,0.00,0.00),(9053,5,297,2,4,9,0,0.00,0.00,0.00,0.00),(9054,5,298,2,4,9,0,0.00,0.00,0.00,0.00),(9055,5,299,2,4,9,0,0.00,0.00,0.00,0.00),(9056,5,400,2,4,9,0,0.00,0.00,0.00,0.00),(9057,5,403,2,4,9,0,0.00,0.00,0.00,0.00),(9058,5,404,2,4,9,0,0.00,0.00,0.00,0.00),(9059,5,432,2,4,9,0,0.00,0.00,0.00,0.00),(9060,5,435,2,4,9,0,0.00,0.00,0.00,0.00),(9061,5,436,2,4,9,0,0.00,0.00,0.00,0.00),(9062,5,447,2,4,9,0,0.00,0.00,0.00,0.00),(9063,5,504,2,4,9,0,0.00,0.00,0.00,0.00),(9064,5,505,2,4,9,0,0.00,0.00,0.00,0.00),(9065,5,553,2,4,9,0,0.00,0.00,0.00,0.00),(9066,5,609,2,4,9,0,0.00,0.00,0.00,0.00),(9067,5,626,2,4,9,0,0.00,0.00,0.00,0.00),(9068,5,627,2,4,9,0,0.00,0.00,0.00,0.00),(9069,5,628,2,4,9,0,0.00,0.00,0.00,0.00),(9070,5,629,2,4,9,0,0.00,0.00,0.00,0.00),(9071,5,631,2,4,9,0,0.00,0.00,0.00,0.00),(9072,5,632,2,4,9,0,0.00,0.00,0.00,0.00),(9073,5,663,2,4,9,0,0.00,0.00,0.00,0.00),(9074,5,664,2,4,9,0,0.00,0.00,0.00,0.00),(9075,5,665,2,4,9,0,0.00,0.00,0.00,0.00),(9076,5,709,2,4,9,0,0.00,0.00,0.00,0.00),(9077,5,710,2,4,9,0,0.00,0.00,0.00,0.00),(9078,5,711,2,4,9,0,0.00,0.00,0.00,0.00),(9079,5,749,2,4,9,0,0.00,0.00,0.00,0.00),(9080,5,750,2,4,9,0,0.00,0.00,0.00,0.00),(9081,5,753,2,4,9,0,0.00,0.00,0.00,0.00),(9082,5,758,2,4,9,0,0.00,0.00,0.00,0.00),(9083,5,773,2,4,9,0,0.00,0.00,0.00,0.00),(9084,5,774,2,4,9,0,0.00,0.00,0.00,0.00),(9085,5,775,2,4,9,0,0.00,0.00,0.00,0.00),(9086,5,776,2,4,9,0,0.00,0.00,0.00,0.00),(9087,5,779,2,4,9,0,0.00,0.00,0.00,0.00),(9088,5,784,2,4,9,0,0.00,0.00,0.00,0.00),(9089,5,785,2,4,9,0,0.00,0.00,0.00,0.00),(9090,5,786,2,4,9,0,0.00,0.00,0.00,0.00),(9091,5,787,2,4,9,0,0.00,0.00,0.00,0.00),(9092,5,789,2,4,9,0,0.00,0.00,0.00,0.00),(9093,5,790,2,4,9,0,0.00,0.00,0.00,0.00),(9094,5,791,2,4,9,0,0.00,0.00,0.00,0.00),(9095,5,826,2,4,9,0,0.00,0.00,0.00,0.00),(9096,5,1062,2,4,9,0,0.00,0.00,0.00,0.00),(9097,5,1063,2,4,9,0,0.00,0.00,0.00,0.00),(9098,5,1065,2,4,9,0,0.00,0.00,0.00,0.00),(9099,5,1066,2,4,9,0,0.00,0.00,0.00,0.00),(9100,5,1067,2,4,9,0,0.00,0.00,0.00,0.00),(9101,5,1068,2,4,9,0,0.00,0.00,0.00,0.00),(9102,5,1069,2,4,9,0,0.00,0.00,0.00,0.00),(9103,5,1070,2,4,9,0,0.00,0.00,0.00,0.00),(9104,5,1073,2,4,9,0,0.00,0.00,0.00,0.00),(9105,5,1074,2,4,9,0,0.00,0.00,0.00,0.00),(9106,5,1087,2,4,9,0,0.00,0.00,0.00,0.00),(9107,5,1090,2,4,9,0,0.00,0.00,0.00,0.00),(9108,5,1098,2,4,9,0,0.00,0.00,0.00,0.00),(9109,5,1114,2,4,9,0,0.00,0.00,0.00,0.00),(9110,5,1115,2,4,9,0,0.00,0.00,0.00,0.00),(9111,5,1119,2,4,9,0,0.00,0.00,0.00,0.00),(9112,5,1120,2,4,9,0,0.00,0.00,0.00,0.00),(9113,5,1135,2,4,9,0,0.00,0.00,0.00,0.00),(9114,5,1191,2,4,9,0,0.00,0.00,0.00,0.00),(9115,5,1192,2,4,9,0,0.00,0.00,0.00,0.00),(9116,5,1202,2,4,9,0,0.00,0.00,0.00,0.00),(9117,5,1239,2,4,9,0,0.00,0.00,0.00,0.00),(9118,5,1246,2,4,9,0,0.00,0.00,0.00,0.00),(9119,5,1247,2,4,9,0,0.00,0.00,0.00,0.00),(9120,5,1256,2,4,9,0,0.00,0.00,0.00,0.00),(9121,5,1270,2,4,9,0,0.00,0.00,0.00,0.00),(9122,5,1271,2,4,9,0,0.00,0.00,0.00,0.00),(9123,5,1302,2,4,9,0,0.00,0.00,0.00,0.00),(9124,5,1325,2,4,9,0,0.00,0.00,0.00,0.00),(9125,5,1376,2,4,9,0,0.00,0.00,0.00,0.00),(9126,5,1377,2,4,9,0,0.00,0.00,0.00,0.00),(9127,5,1378,2,4,9,0,0.00,0.00,0.00,0.00),(9128,5,1384,2,4,9,0,0.00,0.00,0.00,0.00),(9129,5,1528,2,4,9,0,0.00,0.00,0.00,0.00),(9130,5,1529,2,4,9,0,0.00,0.00,0.00,0.00),(9131,5,1530,2,4,9,0,0.00,0.00,0.00,0.00),(9132,5,1531,2,4,9,0,0.00,0.00,0.00,0.00),(9133,5,1561,2,4,9,0,0.00,0.00,0.00,0.00),(9134,5,1562,2,4,9,0,0.00,0.00,0.00,0.00),(9135,5,1569,2,4,9,0,0.00,0.00,0.00,0.00),(9136,5,1702,2,4,9,0,0.00,0.00,0.00,0.00),(9137,5,1767,2,4,9,0,0.00,0.00,0.00,0.00),(9138,5,1768,2,4,9,0,0.00,0.00,0.00,0.00),(9139,5,1769,2,4,9,0,0.00,0.00,0.00,0.00),(9140,5,1827,2,4,9,0,0.00,0.00,0.00,0.00),(9141,5,1828,2,4,9,0,0.00,0.00,0.00,0.00),(9142,5,1829,2,4,9,0,0.00,0.00,0.00,0.00),(9143,5,1830,2,4,9,0,0.00,0.00,0.00,0.00),(9144,5,1832,2,4,9,0,0.00,0.00,0.00,0.00),(9145,5,1840,2,4,9,0,0.00,0.00,0.00,0.00),(9146,5,1841,2,4,9,0,0.00,0.00,0.00,0.00),(9147,5,2015,2,4,9,0,0.00,0.00,0.00,0.00),(9148,5,2016,2,4,9,0,0.00,0.00,0.00,0.00),(9149,5,2017,2,4,9,0,0.00,0.00,0.00,0.00),(9150,5,2040,2,4,9,0,0.00,0.00,0.00,0.00),(9151,5,2059,2,4,9,0,0.00,0.00,0.00,0.00),(9152,5,2243,2,4,9,0,0.00,0.00,0.00,0.00),(9153,5,2244,2,4,9,0,0.00,0.00,0.00,0.00),(9154,5,2245,2,4,9,0,0.00,0.00,0.00,0.00),(9155,5,2246,2,4,9,0,0.00,0.00,0.00,0.00),(9156,5,2247,2,4,9,0,0.00,0.00,0.00,0.00),(9157,5,2248,2,4,9,0,0.00,0.00,0.00,0.00),(9158,5,2249,2,4,9,0,0.00,0.00,0.00,0.00),(9159,5,2250,2,4,9,0,0.00,0.00,0.00,0.00),(9160,5,2251,2,4,9,0,0.00,0.00,0.00,0.00),(9161,5,2252,2,4,9,0,0.00,0.00,0.00,0.00),(9162,5,2253,2,4,9,0,0.00,0.00,0.00,0.00),(9163,5,2254,2,4,9,0,0.00,0.00,0.00,0.00),(9164,5,2255,2,4,9,0,0.00,0.00,0.00,0.00),(9165,5,2256,2,4,9,0,0.00,0.00,0.00,0.00),(9166,5,2257,2,4,9,0,0.00,0.00,0.00,0.00),(9167,5,2258,2,4,9,0,0.00,0.00,0.00,0.00),(9168,5,2259,2,4,9,0,0.00,0.00,0.00,0.00),(9169,5,2260,2,4,9,0,0.00,0.00,0.00,0.00),(9170,5,2261,2,4,9,0,0.00,0.00,0.00,0.00),(9171,5,2262,2,4,9,0,0.00,0.00,0.00,0.00),(9172,5,2263,2,4,9,0,0.00,0.00,0.00,0.00),(9173,5,2264,2,4,9,0,0.00,0.00,0.00,0.00),(9174,5,2265,2,4,9,0,0.00,0.00,0.00,0.00),(9175,5,2266,2,4,9,0,0.00,0.00,0.00,0.00),(9176,5,2267,2,4,9,0,0.00,0.00,0.00,0.00),(9177,5,2268,2,4,9,0,0.00,0.00,0.00,0.00),(9178,5,2269,2,4,9,0,0.00,0.00,0.00,0.00),(9179,5,2270,2,4,9,0,0.00,0.00,0.00,0.00),(9180,5,2271,2,4,9,0,0.00,0.00,0.00,0.00),(9181,5,2272,2,4,9,0,0.00,0.00,0.00,0.00),(9182,5,2273,2,4,9,0,0.00,0.00,0.00,0.00),(9183,5,2274,2,4,9,0,0.00,0.00,0.00,0.00),(9184,5,2275,2,4,9,0,0.00,0.00,0.00,0.00),(9185,5,2276,2,4,9,0,0.00,0.00,0.00,0.00),(9186,5,2277,2,4,9,0,0.00,0.00,0.00,0.00),(9187,5,2278,2,4,9,0,0.00,0.00,0.00,0.00),(9188,5,2279,2,4,9,0,0.00,0.00,0.00,0.00),(9189,5,2280,2,4,9,0,0.00,0.00,0.00,0.00),(9190,5,2281,2,4,9,0,0.00,0.00,0.00,0.00),(9191,5,2282,2,4,9,0,0.00,0.00,0.00,0.00),(9192,5,2283,2,4,9,0,0.00,0.00,0.00,0.00),(9193,5,2284,2,4,9,0,0.00,0.00,0.00,0.00),(9194,5,2324,2,4,9,0,0.00,0.00,0.00,0.00),(9195,5,2855,2,4,9,0,0.00,0.00,0.00,0.00),(9196,5,2856,2,4,9,0,0.00,0.00,0.00,0.00),(9197,5,2871,2,4,9,0,0.00,0.00,0.00,0.00),(9198,5,96,2,4,10,0,0.00,0.00,0.00,0.00),(9199,5,98,2,4,10,0,0.00,0.00,0.00,0.00),(9200,5,182,2,4,10,0,0.00,0.00,0.00,0.00),(9201,5,196,2,4,10,0,0.00,0.00,0.00,0.00),(9202,5,197,2,4,10,0,0.00,0.00,0.00,0.00),(9203,5,198,2,4,10,0,0.00,0.00,0.00,0.00),(9204,5,207,2,4,10,1,2.10,1.00,2.05,1.00),(9205,5,237,2,4,10,0,0.00,0.00,0.00,0.00),(9206,5,243,2,4,10,0,0.00,0.00,0.00,0.00),(9207,5,246,2,4,10,0,0.00,0.00,0.00,0.00),(9208,5,322,2,4,10,0,0.00,0.00,0.00,0.00),(9209,5,323,2,4,10,0,0.00,0.00,0.00,0.00),(9210,5,325,2,4,10,0,0.00,0.00,0.00,0.00),(9211,5,326,2,4,10,0,0.00,0.00,0.00,0.00),(9212,5,327,2,4,10,0,0.00,0.00,0.00,0.00),(9213,5,328,2,4,10,0,0.00,0.00,0.00,0.00),(9214,5,340,2,4,10,0,0.00,0.00,0.00,0.00),(9215,5,341,2,4,10,0,0.00,0.00,0.00,0.00),(9216,5,347,2,4,10,0,0.00,0.00,0.00,0.00),(9217,5,348,2,4,10,0,0.00,0.00,0.00,0.00),(9218,5,349,2,4,10,0,0.00,0.00,0.00,0.00),(9219,5,351,2,4,10,0,0.00,0.00,0.00,0.00),(9220,5,460,2,4,10,0,0.00,0.00,0.00,0.00),(9221,5,462,2,4,10,0,0.00,0.00,0.00,0.00),(9222,5,498,2,4,10,0,0.00,0.00,0.00,0.00),(9223,5,556,2,4,10,0,0.00,0.00,0.00,0.00),(9224,5,691,2,4,10,0,0.00,0.00,0.00,0.00),(9225,5,849,2,4,10,0,0.00,0.00,0.00,0.00),(9226,5,967,2,4,10,0,0.00,0.00,0.00,0.00),(9227,5,968,2,4,10,0,0.00,0.00,0.00,0.00),(9228,5,973,2,4,10,0,0.00,0.00,0.00,0.00),(9229,5,1032,2,4,10,0,0.00,0.00,0.00,0.00),(9230,5,1033,2,4,10,0,0.00,0.00,0.00,0.00),(9231,5,1208,2,4,10,0,0.00,0.00,0.00,0.00),(9232,5,1209,2,4,10,0,0.00,0.00,0.00,0.00),(9233,5,1210,2,4,10,0,0.00,0.00,0.00,0.00),(9234,5,1222,2,4,10,0,0.00,0.00,0.00,0.00),(9235,5,1356,2,4,10,0,0.00,0.00,0.00,0.00),(9236,5,1372,2,4,10,0,0.00,0.00,0.00,0.00),(9237,5,1386,2,4,10,0,0.00,0.00,0.00,0.00),(9238,5,1387,2,4,10,0,0.00,0.00,0.00,0.00),(9239,5,1388,2,4,10,0,0.00,0.00,0.00,0.00),(9240,5,1389,2,4,10,0,0.00,0.00,0.00,0.00),(9241,5,1392,2,4,10,0,0.00,0.00,0.00,0.00),(9242,5,1393,2,4,10,0,0.00,0.00,0.00,0.00),(9243,5,1478,2,4,10,0,0.00,0.00,0.00,0.00),(9244,5,1581,2,4,10,0,0.00,0.00,0.00,0.00),(9245,5,1668,2,4,10,0,0.00,0.00,0.00,0.00),(9246,5,1671,2,4,10,0,0.00,0.00,0.00,0.00),(9247,5,1672,2,4,10,0,0.00,0.00,0.00,0.00),(9248,5,1681,2,4,10,0,0.00,0.00,0.00,0.00),(9249,5,1687,2,4,10,0,0.00,0.00,0.00,0.00),(9250,5,1688,2,4,10,0,0.00,0.00,0.00,0.00),(9251,5,1689,2,4,10,0,0.00,0.00,0.00,0.00),(9252,5,1690,2,4,10,0,0.00,0.00,0.00,0.00),(9253,5,1691,2,4,10,0,0.00,0.00,0.00,0.00),(9254,5,1695,2,4,10,0,0.00,0.00,0.00,0.00),(9255,5,1696,2,4,10,0,0.00,0.00,0.00,0.00),(9256,5,1698,2,4,10,0,0.00,0.00,0.00,0.00),(9257,5,1771,2,4,10,0,0.00,0.00,0.00,0.00),(9258,5,1874,2,4,10,0,0.00,0.00,0.00,0.00),(9259,5,1875,2,4,10,0,0.00,0.00,0.00,0.00),(9260,5,1876,2,4,10,0,0.00,0.00,0.00,0.00),(9261,5,1878,2,4,10,0,0.00,0.00,0.00,0.00),(9262,5,1879,2,4,10,0,0.00,0.00,0.00,0.00),(9263,5,1880,2,4,10,0,0.00,0.00,0.00,0.00),(9264,5,1884,2,4,10,0,0.00,0.00,0.00,0.00),(9265,5,1885,2,4,10,0,0.00,0.00,0.00,0.00),(9266,5,1886,2,4,10,0,0.00,0.00,0.00,0.00),(9267,5,1938,2,4,10,0,0.00,0.00,0.00,0.00),(9268,5,1941,2,4,10,0,0.00,0.00,0.00,0.00),(9269,5,1944,2,4,10,0,0.00,0.00,0.00,0.00),(9270,5,1978,2,4,10,0,0.00,0.00,0.00,0.00),(9271,5,2048,2,4,10,0,0.00,0.00,0.00,0.00),(9272,5,2285,2,4,10,0,0.00,0.00,0.00,0.00),(9273,5,2286,2,4,10,0,0.00,0.00,0.00,0.00),(9274,5,2287,2,4,10,0,0.00,0.00,0.00,0.00),(9275,5,2288,2,4,10,0,0.00,0.00,0.00,0.00),(9276,5,2289,2,4,10,0,0.00,0.00,0.00,0.00),(9277,5,2290,2,4,10,0,0.00,0.00,0.00,0.00),(9278,5,2291,2,4,10,0,0.00,0.00,0.00,0.00),(9279,5,2292,2,4,10,0,0.00,0.00,0.00,0.00),(9280,5,2293,2,4,10,0,0.00,0.00,0.00,0.00),(9281,5,2294,2,4,10,0,0.00,0.00,0.00,0.00),(9282,5,2295,2,4,10,0,0.00,0.00,0.00,0.00),(9283,5,2296,2,4,10,0,0.00,0.00,0.00,0.00),(9284,5,2297,2,4,10,0,0.00,0.00,0.00,0.00),(9285,5,2298,2,4,10,0,0.00,0.00,0.00,0.00),(9286,5,2299,2,4,10,0,0.00,0.00,0.00,0.00),(9287,5,2300,2,4,10,0,0.00,0.00,0.00,0.00),(9288,5,2301,2,4,10,0,0.00,0.00,0.00,0.00),(9289,5,2302,2,4,10,0,0.00,0.00,0.00,0.00),(9290,5,2303,2,4,10,0,0.00,0.00,0.00,0.00),(9291,5,2304,2,4,10,1,1.10,1.00,2.05,1.00),(9292,5,2305,2,4,10,0,0.00,0.00,0.00,0.00),(9293,5,2306,2,4,10,0,0.00,0.00,0.00,0.00),(9294,5,2307,2,4,10,0,0.00,0.00,0.00,0.00),(9295,5,2308,2,4,10,0,0.00,0.00,0.00,0.00),(9296,5,2309,2,4,10,0,0.00,0.00,0.00,0.00),(9297,5,2310,2,4,10,0,0.00,0.00,0.00,0.00),(9298,5,2311,2,4,10,0,0.00,0.00,0.00,0.00),(9299,5,2312,2,4,10,0,0.00,0.00,0.00,0.00),(9300,5,2313,2,4,10,0,0.00,0.00,0.00,0.00),(9301,5,2314,2,4,10,0,0.00,0.00,0.00,0.00),(9302,5,2315,2,4,10,0,0.00,0.00,0.00,0.00),(9303,5,2316,2,4,10,0,0.00,0.00,0.00,0.00),(9304,5,2317,2,4,10,0,0.00,0.00,0.00,0.00),(9305,5,2318,2,4,10,0,0.00,0.00,0.00,0.00),(9306,5,2319,2,4,10,0,0.00,0.00,0.00,0.00),(9307,5,2320,2,4,10,0,0.00,0.00,0.00,0.00),(9308,5,2321,2,4,10,0,0.00,0.00,0.00,0.00),(9309,5,2322,2,4,10,0,0.00,0.00,0.00,0.00),(9310,5,2323,2,4,10,0,0.00,0.00,0.00,0.00),(9311,5,2325,2,4,10,0,0.00,0.00,0.00,0.00),(9312,5,2326,2,4,10,0,0.00,0.00,0.00,0.00),(9313,5,2327,2,4,10,0,0.00,0.00,0.00,0.00),(9314,5,2328,2,4,10,0,0.00,0.00,0.00,0.00),(9315,5,2329,2,4,10,0,0.00,0.00,0.00,0.00),(9316,5,2330,2,4,10,0,0.00,0.00,0.00,0.00),(9317,5,2331,2,4,10,0,0.00,0.00,0.00,0.00),(9318,5,2332,2,4,10,0,0.00,0.00,0.00,0.00),(9319,5,2333,2,4,10,0,0.00,0.00,0.00,0.00),(9320,5,2334,2,4,10,0,0.00,0.00,0.00,0.00),(9321,5,2335,2,4,10,0,0.00,0.00,0.00,0.00),(9322,5,2336,2,4,10,0,0.00,0.00,0.00,0.00),(9323,5,2337,2,4,10,0,0.00,0.00,0.00,0.00),(9324,5,2338,2,4,10,0,0.00,0.00,0.00,0.00),(9325,5,2339,2,4,10,0,0.00,0.00,0.00,0.00),(9326,5,2340,2,4,10,0,0.00,0.00,0.00,0.00),(9327,5,2341,2,4,10,0,0.00,0.00,0.00,0.00),(9328,5,2342,2,4,10,0,0.00,0.00,0.00,0.00),(9329,5,2343,2,4,10,0,0.00,0.00,0.00,0.00),(9330,5,2344,2,4,10,0,0.00,0.00,0.00,0.00),(9331,5,2345,2,4,10,0,0.00,0.00,0.00,0.00),(9332,5,2346,2,4,10,0,0.00,0.00,0.00,0.00),(9333,5,2347,2,4,10,0,0.00,0.00,0.00,0.00),(9334,5,2348,2,4,10,0,0.00,0.00,0.00,0.00),(9335,5,2349,2,4,10,0,0.00,0.00,0.00,0.00),(9336,5,2350,2,4,10,0,0.00,0.00,0.00,0.00),(9337,5,2351,2,4,10,0,0.00,0.00,0.00,0.00),(9338,5,2352,2,4,10,0,0.00,0.00,0.00,0.00),(9339,5,2353,2,4,10,0,0.00,0.00,0.00,0.00),(9340,5,2354,2,4,10,0,0.00,0.00,0.00,0.00),(9341,5,2355,2,4,10,0,0.00,0.00,0.00,0.00),(9342,5,2356,2,4,10,0,0.00,0.00,0.00,0.00),(9343,5,2357,2,4,10,0,0.00,0.00,0.00,0.00),(9344,5,2358,2,4,10,0,0.00,0.00,0.00,0.00),(9345,5,2359,2,4,10,0,0.00,0.00,0.00,0.00),(9346,5,2360,2,4,10,0,0.00,0.00,0.00,0.00),(9347,5,2361,2,4,10,0,0.00,0.00,0.00,0.00),(9348,5,2362,2,4,10,0,0.00,0.00,0.00,0.00),(9349,5,2363,2,4,10,0,0.00,0.00,0.00,0.00),(9350,5,2364,2,4,10,0,0.00,0.00,0.00,0.00),(9351,5,2365,2,4,10,0,0.00,0.00,0.00,0.00),(9352,5,2366,2,4,10,0,0.00,0.00,0.00,0.00),(9353,5,2367,2,4,10,0,0.00,0.00,0.00,0.00),(9354,5,2368,2,4,10,0,0.00,0.00,0.00,0.00),(9355,5,2369,2,4,10,0,0.00,0.00,0.00,0.00),(9356,5,2370,2,4,10,0,0.00,0.00,0.00,0.00),(9357,5,2371,2,4,10,0,0.00,0.00,0.00,0.00),(9358,5,2372,2,4,10,0,0.00,0.00,0.00,0.00),(9359,5,2373,2,4,10,0,0.00,0.00,0.00,0.00),(9360,5,2374,2,4,10,0,0.00,0.00,0.00,0.00),(9361,5,2375,2,4,10,0,0.00,0.00,0.00,0.00),(9362,5,2376,2,4,10,0,0.00,0.00,0.00,0.00),(9363,5,2377,2,4,10,0,0.00,0.00,0.00,0.00),(9364,5,2378,2,4,10,0,0.00,0.00,0.00,0.00),(9365,5,2379,2,4,10,0,0.00,0.00,0.00,0.00),(9366,5,2380,2,4,10,0,0.00,0.00,0.00,0.00),(9367,5,2381,2,4,10,0,0.00,0.00,0.00,0.00),(9368,5,2382,2,4,10,0,0.00,0.00,0.00,0.00),(9369,5,2383,2,4,10,0,0.00,0.00,0.00,0.00),(9370,5,2384,2,4,10,0,0.00,0.00,0.00,0.00),(9371,5,2385,2,4,10,0,0.00,0.00,0.00,0.00),(9372,5,2386,2,4,10,0,0.00,0.00,0.00,0.00),(9373,5,2387,2,4,10,0,0.00,0.00,0.00,0.00),(9374,5,2388,2,4,10,0,0.00,0.00,0.00,0.00),(9375,5,2389,2,4,10,0,0.00,0.00,0.00,0.00),(9376,5,2390,2,4,10,0,0.00,0.00,0.00,0.00),(9377,5,2391,2,4,10,0,0.00,0.00,0.00,0.00),(9378,5,2392,2,4,10,0,0.00,0.00,0.00,0.00),(9379,5,2393,2,4,10,0,0.00,0.00,0.00,0.00),(9380,5,2394,2,4,10,0,0.00,0.00,0.00,0.00),(9381,5,2395,2,4,10,0,0.00,0.00,0.00,0.00),(9382,5,2396,2,4,10,0,0.00,0.00,0.00,0.00),(9383,5,2397,2,4,10,0,0.00,0.00,0.00,0.00),(9384,5,2398,2,4,10,0,0.00,0.00,0.00,0.00),(9385,5,2399,2,4,10,0,0.00,0.00,0.00,0.00),(9386,5,2400,2,4,10,0,0.00,0.00,0.00,0.00),(9387,5,2401,2,4,10,0,0.00,0.00,0.00,0.00),(9388,5,2402,2,4,10,0,0.00,0.00,0.00,0.00),(9389,5,2403,2,4,10,0,0.00,0.00,0.00,0.00),(9390,5,2404,2,4,10,0,0.00,0.00,0.00,0.00),(9391,5,2405,2,4,10,0,0.00,0.00,0.00,0.00),(9392,5,2406,2,4,10,0,0.00,0.00,0.00,0.00),(9393,5,2407,2,4,10,0,0.00,0.00,0.00,0.00),(9394,5,2408,2,4,10,0,0.00,0.00,0.00,0.00),(9395,5,2409,2,4,10,0,0.00,0.00,0.00,0.00),(9396,5,2410,2,4,10,0,0.00,0.00,0.00,0.00),(9397,5,2411,2,4,10,0,0.00,0.00,0.00,0.00),(9398,5,2412,2,4,10,0,0.00,0.00,0.00,0.00),(9399,5,2413,2,4,10,0,0.00,0.00,0.00,0.00),(9400,5,2414,2,4,10,0,0.00,0.00,0.00,0.00),(9401,5,2415,2,4,10,0,0.00,0.00,0.00,0.00),(9402,5,2416,2,4,10,0,0.00,0.00,0.00,0.00),(9403,5,2417,2,4,10,0,0.00,0.00,0.00,0.00),(9404,5,2418,2,4,10,0,0.00,0.00,0.00,0.00),(9405,5,2419,2,4,10,0,0.00,0.00,0.00,0.00),(9406,5,2420,2,4,10,0,0.00,0.00,0.00,0.00),(9407,5,2421,2,4,10,0,0.00,0.00,0.00,0.00),(9408,5,2422,2,4,10,0,0.00,0.00,0.00,0.00),(9409,5,2423,2,4,10,0,0.00,0.00,0.00,0.00),(9410,5,2424,2,4,10,0,0.00,0.00,0.00,0.00),(9411,5,2425,2,4,10,0,0.00,0.00,0.00,0.00),(9412,5,2426,2,4,10,0,0.00,0.00,0.00,0.00),(9413,5,2427,2,4,10,0,0.00,0.00,0.00,0.00),(9414,5,2428,2,4,10,0,0.00,0.00,0.00,0.00),(9415,5,2429,2,4,10,0,0.00,0.00,0.00,0.00),(9416,5,2430,2,4,10,0,0.00,0.00,0.00,0.00),(9417,5,2431,2,4,10,0,0.00,0.00,0.00,0.00),(9418,5,2432,2,4,10,0,0.00,0.00,0.00,0.00),(9419,5,2433,2,4,10,0,0.00,0.00,0.00,0.00),(9420,5,2434,2,4,10,0,0.00,0.00,0.00,0.00),(9421,5,2435,2,4,10,0,0.00,0.00,0.00,0.00),(9422,5,2436,2,4,10,0,0.00,0.00,0.00,0.00),(9423,5,2437,2,4,10,0,0.00,0.00,0.00,0.00),(9424,5,2438,2,4,10,0,0.00,0.00,0.00,0.00),(9425,5,2439,2,4,10,0,0.00,0.00,0.00,0.00),(9426,5,2440,2,4,10,0,0.00,0.00,0.00,0.00),(9427,5,2441,2,4,10,0,0.00,0.00,0.00,0.00),(9428,5,2442,2,4,10,0,0.00,0.00,0.00,0.00),(9429,5,2443,2,4,10,0,0.00,0.00,0.00,0.00),(9430,5,2444,2,4,10,0,0.00,0.00,0.00,0.00),(9431,5,2445,2,4,10,0,0.00,0.00,0.00,0.00),(9432,5,2446,2,4,10,0,0.00,0.00,0.00,0.00),(9433,5,2447,2,4,10,0,0.00,0.00,0.00,0.00),(9434,5,2448,2,4,10,0,0.00,0.00,0.00,0.00),(9435,5,2449,2,4,10,0,0.00,0.00,0.00,0.00),(9436,5,2450,2,4,10,0,0.00,0.00,0.00,0.00),(9437,5,2451,2,4,10,0,0.00,0.00,0.00,0.00),(9438,5,2452,2,4,10,0,0.00,0.00,0.00,0.00),(9439,5,2453,2,4,10,0,0.00,0.00,0.00,0.00),(9440,5,2454,2,4,10,0,0.00,0.00,0.00,0.00),(9441,5,2455,2,4,10,0,0.00,0.00,0.00,0.00),(9442,5,2456,2,4,10,0,0.00,0.00,0.00,0.00),(9443,5,2457,2,4,10,0,0.00,0.00,0.00,0.00),(9444,5,2458,2,4,10,0,0.00,0.00,0.00,0.00),(9445,5,2459,2,4,10,0,0.00,0.00,0.00,0.00),(9446,5,2460,2,4,10,0,0.00,0.00,0.00,0.00),(9447,5,2461,2,4,10,0,0.00,0.00,0.00,0.00),(9448,5,2462,2,4,10,0,0.00,0.00,0.00,0.00),(9449,5,2463,2,4,10,0,0.00,0.00,0.00,0.00),(9450,5,2464,2,4,10,0,0.00,0.00,0.00,0.00),(9451,5,2465,2,4,10,0,0.00,0.00,0.00,0.00),(9452,5,2466,2,4,10,0,0.00,0.00,0.00,0.00),(9453,5,2467,2,4,10,0,0.00,0.00,0.00,0.00),(9454,5,2468,2,4,10,0,0.00,0.00,0.00,0.00),(9455,5,2469,2,4,10,0,0.00,0.00,0.00,0.00),(9456,5,2470,2,4,10,0,0.00,0.00,0.00,0.00),(9457,5,2531,2,4,10,0,0.00,0.00,0.00,0.00),(9458,5,2541,2,4,10,0,0.00,0.00,0.00,0.00),(9459,5,2865,2,4,10,0,0.00,0.00,0.00,0.00),(9460,5,2924,2,4,10,0,0.00,0.00,0.00,0.00),(9463,5,2927,2,4,10,1,1.10,1.00,1.05,1.00),(9466,5,14,2,4,11,0,0.00,0.00,0.00,0.00),(9467,5,50,2,4,11,0,0.00,0.00,0.00,0.00),(9468,5,55,2,4,11,0,0.00,0.00,0.00,0.00),(9469,5,66,2,4,11,0,0.00,0.00,0.00,0.00),(9470,5,84,2,4,11,0,0.00,0.00,0.00,0.00),(9471,5,99,2,4,11,0,0.00,0.00,0.00,0.00),(9472,5,101,2,4,11,0,0.00,0.00,0.00,0.00),(9473,5,102,2,4,11,0,0.00,0.00,0.00,0.00),(9474,5,103,2,4,11,0,0.00,0.00,0.00,0.00),(9475,5,104,2,4,11,0,0.00,0.00,0.00,0.00),(9476,5,106,2,4,11,0,0.00,0.00,0.00,0.00),(9477,5,108,2,4,11,0,0.00,0.00,0.00,0.00),(9478,5,109,2,4,11,0,0.00,0.00,0.00,0.00),(9479,5,111,2,4,11,0,0.00,0.00,0.00,0.00),(9480,5,114,2,4,11,0,0.00,0.00,0.00,0.00),(9481,5,127,2,4,11,0,0.00,0.00,0.00,0.00),(9482,5,157,2,4,11,0,0.00,0.00,0.00,0.00),(9483,5,169,2,4,11,0,0.00,0.00,0.00,0.00),(9484,5,170,2,4,11,0,0.00,0.00,0.00,0.00),(9485,5,174,2,4,11,0,0.00,0.00,0.00,0.00),(9486,5,180,2,4,11,0,0.00,0.00,0.00,0.00),(9487,5,181,2,4,11,0,0.00,0.00,0.00,0.00),(9488,5,203,2,4,11,0,0.00,0.00,0.00,0.00),(9489,5,204,2,4,11,0,0.00,0.00,0.00,0.00),(9490,5,206,2,4,11,0,0.00,0.00,0.00,0.00),(9491,5,208,2,4,11,0,0.00,0.00,0.00,0.00),(9492,5,209,2,4,11,0,0.00,0.00,0.00,0.00),(9493,5,210,2,4,11,0,0.00,0.00,0.00,0.00),(9494,5,239,2,4,11,0,0.00,0.00,0.00,0.00),(9495,5,247,2,4,11,0,0.00,0.00,0.00,0.00),(9496,5,331,2,4,11,0,0.00,0.00,0.00,0.00),(9497,5,388,2,4,11,0,0.00,0.00,0.00,0.00),(9498,5,423,2,4,11,0,0.00,0.00,0.00,0.00),(9499,5,424,2,4,11,0,0.00,0.00,0.00,0.00),(9500,5,461,2,4,11,0,0.00,0.00,0.00,0.00),(9501,5,468,2,4,11,0,0.00,0.00,0.00,0.00),(9502,5,469,2,4,11,0,0.00,0.00,0.00,0.00),(9503,5,501,2,4,11,0,0.00,0.00,0.00,0.00),(9504,5,502,2,4,11,0,0.00,0.00,0.00,0.00),(9505,5,503,2,4,11,0,0.00,0.00,0.00,0.00),(9506,5,520,2,4,11,0,0.00,0.00,0.00,0.00),(9507,5,528,2,4,11,0,0.00,0.00,0.00,0.00),(9508,5,529,2,4,11,0,0.00,0.00,0.00,0.00),(9509,5,531,2,4,11,0,0.00,0.00,0.00,0.00),(9510,5,532,2,4,11,0,0.00,0.00,0.00,0.00),(9511,5,534,2,4,11,0,0.00,0.00,0.00,0.00),(9512,5,535,2,4,11,0,0.00,0.00,0.00,0.00),(9513,5,536,2,4,11,0,0.00,0.00,0.00,0.00),(9514,5,540,2,4,11,0,0.00,0.00,0.00,0.00),(9515,5,541,2,4,11,0,0.00,0.00,0.00,0.00),(9516,5,542,2,4,11,0,0.00,0.00,0.00,0.00),(9517,5,544,2,4,11,0,0.00,0.00,0.00,0.00),(9518,5,549,2,4,11,0,0.00,0.00,0.00,0.00),(9519,5,550,2,4,11,0,0.00,0.00,0.00,0.00),(9520,5,551,2,4,11,0,0.00,0.00,0.00,0.00),(9521,5,559,2,4,11,0,0.00,0.00,0.00,0.00),(9522,5,563,2,4,11,0,0.00,0.00,0.00,0.00),(9523,5,564,2,4,11,0,0.00,0.00,0.00,0.00),(9524,5,566,2,4,11,0,0.00,0.00,0.00,0.00),(9525,5,567,2,4,11,0,0.00,0.00,0.00,0.00),(9526,5,568,2,4,11,0,0.00,0.00,0.00,0.00),(9527,5,569,2,4,11,0,0.00,0.00,0.00,0.00),(9528,5,593,2,4,11,0,0.00,0.00,0.00,0.00),(9529,5,594,2,4,11,0,0.00,0.00,0.00,0.00),(9530,5,595,2,4,11,0,0.00,0.00,0.00,0.00),(9531,5,617,2,4,11,0,0.00,0.00,0.00,0.00),(9532,5,623,2,4,11,0,0.00,0.00,0.00,0.00),(9533,5,633,2,4,11,0,0.00,0.00,0.00,0.00),(9534,5,648,2,4,11,0,0.00,0.00,0.00,0.00),(9535,5,666,2,4,11,0,0.00,0.00,0.00,0.00),(9536,5,668,2,4,11,0,0.00,0.00,0.00,0.00),(9537,5,671,2,4,11,0,0.00,0.00,0.00,0.00),(9538,5,672,2,4,11,0,0.00,0.00,0.00,0.00),(9539,5,674,2,4,11,0,0.00,0.00,0.00,0.00),(9540,5,675,2,4,11,0,0.00,0.00,0.00,0.00),(9541,5,677,2,4,11,0,0.00,0.00,0.00,0.00),(9542,5,678,2,4,11,0,0.00,0.00,0.00,0.00),(9543,5,679,2,4,11,0,0.00,0.00,0.00,0.00),(9544,5,680,2,4,11,0,0.00,0.00,0.00,0.00),(9545,5,681,2,4,11,0,0.00,0.00,0.00,0.00),(9546,5,682,2,4,11,0,0.00,0.00,0.00,0.00),(9547,5,683,2,4,11,0,0.00,0.00,0.00,0.00),(9548,5,684,2,4,11,0,0.00,0.00,0.00,0.00),(9549,5,686,2,4,11,0,0.00,0.00,0.00,0.00),(9550,5,689,2,4,11,0,0.00,0.00,0.00,0.00),(9551,5,690,2,4,11,0,0.00,0.00,0.00,0.00),(9552,5,697,2,4,11,0,0.00,0.00,0.00,0.00),(9553,5,698,2,4,11,0,0.00,0.00,0.00,0.00),(9554,5,699,2,4,11,0,0.00,0.00,0.00,0.00),(9555,5,727,2,4,11,0,0.00,0.00,0.00,0.00),(9556,5,728,2,4,11,0,0.00,0.00,0.00,0.00),(9557,5,794,2,4,11,0,0.00,0.00,0.00,0.00),(9558,5,795,2,4,11,0,0.00,0.00,0.00,0.00),(9559,5,797,2,4,11,0,0.00,0.00,0.00,0.00),(9560,5,838,2,4,11,0,0.00,0.00,0.00,0.00),(9561,5,840,2,4,11,0,0.00,0.00,0.00,0.00),(9562,5,870,2,4,11,0,0.00,0.00,0.00,0.00),(9563,5,871,2,4,11,0,0.00,0.00,0.00,0.00),(9564,5,872,2,4,11,0,0.00,0.00,0.00,0.00),(9565,5,873,2,4,11,0,0.00,0.00,0.00,0.00),(9566,5,876,2,4,11,0,0.00,0.00,0.00,0.00),(9567,5,932,2,4,11,0,0.00,0.00,0.00,0.00),(9568,5,934,2,4,11,0,0.00,0.00,0.00,0.00),(9569,5,935,2,4,11,0,0.00,0.00,0.00,0.00),(9570,5,937,2,4,11,0,0.00,0.00,0.00,0.00),(9571,5,944,2,4,11,0,0.00,0.00,0.00,0.00),(9572,5,959,2,4,11,0,0.00,0.00,0.00,0.00),(9573,5,974,2,4,11,0,0.00,0.00,0.00,0.00),(9574,5,1040,2,4,11,0,0.00,0.00,0.00,0.00),(9575,5,1128,2,4,11,0,0.00,0.00,0.00,0.00),(9576,5,1130,2,4,11,0,0.00,0.00,0.00,0.00),(9577,5,1144,2,4,11,0,0.00,0.00,0.00,0.00),(9578,5,1145,2,4,11,0,0.00,0.00,0.00,0.00),(9579,5,1185,2,4,11,0,0.00,0.00,0.00,0.00),(9580,5,1186,2,4,11,0,0.00,0.00,0.00,0.00),(9581,5,1187,2,4,11,0,0.00,0.00,0.00,0.00),(9582,5,1189,2,4,11,0,0.00,0.00,0.00,0.00),(9583,5,1194,2,4,11,0,0.00,0.00,0.00,0.00),(9584,5,1220,2,4,11,0,0.00,0.00,0.00,0.00),(9585,5,1248,2,4,11,0,0.00,0.00,0.00,0.00),(9586,5,1290,2,4,11,0,0.00,0.00,0.00,0.00),(9587,5,1338,2,4,11,0,0.00,0.00,0.00,0.00),(9588,5,1353,2,4,11,0,0.00,0.00,0.00,0.00),(9589,5,1354,2,4,11,0,0.00,0.00,0.00,0.00),(9590,5,1355,2,4,11,0,0.00,0.00,0.00,0.00),(9591,5,1357,2,4,11,0,0.00,0.00,0.00,0.00),(9592,5,1359,2,4,11,0,0.00,0.00,0.00,0.00),(9593,5,1360,2,4,11,0,0.00,0.00,0.00,0.00),(9594,5,1361,2,4,11,0,0.00,0.00,0.00,0.00),(9595,5,1370,2,4,11,0,0.00,0.00,0.00,0.00),(9596,5,1375,2,4,11,0,0.00,0.00,0.00,0.00),(9597,5,1385,2,4,11,0,0.00,0.00,0.00,0.00),(9598,5,1399,2,4,11,0,0.00,0.00,0.00,0.00),(9599,5,1406,2,4,11,0,0.00,0.00,0.00,0.00),(9600,5,1407,2,4,11,0,0.00,0.00,0.00,0.00),(9601,5,1408,2,4,11,0,0.00,0.00,0.00,0.00),(9602,5,1409,2,4,11,0,0.00,0.00,0.00,0.00),(9603,5,1418,2,4,11,0,0.00,0.00,0.00,0.00),(9604,5,1427,2,4,11,0,0.00,0.00,0.00,0.00),(9605,5,1432,2,4,11,0,0.00,0.00,0.00,0.00),(9606,5,1433,2,4,11,0,0.00,0.00,0.00,0.00),(9607,5,1437,2,4,11,0,0.00,0.00,0.00,0.00),(9608,5,1447,2,4,11,0,0.00,0.00,0.00,0.00),(9609,5,1476,2,4,11,0,0.00,0.00,0.00,0.00),(9610,5,1481,2,4,11,0,0.00,0.00,0.00,0.00),(9611,5,1494,2,4,11,0,0.00,0.00,0.00,0.00),(9612,5,1495,2,4,11,0,0.00,0.00,0.00,0.00),(9613,5,1496,2,4,11,0,0.00,0.00,0.00,0.00),(9614,5,1497,2,4,11,0,0.00,0.00,0.00,0.00),(9615,5,1498,2,4,11,0,0.00,0.00,0.00,0.00),(9616,5,1499,2,4,11,0,0.00,0.00,0.00,0.00),(9617,5,1500,2,4,11,0,0.00,0.00,0.00,0.00),(9618,5,1501,2,4,11,0,0.00,0.00,0.00,0.00),(9619,5,1502,2,4,11,0,0.00,0.00,0.00,0.00),(9620,5,1503,2,4,11,0,0.00,0.00,0.00,0.00),(9621,5,1504,2,4,11,0,0.00,0.00,0.00,0.00),(9622,5,1505,2,4,11,0,0.00,0.00,0.00,0.00),(9623,5,1506,2,4,11,0,0.00,0.00,0.00,0.00),(9624,5,1507,2,4,11,0,0.00,0.00,0.00,0.00),(9625,5,1509,2,4,11,0,0.00,0.00,0.00,0.00),(9626,5,1511,2,4,11,0,0.00,0.00,0.00,0.00),(9627,5,1623,2,4,11,0,0.00,0.00,0.00,0.00),(9628,5,1624,2,4,11,0,0.00,0.00,0.00,0.00),(9629,5,1625,2,4,11,0,0.00,0.00,0.00,0.00),(9630,5,1626,2,4,11,0,0.00,0.00,0.00,0.00),(9631,5,1646,2,4,11,0,0.00,0.00,0.00,0.00),(9632,5,1647,2,4,11,0,0.00,0.00,0.00,0.00),(9633,5,1648,2,4,11,0,0.00,0.00,0.00,0.00),(9634,5,1649,2,4,11,0,0.00,0.00,0.00,0.00),(9635,5,1652,2,4,11,0,0.00,0.00,0.00,0.00),(9636,5,1655,2,4,11,0,0.00,0.00,0.00,0.00),(9637,5,1665,2,4,11,0,0.00,0.00,0.00,0.00),(9638,5,1666,2,4,11,0,0.00,0.00,0.00,0.00),(9639,5,1674,2,4,11,0,0.00,0.00,0.00,0.00),(9640,5,1675,2,4,11,0,0.00,0.00,0.00,0.00),(9641,5,1682,2,4,11,0,0.00,0.00,0.00,0.00),(9642,5,1683,2,4,11,0,0.00,0.00,0.00,0.00),(9643,5,1684,2,4,11,0,0.00,0.00,0.00,0.00),(9644,5,1704,2,4,11,0,0.00,0.00,0.00,0.00),(9645,5,1709,2,4,11,0,0.00,0.00,0.00,0.00),(9646,5,1714,2,4,11,0,0.00,0.00,0.00,0.00),(9647,5,1717,2,4,11,0,0.00,0.00,0.00,0.00),(9648,5,1729,2,4,11,0,0.00,0.00,0.00,0.00),(9649,5,1748,2,4,11,0,0.00,0.00,0.00,0.00),(9650,5,1761,2,4,11,0,0.00,0.00,0.00,0.00),(9651,5,1762,2,4,11,0,0.00,0.00,0.00,0.00),(9652,5,1803,2,4,11,0,0.00,0.00,0.00,0.00),(9653,5,1845,2,4,11,0,0.00,0.00,0.00,0.00),(9654,5,1849,2,4,11,0,0.00,0.00,0.00,0.00),(9655,5,1850,2,4,11,0,0.00,0.00,0.00,0.00),(9656,5,1851,2,4,11,0,0.00,0.00,0.00,0.00),(9657,5,1893,2,4,11,0,0.00,0.00,0.00,0.00),(9658,5,1894,2,4,11,0,0.00,0.00,0.00,0.00),(9659,5,1895,2,4,11,0,0.00,0.00,0.00,0.00),(9660,5,1936,2,4,11,0,0.00,0.00,0.00,0.00),(9661,5,1995,2,4,11,0,0.00,0.00,0.00,0.00),(9662,5,1996,2,4,11,0,0.00,0.00,0.00,0.00),(9663,5,2000,2,4,11,0,0.00,0.00,0.00,0.00),(9664,5,2010,2,4,11,0,0.00,0.00,0.00,0.00),(9665,5,2011,2,4,11,0,0.00,0.00,0.00,0.00),(9666,5,2012,2,4,11,0,0.00,0.00,0.00,0.00),(9667,5,2013,2,4,11,0,0.00,0.00,0.00,0.00),(9668,5,2471,2,4,11,0,0.00,0.00,0.00,0.00),(9669,5,2472,2,4,11,0,0.00,0.00,0.00,0.00),(9670,5,2473,2,4,11,0,0.00,0.00,0.00,0.00),(9671,5,2474,2,4,11,0,0.00,0.00,0.00,0.00),(9672,5,2475,2,4,11,0,0.00,0.00,0.00,0.00),(9673,5,2476,2,4,11,0,0.00,0.00,0.00,0.00),(9674,5,2477,2,4,11,0,0.00,0.00,0.00,0.00),(9675,5,2478,2,4,11,0,0.00,0.00,0.00,0.00),(9676,5,2479,2,4,11,0,0.00,0.00,0.00,0.00),(9677,5,2480,2,4,11,0,0.00,0.00,0.00,0.00),(9678,5,2481,2,4,11,0,0.00,0.00,0.00,0.00),(9679,5,2482,2,4,11,0,0.00,0.00,0.00,0.00),(9680,5,2483,2,4,11,0,0.00,0.00,0.00,0.00),(9681,5,2484,2,4,11,0,0.00,0.00,0.00,0.00),(9682,5,2485,2,4,11,0,0.00,0.00,0.00,0.00),(9683,5,2486,2,4,11,0,0.00,0.00,0.00,0.00),(9684,5,2487,2,4,11,0,0.00,0.00,0.00,0.00),(9685,5,2488,2,4,11,0,0.00,0.00,0.00,0.00),(9686,5,2489,2,4,11,0,0.00,0.00,0.00,0.00),(9687,5,2490,2,4,11,0,0.00,0.00,0.00,0.00),(9688,5,2491,2,4,11,0,0.00,0.00,0.00,0.00),(9689,5,2492,2,4,11,0,0.00,0.00,0.00,0.00),(9690,5,2493,2,4,11,0,0.00,0.00,0.00,0.00),(9691,5,2494,2,4,11,0,0.00,0.00,0.00,0.00),(9692,5,2495,2,4,11,0,0.00,0.00,0.00,0.00),(9693,5,2496,2,4,11,0,0.00,0.00,0.00,0.00),(9694,5,2497,2,4,11,0,0.00,0.00,0.00,0.00),(9695,5,2498,2,4,11,0,0.00,0.00,0.00,0.00),(9696,5,2499,2,4,11,0,0.00,0.00,0.00,0.00),(9697,5,2500,2,4,11,0,0.00,0.00,0.00,0.00),(9699,5,2502,2,4,11,0,0.00,0.00,0.00,0.00),(9700,5,2503,2,4,11,0,0.00,0.00,0.00,0.00),(9701,5,2504,2,4,11,0,0.00,0.00,0.00,0.00),(9702,5,2505,2,4,11,0,0.00,0.00,0.00,0.00),(9703,5,2506,2,4,11,0,0.00,0.00,0.00,0.00),(9704,5,2507,2,4,11,0,0.00,0.00,0.00,0.00),(9705,5,2508,2,4,11,0,0.00,0.00,0.00,0.00),(9706,5,2509,2,4,11,0,0.00,0.00,0.00,0.00),(9707,5,2510,2,4,11,0,0.00,0.00,0.00,0.00),(9708,5,2511,2,4,11,0,0.00,0.00,0.00,0.00),(9709,5,2512,2,4,11,0,0.00,0.00,0.00,0.00),(9710,5,2513,2,4,11,0,0.00,0.00,0.00,0.00),(9711,5,2514,2,4,11,0,0.00,0.00,0.00,0.00),(9712,5,2515,2,4,11,0,0.00,0.00,0.00,0.00),(9713,5,2516,2,4,11,0,0.00,0.00,0.00,0.00),(9714,5,2517,2,4,11,0,0.00,0.00,0.00,0.00),(9715,5,2518,2,4,11,0,0.00,0.00,0.00,0.00),(9716,5,2519,2,4,11,0,0.00,0.00,0.00,0.00),(9717,5,2520,2,4,11,0,0.00,0.00,0.00,0.00),(9718,5,2521,2,4,11,0,0.00,0.00,0.00,0.00),(9719,5,2522,2,4,11,0,0.00,0.00,0.00,0.00),(9720,5,2523,2,4,11,0,0.00,0.00,0.00,0.00),(9721,5,2524,2,4,11,0,0.00,0.00,0.00,0.00),(9722,5,2525,2,4,11,0,0.00,0.00,0.00,0.00),(9723,5,2526,2,4,11,0,0.00,0.00,0.00,0.00),(9724,5,2527,2,4,11,0,0.00,0.00,0.00,0.00),(9725,5,2528,2,4,11,0,0.00,0.00,0.00,0.00),(9726,5,2529,2,4,11,0,0.00,0.00,0.00,0.00),(9727,5,2530,2,4,11,0,0.00,0.00,0.00,0.00),(9728,5,2532,2,4,11,0,0.00,0.00,0.00,0.00),(9729,5,2533,2,4,11,0,0.00,0.00,0.00,0.00),(9730,5,2534,2,4,11,0,0.00,0.00,0.00,0.00),(9731,5,2535,2,4,11,0,0.00,0.00,0.00,0.00),(9732,5,2536,2,4,11,0,0.00,0.00,0.00,0.00),(9733,5,2537,2,4,11,0,0.00,0.00,0.00,0.00),(9734,5,2538,2,4,11,0,0.00,0.00,0.00,0.00),(9735,5,2539,2,4,11,0,0.00,0.00,0.00,0.00),(9736,5,2540,2,4,11,0,0.00,0.00,0.00,0.00),(9737,5,2542,2,4,11,0,0.00,0.00,0.00,0.00),(9738,5,2543,2,4,11,0,0.00,0.00,0.00,0.00),(9739,5,2544,2,4,11,0,0.00,0.00,0.00,0.00),(9740,5,2545,2,4,11,0,0.00,0.00,0.00,0.00),(9741,5,2546,2,4,11,0,0.00,0.00,0.00,0.00),(9742,5,2547,2,4,11,0,0.00,0.00,0.00,0.00),(9743,5,2548,2,4,11,0,0.00,0.00,0.00,0.00),(9744,5,2549,2,4,11,0,0.00,0.00,0.00,0.00),(9745,5,2550,2,4,11,0,0.00,0.00,0.00,0.00),(9746,5,2551,2,4,11,0,0.00,0.00,0.00,0.00),(9747,5,2552,2,4,11,0,0.00,0.00,0.00,0.00),(9748,5,2553,2,4,11,0,0.00,0.00,0.00,0.00),(9749,5,2554,2,4,11,0,0.00,0.00,0.00,0.00),(9750,5,2555,2,4,11,0,0.00,0.00,0.00,0.00),(9751,5,2556,2,4,11,0,0.00,0.00,0.00,0.00),(9752,5,2557,2,4,11,0,0.00,0.00,0.00,0.00),(9753,5,2558,2,4,11,0,0.00,0.00,0.00,0.00),(9754,5,2559,2,4,11,0,0.00,0.00,0.00,0.00),(9755,5,2560,2,4,11,0,0.00,0.00,0.00,0.00),(9756,5,2561,2,4,11,0,0.00,0.00,0.00,0.00),(9757,5,2562,2,4,11,0,0.00,0.00,0.00,0.00),(9758,5,2563,2,4,11,0,0.00,0.00,0.00,0.00),(9759,5,2564,2,4,11,0,0.00,0.00,0.00,0.00),(9760,5,2565,2,4,11,0,0.00,0.00,0.00,0.00),(9761,5,2566,2,4,11,0,0.00,0.00,0.00,0.00),(9762,5,2567,2,4,11,0,0.00,0.00,0.00,0.00),(9763,5,2568,2,4,11,0,0.00,0.00,0.00,0.00),(9764,5,2569,2,4,11,0,0.00,0.00,0.00,0.00),(9765,5,2570,2,4,11,0,0.00,0.00,0.00,0.00),(9766,5,2571,2,4,11,0,0.00,0.00,0.00,0.00),(9767,5,2572,2,4,11,0,0.00,0.00,0.00,0.00),(9768,5,2573,2,4,11,0,0.00,0.00,0.00,0.00),(9769,5,2574,2,4,11,0,0.00,0.00,0.00,0.00),(9770,5,2575,2,4,11,0,0.00,0.00,0.00,0.00),(9771,5,2576,2,4,11,0,0.00,0.00,0.00,0.00),(9772,5,2577,2,4,11,0,0.00,0.00,0.00,0.00),(9773,5,2578,2,4,11,0,0.00,0.00,0.00,0.00),(9774,5,2579,2,4,11,0,0.00,0.00,0.00,0.00),(9775,5,2580,2,4,11,0,0.00,0.00,0.00,0.00),(9776,5,2581,2,4,11,0,0.00,0.00,0.00,0.00),(9777,5,2582,2,4,11,0,0.00,0.00,0.00,0.00),(9778,5,2583,2,4,11,0,0.00,0.00,0.00,0.00),(9779,5,2584,2,4,11,0,0.00,0.00,0.00,0.00),(9780,5,2585,2,4,11,0,0.00,0.00,0.00,0.00),(9781,5,2586,2,4,11,0,0.00,0.00,0.00,0.00),(9782,5,2587,2,4,11,0,0.00,0.00,0.00,0.00),(9783,5,2588,2,4,11,0,0.00,0.00,0.00,0.00),(9784,5,2589,2,4,11,0,0.00,0.00,0.00,0.00),(9785,5,2590,2,4,11,0,0.00,0.00,0.00,0.00),(9786,5,2591,2,4,11,0,0.00,0.00,0.00,0.00),(9787,5,2592,2,4,11,0,0.00,0.00,0.00,0.00),(9788,5,2593,2,4,11,0,0.00,0.00,0.00,0.00),(9789,5,2594,2,4,11,0,0.00,0.00,0.00,0.00),(9790,5,2595,2,4,11,0,0.00,0.00,0.00,0.00),(9791,5,2596,2,4,11,0,0.00,0.00,0.00,0.00),(9792,5,2597,2,4,11,0,0.00,0.00,0.00,0.00),(9793,5,2598,2,4,11,0,0.00,0.00,0.00,0.00),(9794,5,2599,2,4,11,0,0.00,0.00,0.00,0.00),(9795,5,2600,2,4,11,0,0.00,0.00,0.00,0.00),(9796,5,2601,2,4,11,0,0.00,0.00,0.00,0.00),(9797,5,2602,2,4,11,0,0.00,0.00,0.00,0.00),(9798,5,2603,2,4,11,0,0.00,0.00,0.00,0.00),(9799,5,2604,2,4,11,0,0.00,0.00,0.00,0.00),(9800,5,2605,2,4,11,0,0.00,0.00,0.00,0.00),(9801,5,2606,2,4,11,0,0.00,0.00,0.00,0.00),(9802,5,2607,2,4,11,0,0.00,0.00,0.00,0.00),(9803,5,2608,2,4,11,0,0.00,0.00,0.00,0.00),(9804,5,2609,2,4,11,0,0.00,0.00,0.00,0.00),(9805,5,2610,2,4,11,0,0.00,0.00,0.00,0.00),(9806,5,2611,2,4,11,0,0.00,0.00,0.00,0.00),(9807,5,2612,2,4,11,0,0.00,0.00,0.00,0.00),(9808,5,2613,2,4,11,0,0.00,0.00,0.00,0.00),(9809,5,2614,2,4,11,0,0.00,0.00,0.00,0.00),(9810,5,2615,2,4,11,0,0.00,0.00,0.00,0.00),(9811,5,2616,2,4,11,0,0.00,0.00,0.00,0.00),(9812,5,2617,2,4,11,0,0.00,0.00,0.00,0.00),(9813,5,2618,2,4,11,0,0.00,0.00,0.00,0.00),(9814,5,2619,2,4,11,0,0.00,0.00,0.00,0.00),(9815,5,2620,2,4,11,0,0.00,0.00,0.00,0.00),(9816,5,2621,2,4,11,0,0.00,0.00,0.00,0.00),(9817,5,2622,2,4,11,0,0.00,0.00,0.00,0.00),(9818,5,2623,2,4,11,0,0.00,0.00,0.00,0.00),(9819,5,2624,2,4,11,0,0.00,0.00,0.00,0.00),(9820,5,2625,2,4,11,0,0.00,0.00,0.00,0.00),(9821,5,2626,2,4,11,0,0.00,0.00,0.00,0.00),(9822,5,2627,2,4,11,0,0.00,0.00,0.00,0.00),(9823,5,2628,2,4,11,0,0.00,0.00,0.00,0.00),(9824,5,2629,2,4,11,0,0.00,0.00,0.00,0.00),(9825,5,2631,2,4,11,0,0.00,0.00,0.00,0.00),(9826,5,2632,2,4,11,0,0.00,0.00,0.00,0.00),(9827,5,2633,2,4,11,0,0.00,0.00,0.00,0.00),(9828,5,2634,2,4,11,0,0.00,0.00,0.00,0.00),(9829,5,2635,2,4,11,0,0.00,0.00,0.00,0.00),(9830,5,2636,2,4,11,0,0.00,0.00,0.00,0.00),(9831,5,2637,2,4,11,0,0.00,0.00,0.00,0.00),(9832,5,2638,2,4,11,0,0.00,0.00,0.00,0.00),(9833,5,2639,2,4,11,0,0.00,0.00,0.00,0.00),(9834,5,2640,2,4,11,0,0.00,0.00,0.00,0.00),(9835,5,2641,2,4,11,0,0.00,0.00,0.00,0.00),(9836,5,2642,2,4,11,0,0.00,0.00,0.00,0.00),(9837,5,2643,2,4,11,0,0.00,0.00,0.00,0.00),(9838,5,2644,2,4,11,0,0.00,0.00,0.00,0.00),(9839,5,2645,2,4,11,0,0.00,0.00,0.00,0.00),(9840,5,2646,2,4,11,0,0.00,0.00,0.00,0.00),(9841,5,2647,2,4,11,0,0.00,0.00,0.00,0.00),(9842,5,2648,2,4,11,0,0.00,0.00,0.00,0.00),(9843,5,2649,2,4,11,0,0.00,0.00,0.00,0.00),(9844,5,2650,2,4,11,0,0.00,0.00,0.00,0.00),(9845,5,2651,2,4,11,0,0.00,0.00,0.00,0.00),(9846,5,2652,2,4,11,0,0.00,0.00,0.00,0.00),(9847,5,2653,2,4,11,0,0.00,0.00,0.00,0.00),(9848,5,2654,2,4,11,0,0.00,0.00,0.00,0.00),(9849,5,2655,2,4,11,1,1.10,1.00,1.05,1.00),(9850,5,2656,2,4,11,0,0.00,0.00,0.00,0.00),(9851,5,2657,2,4,11,0,0.00,0.00,0.00,0.00),(9852,5,2658,2,4,11,0,0.00,0.00,0.00,0.00),(9853,5,2659,2,4,11,0,0.00,0.00,0.00,0.00),(9854,5,2660,2,4,11,0,0.00,0.00,0.00,0.00),(9855,5,2661,2,4,11,0,0.00,0.00,0.00,0.00),(9856,5,2662,2,4,11,0,0.00,0.00,0.00,0.00),(9857,5,2663,2,4,11,0,0.00,0.00,0.00,0.00),(9858,5,2664,2,4,11,0,0.00,0.00,0.00,0.00),(9859,5,2665,2,4,11,0,0.00,0.00,0.00,0.00),(9860,5,2666,2,4,11,0,0.00,0.00,0.00,0.00),(9861,5,2667,2,4,11,0,0.00,0.00,0.00,0.00),(9862,5,2668,2,4,11,0,0.00,0.00,0.00,0.00),(9863,5,2669,2,4,11,0,0.00,0.00,0.00,0.00),(9864,5,2670,2,4,11,0,0.00,0.00,0.00,0.00),(9865,5,2671,2,4,11,0,0.00,0.00,0.00,0.00),(9866,5,2672,2,4,11,0,0.00,0.00,0.00,0.00),(9867,5,2673,2,4,11,0,0.00,0.00,0.00,0.00),(9868,5,2674,2,4,11,0,0.00,0.00,0.00,0.00),(9869,5,2675,2,4,11,0,0.00,0.00,0.00,0.00),(9870,5,2676,2,4,11,0,0.00,0.00,0.00,0.00),(9871,5,2677,2,4,11,0,0.00,0.00,0.00,0.00),(9872,5,2678,2,4,11,0,0.00,0.00,0.00,0.00),(9873,5,2679,2,4,11,0,0.00,0.00,0.00,0.00),(9874,5,2680,2,4,11,0,0.00,0.00,0.00,0.00),(9875,5,2681,2,4,11,0,0.00,0.00,0.00,0.00),(9876,5,2682,2,4,11,0,0.00,0.00,0.00,0.00),(9877,5,2683,2,4,11,0,0.00,0.00,0.00,0.00),(9878,5,2684,2,4,11,0,0.00,0.00,0.00,0.00),(9879,5,2685,2,4,11,0,0.00,0.00,0.00,0.00),(9880,5,2686,2,4,11,0,0.00,0.00,0.00,0.00),(9881,5,2687,2,4,11,0,0.00,0.00,0.00,0.00),(9882,5,2688,2,4,11,0,0.00,0.00,0.00,0.00),(9883,5,2689,2,4,11,0,0.00,0.00,0.00,0.00),(9884,5,2690,2,4,11,0,0.00,0.00,0.00,0.00),(9885,5,2691,2,4,11,0,0.00,0.00,0.00,0.00),(9886,5,2692,2,4,11,0,0.00,0.00,0.00,0.00),(9887,5,2693,2,4,11,0,0.00,0.00,0.00,0.00),(9888,5,2694,2,4,11,0,0.00,0.00,0.00,0.00),(9889,5,2695,2,4,11,0,0.00,0.00,0.00,0.00),(9890,5,2696,2,4,11,0,0.00,0.00,0.00,0.00),(9891,5,2697,2,4,11,0,0.00,0.00,0.00,0.00),(9892,5,2698,2,4,11,0,0.00,0.00,0.00,0.00),(9893,5,2699,2,4,11,0,0.00,0.00,0.00,0.00),(9894,5,2700,2,4,11,0,0.00,0.00,0.00,0.00),(9895,5,2701,2,4,11,0,0.00,0.00,0.00,0.00),(9896,5,2702,2,4,11,0,0.00,0.00,0.00,0.00),(9897,5,2703,2,4,11,0,0.00,0.00,0.00,0.00),(9898,5,2704,2,4,11,0,0.00,0.00,0.00,0.00),(9899,5,2705,2,4,11,0,0.00,0.00,0.00,0.00),(9900,5,2706,2,4,11,0,0.00,0.00,0.00,0.00),(9901,5,2707,2,4,11,0,0.00,0.00,0.00,0.00),(9902,5,2708,2,4,11,0,0.00,0.00,0.00,0.00),(9903,5,2709,2,4,11,0,0.00,0.00,0.00,0.00),(9904,5,2710,2,4,11,0,0.00,0.00,0.00,0.00),(9905,5,2711,2,4,11,0,0.00,0.00,0.00,0.00),(9906,5,2712,2,4,11,0,0.00,0.00,0.00,0.00),(9907,5,2713,2,4,11,0,0.00,0.00,0.00,0.00),(9908,5,2714,2,4,11,0,0.00,0.00,0.00,0.00),(9909,5,2715,2,4,11,0,0.00,0.00,0.00,0.00),(9910,5,2716,2,4,11,0,0.00,0.00,0.00,0.00),(9911,5,2717,2,4,11,0,0.00,0.00,0.00,0.00),(9912,5,2718,2,4,11,0,0.00,0.00,0.00,0.00),(9913,5,2719,2,4,11,0,0.00,0.00,0.00,0.00),(9914,5,2720,2,4,11,0,0.00,0.00,0.00,0.00),(9915,5,2721,2,4,11,0,0.00,0.00,0.00,0.00),(9916,5,2722,2,4,11,0,0.00,0.00,0.00,0.00),(9917,5,2723,2,4,11,0,0.00,0.00,0.00,0.00),(9918,5,2724,2,4,11,0,0.00,0.00,0.00,0.00),(9919,5,2725,2,4,11,0,0.00,0.00,0.00,0.00),(9920,5,2726,2,4,11,0,0.00,0.00,0.00,0.00),(9921,5,2727,2,4,11,0,0.00,0.00,0.00,0.00),(9922,5,2728,2,4,11,0,0.00,0.00,0.00,0.00),(9923,5,2729,2,4,11,0,0.00,0.00,0.00,0.00),(9924,5,2730,2,4,11,0,0.00,0.00,0.00,0.00),(9925,5,2731,2,4,11,0,0.00,0.00,0.00,0.00),(9926,5,2732,2,4,11,0,0.00,0.00,0.00,0.00),(9927,5,2733,2,4,11,0,0.00,0.00,0.00,0.00),(9928,5,2734,2,4,11,0,0.00,0.00,0.00,0.00),(9929,5,2735,2,4,11,0,0.00,0.00,0.00,0.00),(9930,5,2736,2,4,11,0,0.00,0.00,0.00,0.00),(9931,5,2737,2,4,11,0,0.00,0.00,0.00,0.00),(9932,5,2738,2,4,11,0,0.00,0.00,0.00,0.00),(9933,5,2739,2,4,11,0,0.00,0.00,0.00,0.00),(9934,5,2740,2,4,11,0,0.00,0.00,0.00,0.00),(9935,5,2741,2,4,11,0,0.00,0.00,0.00,0.00),(9936,5,2742,2,4,11,0,0.00,0.00,0.00,0.00),(9937,5,2743,2,4,11,0,0.00,0.00,0.00,0.00),(9938,5,2744,2,4,11,0,0.00,0.00,0.00,0.00),(9939,5,2745,2,4,11,0,0.00,0.00,0.00,0.00),(9940,5,2746,2,4,11,0,0.00,0.00,0.00,0.00),(9941,5,2747,2,4,11,0,0.00,0.00,0.00,0.00),(9942,5,2748,2,4,11,0,0.00,0.00,0.00,0.00),(9943,5,2749,2,4,11,0,0.00,0.00,0.00,0.00),(9944,5,2750,2,4,11,0,0.00,0.00,0.00,0.00),(9945,5,2751,2,4,11,0,0.00,0.00,0.00,0.00),(9946,5,2752,2,4,11,0,0.00,0.00,0.00,0.00),(9947,5,2753,2,4,11,0,0.00,0.00,0.00,0.00),(9948,5,2754,2,4,11,0,0.00,0.00,0.00,0.00),(9949,5,2755,2,4,11,0,0.00,0.00,0.00,0.00),(9950,5,2756,2,4,11,0,0.00,0.00,0.00,0.00),(9951,5,2757,2,4,11,0,0.00,0.00,0.00,0.00),(9952,5,2758,2,4,11,0,0.00,0.00,0.00,0.00),(9953,5,2759,2,4,11,0,0.00,0.00,0.00,0.00),(9954,5,2760,2,4,11,0,0.00,0.00,0.00,0.00),(9955,5,2761,2,4,11,0,0.00,0.00,0.00,0.00),(9956,5,2762,2,4,11,0,0.00,0.00,0.00,0.00),(9957,5,2763,2,4,11,0,0.00,0.00,0.00,0.00),(9958,5,2764,2,4,11,0,0.00,0.00,0.00,0.00),(9959,5,2765,2,4,11,0,0.00,0.00,0.00,0.00),(9960,5,2766,2,4,11,0,0.00,0.00,0.00,0.00),(9961,5,2767,2,4,11,0,0.00,0.00,0.00,0.00),(9962,5,2768,2,4,11,0,0.00,0.00,0.00,0.00),(9963,5,2769,2,4,11,0,0.00,0.00,0.00,0.00),(9964,5,2770,2,4,11,0,0.00,0.00,0.00,0.00),(9965,5,2771,2,4,11,0,0.00,0.00,0.00,0.00),(9966,5,2772,2,4,11,0,0.00,0.00,0.00,0.00),(9967,5,2773,2,4,11,0,0.00,0.00,0.00,0.00),(9968,5,2774,2,4,11,0,0.00,0.00,0.00,0.00),(9969,5,2775,2,4,11,0,0.00,0.00,0.00,0.00),(9970,5,2776,2,4,11,0,0.00,0.00,0.00,0.00),(9971,5,2777,2,4,11,0,0.00,0.00,0.00,0.00),(9972,5,2778,2,4,11,0,0.00,0.00,0.00,0.00),(9973,5,2779,2,4,11,0,0.00,0.00,0.00,0.00),(9974,5,2780,2,4,11,0,0.00,0.00,0.00,0.00),(9975,5,2781,2,4,11,0,0.00,0.00,0.00,0.00),(9976,5,2782,2,4,11,0,0.00,0.00,0.00,0.00),(9977,5,2783,2,4,11,0,0.00,0.00,0.00,0.00),(9978,5,2784,2,4,11,0,0.00,0.00,0.00,0.00),(9979,5,2785,2,4,11,0,0.00,0.00,0.00,0.00),(9980,5,2786,2,4,11,0,0.00,0.00,0.00,0.00),(9981,5,2787,2,4,11,0,0.00,0.00,0.00,0.00),(9982,5,2788,2,4,11,0,0.00,0.00,0.00,0.00),(9983,5,2789,2,4,11,0,0.00,0.00,0.00,0.00),(9984,5,2790,2,4,11,0,0.00,0.00,0.00,0.00),(9985,5,2791,2,4,11,0,0.00,0.00,0.00,0.00),(9986,5,2792,2,4,11,0,0.00,0.00,0.00,0.00),(9987,5,2793,2,4,11,0,0.00,0.00,0.00,0.00),(9988,5,2794,2,4,11,0,0.00,0.00,0.00,0.00),(9989,5,2795,2,4,11,0,0.00,0.00,0.00,0.00),(9990,5,2796,2,4,11,0,0.00,0.00,0.00,0.00),(9991,5,2797,2,4,11,0,0.00,0.00,0.00,0.00),(9992,5,2798,2,4,11,0,0.00,0.00,0.00,0.00),(9993,5,2799,2,4,11,0,0.00,0.00,0.00,0.00),(9994,5,2800,2,4,11,0,0.00,0.00,0.00,0.00),(9995,5,2801,2,4,11,0,0.00,0.00,0.00,0.00),(9996,5,2802,2,4,11,0,0.00,0.00,0.00,0.00),(9997,5,2803,2,4,11,0,0.00,0.00,0.00,0.00),(9998,5,2804,2,4,11,0,0.00,0.00,0.00,0.00),(9999,5,2805,2,4,11,0,0.00,0.00,0.00,0.00),(10000,5,2806,2,4,11,0,0.00,0.00,0.00,0.00),(10001,5,2807,2,4,11,0,0.00,0.00,0.00,0.00),(10002,5,2808,2,4,11,0,0.00,0.00,0.00,0.00),(10003,5,2809,2,4,11,0,0.00,0.00,0.00,0.00),(10004,5,2810,2,4,11,0,0.00,0.00,0.00,0.00),(10005,5,2811,2,4,11,0,0.00,0.00,0.00,0.00),(10006,5,2812,2,4,11,0,0.00,0.00,0.00,0.00),(10007,5,2813,2,4,11,0,0.00,0.00,0.00,0.00),(10008,5,2814,2,4,11,0,0.00,0.00,0.00,0.00),(10009,5,2815,2,4,11,0,0.00,0.00,0.00,0.00),(10010,5,2816,2,4,11,0,0.00,0.00,0.00,0.00),(10011,5,2817,2,4,11,0,0.00,0.00,0.00,0.00),(10012,5,2818,2,4,11,0,0.00,0.00,0.00,0.00),(10013,5,2819,2,4,11,0,0.00,0.00,0.00,0.00),(10014,5,2820,2,4,11,0,0.00,0.00,0.00,0.00),(10015,5,2821,2,4,11,0,0.00,0.00,0.00,0.00),(10016,5,2822,2,4,11,0,0.00,0.00,0.00,0.00),(10017,5,2823,2,4,11,0,0.00,0.00,0.00,0.00),(10018,5,2824,2,4,11,0,0.00,0.00,0.00,0.00),(10019,5,2825,2,4,11,0,0.00,0.00,0.00,0.00),(10020,5,2826,2,4,11,0,0.00,0.00,0.00,0.00),(10021,5,2827,2,4,11,0,0.00,0.00,0.00,0.00),(10022,5,2828,2,4,11,0,0.00,0.00,0.00,0.00),(10023,5,2829,2,4,11,0,0.00,0.00,0.00,0.00),(10024,5,2830,2,4,11,0,0.00,0.00,0.00,0.00),(10025,5,2831,2,4,11,0,0.00,0.00,0.00,0.00),(10026,5,2832,2,4,11,0,0.00,0.00,0.00,0.00),(10027,5,2833,2,4,11,0,0.00,0.00,0.00,0.00),(10028,5,2834,2,4,11,0,0.00,0.00,0.00,0.00),(10029,5,2835,2,4,11,0,0.00,0.00,0.00,0.00),(10030,5,2836,2,4,11,0,0.00,0.00,0.00,0.00),(10031,5,2837,2,4,11,0,0.00,0.00,0.00,0.00),(10032,5,2838,2,4,11,0,0.00,0.00,0.00,0.00),(10033,5,2839,2,4,11,0,0.00,0.00,0.00,0.00),(10034,5,2840,2,4,11,0,0.00,0.00,0.00,0.00),(10035,5,2841,2,4,11,0,0.00,0.00,0.00,0.00),(10036,5,2842,2,4,11,0,0.00,0.00,0.00,0.00),(10037,5,2843,2,4,11,0,0.00,0.00,0.00,0.00),(10038,5,2844,2,4,11,0,0.00,0.00,0.00,0.00),(10039,5,2845,2,4,11,0,0.00,0.00,0.00,0.00),(10040,5,2846,2,4,11,0,0.00,0.00,0.00,0.00),(10041,5,2847,2,4,11,0,0.00,0.00,0.00,0.00),(10042,5,2848,2,4,11,0,0.00,0.00,0.00,0.00),(10043,5,2849,2,4,11,0,0.00,0.00,0.00,0.00),(10044,5,2850,2,4,11,0,0.00,0.00,0.00,0.00),(10045,5,2851,2,4,11,0,0.00,0.00,0.00,0.00),(10046,5,2852,2,4,11,0,0.00,0.00,0.00,0.00),(10047,5,2853,2,4,11,0,0.00,0.00,0.00,0.00),(10048,5,2854,2,4,11,0,0.00,0.00,0.00,0.00),(10049,5,2857,2,4,11,0,0.00,0.00,0.00,0.00),(10050,5,2858,2,4,11,0,0.00,0.00,0.00,0.00),(10051,5,2859,2,4,11,0,0.00,0.00,0.00,0.00),(10052,5,2860,2,4,11,0,0.00,0.00,0.00,0.00),(10053,5,2861,2,4,11,0,0.00,0.00,0.00,0.00),(10054,5,2862,2,4,11,0,0.00,0.00,0.00,0.00),(10055,5,2863,2,4,11,0,0.00,0.00,0.00,0.00),(10056,5,2864,2,4,11,0,0.00,0.00,0.00,0.00),(10057,5,2866,2,4,11,0,0.00,0.00,0.00,0.00),(10058,5,2867,2,4,11,0,0.00,0.00,0.00,0.00),(10059,5,2868,2,4,11,0,0.00,0.00,0.00,0.00),(10060,5,2869,2,4,11,0,0.00,0.00,0.00,0.00),(10061,5,2870,2,4,11,0,0.00,0.00,0.00,0.00),(10062,5,2886,2,4,11,0,0.00,0.00,0.00,0.00),(10063,5,2887,2,4,11,0,0.00,0.00,0.00,0.00),(10064,5,2888,2,4,11,0,0.00,0.00,0.00,0.00),(10065,5,2889,2,4,11,0,0.00,0.00,0.00,0.00),(10066,5,2890,2,4,11,0,0.00,0.00,0.00,0.00),(10067,5,2891,2,4,11,0,0.00,0.00,0.00,0.00),(10068,5,2892,2,4,11,0,0.00,0.00,0.00,0.00),(10069,5,2893,2,4,11,0,0.00,0.00,0.00,0.00),(10070,5,2894,2,4,11,0,0.00,0.00,0.00,0.00),(10071,5,2895,2,4,11,0,0.00,0.00,0.00,0.00),(10072,5,2896,2,4,11,0,0.00,0.00,0.00,0.00),(10073,5,2897,2,4,11,0,0.00,0.00,0.00,0.00),(10074,5,2898,2,4,11,0,0.00,0.00,0.00,0.00),(10075,5,2899,2,4,11,0,0.00,0.00,0.00,0.00),(10076,5,2921,2,4,11,0,0.00,0.00,0.00,0.00),(10077,5,2922,2,4,11,0,0.00,0.00,0.00,0.00),(10078,5,2923,2,4,11,0,0.00,0.00,0.00,0.00),(10079,5,2930,2,4,11,0,0.00,0.00,0.00,0.00),(10080,5,3004,2,4,11,0,0.00,0.00,0.00,0.00),(10081,5,3008,2,4,11,0,0.00,0.00,0.00,0.00),(10082,5,3009,2,4,11,0,0.00,0.00,0.00,0.00),(10083,5,3010,2,4,11,0,0.00,0.00,0.00,0.00),(10084,5,3011,2,4,11,0,0.00,0.00,0.00,0.00),(10085,5,3012,2,4,11,0,0.00,0.00,0.00,0.00),(10086,5,3013,2,4,11,0,0.00,0.00,0.00,0.00),(10087,5,3014,2,4,11,0,0.00,0.00,0.00,0.00),(10088,5,3015,2,4,11,0,0.00,0.00,0.00,0.00),(10089,5,3016,2,4,11,0,0.00,0.00,0.00,0.00),(10090,5,3017,2,4,11,0,0.00,0.00,0.00,0.00),(10091,5,231,2,4,12,0,0.00,0.00,0.00,0.00),(10092,5,232,2,4,12,0,0.00,0.00,0.00,0.00),(10093,5,829,2,4,12,0,0.00,0.00,0.00,0.00),(10094,5,831,2,4,12,0,0.00,0.00,0.00,0.00),(10095,5,832,2,4,12,0,0.00,0.00,0.00,0.00),(10096,5,833,2,4,12,0,0.00,0.00,0.00,0.00),(10097,5,1586,2,4,12,0,0.00,0.00,0.00,0.00),(10098,5,1587,2,4,12,0,0.00,0.00,0.00,0.00),(10099,5,1588,2,4,12,0,0.00,0.00,0.00,0.00),(10100,5,2874,2,4,12,0,0.00,0.00,0.00,0.00),(10101,5,2875,2,4,12,0,0.00,0.00,0.00,0.00),(10102,5,2876,2,4,12,0,0.00,0.00,0.00,0.00),(10103,5,2877,2,4,12,0,0.00,0.00,0.00,0.00),(10104,5,2878,2,4,12,0,0.00,0.00,0.00,0.00),(10105,5,2879,2,4,12,0,0.00,0.00,0.00,0.00),(10106,5,2880,2,4,12,0,0.00,0.00,0.00,0.00),(10107,5,2881,2,4,12,0,0.00,0.00,0.00,0.00),(10108,5,2882,2,4,12,0,0.00,0.00,0.00,0.00),(10109,5,2883,2,4,12,0,0.00,0.00,0.00,0.00),(10110,5,2884,2,4,12,0,0.00,0.00,0.00,0.00),(10111,5,2885,2,4,12,0,0.00,0.00,0.00,0.00),(10112,5,2900,2,4,12,0,0.00,0.00,0.00,0.00),(10113,5,2901,2,4,12,0,0.00,0.00,0.00,0.00),(10114,5,2902,2,4,12,0,0.00,0.00,0.00,0.00),(10115,5,2903,2,4,12,0,0.00,0.00,0.00,0.00),(10116,5,2904,2,4,12,0,0.00,0.00,0.00,0.00),(10117,5,2905,2,4,12,0,0.00,0.00,0.00,0.00),(10118,5,2906,2,4,12,0,0.00,0.00,0.00,0.00),(10119,5,2907,2,4,12,0,0.00,0.00,0.00,0.00),(10120,5,2908,2,4,12,0,0.00,0.00,0.00,0.00),(10121,5,2909,2,4,12,0,0.00,0.00,0.00,0.00),(10122,5,2910,2,4,12,0,0.00,0.00,0.00,0.00),(10123,5,2911,2,4,12,0,0.00,0.00,0.00,0.00),(10124,5,2912,2,4,12,0,0.00,0.00,0.00,0.00),(10125,5,2913,2,4,12,0,0.00,0.00,0.00,0.00),(10126,5,2914,2,4,12,0,0.00,0.00,0.00,0.00),(10127,5,2915,2,4,12,0,0.00,0.00,0.00,0.00),(10128,5,2916,2,4,12,0,0.00,0.00,0.00,0.00),(10129,5,2917,2,4,12,0,0.00,0.00,0.00,0.00),(10130,5,2918,2,4,12,0,0.00,0.00,0.00,0.00),(10131,5,2919,2,4,12,0,0.00,0.00,0.00,0.00),(10132,5,2920,2,4,12,0,0.00,0.00,0.00,0.00),(10133,5,2931,2,4,12,0,0.00,0.00,0.00,0.00),(10134,5,2932,2,4,12,0,0.00,0.00,0.00,0.00),(10135,5,2933,2,4,12,0,0.00,0.00,0.00,0.00),(10136,5,2934,2,4,12,0,0.00,0.00,0.00,0.00),(10137,5,2935,2,4,12,0,0.00,0.00,0.00,0.00),(10138,5,2936,2,4,12,0,0.00,0.00,0.00,0.00),(10139,5,2937,2,4,12,0,0.00,0.00,0.00,0.00),(10140,5,2938,2,4,12,0,0.00,0.00,0.00,0.00),(10141,5,2939,2,4,12,0,0.00,0.00,0.00,0.00),(10142,5,2940,2,4,12,0,0.00,0.00,0.00,0.00),(10143,5,2941,2,4,12,0,0.00,0.00,0.00,0.00),(10144,5,2942,2,4,12,0,0.00,0.00,0.00,0.00),(10145,5,2943,2,4,12,0,0.00,0.00,0.00,0.00),(10146,5,2944,2,4,12,0,0.00,0.00,0.00,0.00),(10147,5,2945,2,4,12,0,0.00,0.00,0.00,0.00),(10148,5,2946,2,4,12,0,0.00,0.00,0.00,0.00),(10149,5,2947,2,4,12,0,0.00,0.00,0.00,0.00),(10150,5,2948,2,4,12,0,0.00,0.00,0.00,0.00),(10151,5,2949,2,4,12,0,0.00,0.00,0.00,0.00),(10152,5,2950,2,4,12,0,0.00,0.00,0.00,0.00),(10153,5,2951,2,4,12,0,0.00,0.00,0.00,0.00),(10154,5,2952,2,4,12,0,0.00,0.00,0.00,0.00),(10155,5,3003,2,4,12,0,0.00,0.00,0.00,0.00),(10156,5,38,2,4,13,0,0.00,0.00,0.00,0.00),(10157,5,47,2,4,13,0,0.00,0.00,0.00,0.00),(10158,5,191,2,4,13,0,0.00,0.00,0.00,0.00),(10159,5,363,2,4,13,0,0.00,0.00,0.00,0.00),(10160,5,364,2,4,13,0,0.00,0.00,0.00,0.00),(10161,5,396,2,4,13,0,0.00,0.00,0.00,0.00),(10162,5,397,2,4,13,0,0.00,0.00,0.00,0.00),(10163,5,441,2,4,13,0,0.00,0.00,0.00,0.00),(10164,5,614,2,4,13,0,0.00,0.00,0.00,0.00),(10165,5,647,2,4,13,0,0.00,0.00,0.00,0.00),(10166,5,661,2,4,13,0,0.00,0.00,0.00,0.00),(10167,5,778,2,4,13,0,0.00,0.00,0.00,0.00),(10168,5,884,2,4,13,0,0.00,0.00,0.00,0.00),(10169,5,885,2,4,13,0,0.00,0.00,0.00,0.00),(10170,5,886,2,4,13,0,0.00,0.00,0.00,0.00),(10171,5,962,2,4,13,0,0.00,0.00,0.00,0.00),(10172,5,1018,2,4,13,0,0.00,0.00,0.00,0.00),(10173,5,1019,2,4,13,0,0.00,0.00,0.00,0.00),(10174,5,1021,2,4,13,0,0.00,0.00,0.00,0.00),(10175,5,1106,2,4,13,0,0.00,0.00,0.00,0.00),(10176,5,1107,2,4,13,0,0.00,0.00,0.00,0.00),(10177,5,1121,2,4,13,0,0.00,0.00,0.00,0.00),(10178,5,1123,2,4,13,0,0.00,0.00,0.00,0.00),(10179,5,1136,2,4,13,0,0.00,0.00,0.00,0.00),(10180,5,1138,2,4,13,0,0.00,0.00,0.00,0.00),(10181,5,1230,2,4,13,0,0.00,0.00,0.00,0.00),(10182,5,1236,2,4,13,0,0.00,0.00,0.00,0.00),(10183,5,1291,2,4,13,0,0.00,0.00,0.00,0.00),(10184,5,1310,2,4,13,0,0.00,0.00,0.00,0.00),(10185,5,1318,2,4,13,0,0.00,0.00,0.00,0.00),(10186,5,1319,2,4,13,0,0.00,0.00,0.00,0.00),(10187,5,1321,2,4,13,0,0.00,0.00,0.00,0.00),(10188,5,1383,2,4,13,0,0.00,0.00,0.00,0.00),(10189,5,1445,2,4,13,0,0.00,0.00,0.00,0.00),(10190,5,1462,2,4,13,0,0.00,0.00,0.00,0.00),(10191,5,1474,2,4,13,0,0.00,0.00,0.00,0.00),(10192,5,1923,2,4,13,0,0.00,0.00,0.00,0.00),(10193,5,1940,2,4,13,0,0.00,0.00,0.00,0.00),(10194,5,2050,2,4,13,0,0.00,0.00,0.00,0.00),(10195,5,2052,2,4,13,0,0.00,0.00,0.00,0.00),(10196,5,2960,2,4,13,0,0.00,0.00,0.00,0.00),(10197,5,2961,2,4,13,0,0.00,0.00,0.00,0.00),(10198,5,2962,2,4,13,0,0.00,0.00,0.00,0.00),(10199,5,2963,2,4,13,0,0.00,0.00,0.00,0.00),(10200,5,2964,2,4,13,0,0.00,0.00,0.00,0.00),(10201,5,2965,2,4,13,0,0.00,0.00,0.00,0.00),(10202,5,2966,2,4,13,0,0.00,0.00,0.00,0.00),(10203,5,2967,2,4,13,0,0.00,0.00,0.00,0.00),(10204,5,2968,2,4,13,0,0.00,0.00,0.00,0.00),(10205,5,2969,2,4,13,0,0.00,0.00,0.00,0.00),(10206,5,2970,2,4,13,0,0.00,0.00,0.00,0.00),(10207,5,2971,2,4,13,0,0.00,0.00,0.00,0.00),(10208,5,2972,2,4,13,0,0.00,0.00,0.00,0.00),(10209,5,2973,2,4,13,0,0.00,0.00,0.00,0.00),(10210,5,2974,2,4,13,0,0.00,0.00,0.00,0.00),(10211,5,2994,2,4,13,1,1.10,1.00,1.05,1.00),(10212,5,2995,2,4,13,1,1.10,1.00,1.05,1.00),(10213,5,2996,2,4,13,0,0.00,0.00,0.00,0.00),(10214,5,2997,2,4,13,0,0.00,0.00,0.00,0.00),(10215,5,2998,2,4,13,0,0.00,0.00,0.00,0.00),(10216,5,2999,2,4,13,0,0.00,0.00,0.00,0.00),(10217,5,3000,2,4,13,0,0.00,0.00,0.00,0.00),(10218,5,3001,2,4,13,0,0.00,0.00,0.00,0.00),(10219,5,3005,2,4,13,0,0.00,0.00,0.00,0.00),(10220,5,3024,2,4,13,0,0.00,0.00,0.00,0.00),(10221,5,3025,2,4,13,0,0.00,0.00,0.00,0.00),(10222,5,3026,2,4,13,0,0.00,0.00,0.00,0.00),(10223,5,3027,2,4,13,0,0.00,0.00,0.00,0.00),(10224,5,3028,2,4,13,0,0.00,0.00,0.00,0.00),(10225,5,3029,2,4,13,0,0.00,0.00,0.00,0.00),(10226,5,3030,2,4,13,0,0.00,0.00,0.00,0.00),(10227,5,1294,2,4,14,0,0.00,0.00,0.00,0.00),(10228,5,1295,2,4,14,0,0.00,0.00,0.00,0.00),(10229,5,1296,2,4,14,0,0.00,0.00,0.00,0.00),(10230,5,1297,2,4,14,0,0.00,0.00,0.00,0.00),(10231,5,1299,2,4,14,0,0.00,0.00,0.00,0.00),(10232,5,1300,2,4,14,0,0.00,0.00,0.00,0.00),(10233,5,1301,2,4,14,0,0.00,0.00,0.00,0.00),(10234,5,1303,2,4,14,0,0.00,0.00,0.00,0.00),(10235,5,1304,2,4,14,0,0.00,0.00,0.00,0.00),(10236,5,1305,2,4,14,0,0.00,0.00,0.00,0.00),(10237,5,1306,2,4,14,0,0.00,0.00,0.00,0.00),(10238,5,1307,2,4,14,0,0.00,0.00,0.00,0.00),(10239,5,2975,2,4,14,0,0.00,0.00,0.00,0.00),(10240,5,2976,2,4,14,0,0.00,0.00,0.00,0.00),(10241,5,2977,2,4,14,0,0.00,0.00,0.00,0.00),(10242,5,2978,2,4,14,0,0.00,0.00,0.00,0.00),(10243,5,2979,2,4,14,0,0.00,0.00,0.00,0.00),(10244,5,2980,2,4,14,0,0.00,0.00,0.00,0.00),(10245,5,2981,2,4,14,0,0.00,0.00,0.00,0.00),(10246,5,2982,2,4,14,0,0.00,0.00,0.00,0.00),(10247,5,2983,2,4,14,0,0.00,0.00,0.00,0.00),(10248,5,39,2,4,15,0,0.00,0.00,0.00,0.00),(10249,5,41,2,4,15,0,0.00,0.00,0.00,0.00),(10250,5,56,2,4,15,0,0.00,0.00,0.00,0.00),(10251,5,57,2,4,15,0,0.00,0.00,0.00,0.00),(10252,5,58,2,4,15,0,0.00,0.00,0.00,0.00),(10253,5,59,2,4,15,0,0.00,0.00,0.00,0.00),(10254,5,399,2,4,15,0,0.00,0.00,0.00,0.00),(10255,5,439,2,4,15,0,0.00,0.00,0.00,0.00),(10256,5,450,2,4,15,0,0.00,0.00,0.00,0.00),(10257,5,511,2,4,15,0,0.00,0.00,0.00,0.00),(10258,5,521,2,4,15,0,0.00,0.00,0.00,0.00),(10259,5,799,2,4,15,0,0.00,0.00,0.00,0.00),(10260,5,800,2,4,15,0,0.00,0.00,0.00,0.00),(10261,5,801,2,4,15,0,0.00,0.00,0.00,0.00),(10262,5,966,2,4,15,0,0.00,0.00,0.00,0.00),(10263,5,982,2,4,15,0,0.00,0.00,0.00,0.00),(10264,5,983,2,4,15,0,0.00,0.00,0.00,0.00),(10265,5,985,2,4,15,0,0.00,0.00,0.00,0.00),(10266,5,1075,2,4,15,0,0.00,0.00,0.00,0.00),(10267,5,1076,2,4,15,0,0.00,0.00,0.00,0.00),(10268,5,1176,2,4,15,0,0.00,0.00,0.00,0.00),(10269,5,1180,2,4,15,0,0.00,0.00,0.00,0.00),(10270,5,1197,2,4,15,0,0.00,0.00,0.00,0.00),(10271,5,1198,2,4,15,0,0.00,0.00,0.00,0.00),(10272,5,1203,2,4,15,0,0.00,0.00,0.00,0.00),(10273,5,1366,2,4,15,0,0.00,0.00,0.00,0.00),(10274,5,1425,2,4,15,0,0.00,0.00,0.00,0.00),(10275,5,1426,2,4,15,0,0.00,0.00,0.00,0.00),(10276,5,1463,2,4,15,0,0.00,0.00,0.00,0.00),(10277,5,1464,2,4,15,0,0.00,0.00,0.00,0.00),(10278,5,1465,2,4,15,0,0.00,0.00,0.00,0.00),(10279,5,1475,2,4,15,0,0.00,0.00,0.00,0.00),(10280,5,1555,2,4,15,0,0.00,0.00,0.00,0.00),(10281,5,1583,2,4,15,1,1.10,1.00,1.05,1.00),(10282,5,1931,2,4,15,0,0.00,0.00,0.00,0.00),(10283,5,1932,2,4,15,0,0.00,0.00,0.00,0.00),(10284,5,2041,2,4,15,0,0.00,0.00,0.00,0.00),(10285,5,2042,2,4,15,0,0.00,0.00,0.00,0.00),(10286,5,2043,2,4,15,0,0.00,0.00,0.00,0.00),(10287,5,2044,2,4,15,0,0.00,0.00,0.00,0.00),(10288,5,2046,2,4,15,0,0.00,0.00,0.00,0.00),(10289,5,2047,2,4,15,0,0.00,0.00,0.00,0.00),(10290,5,2984,2,4,15,0,0.00,0.00,0.00,0.00),(10291,5,2985,2,4,15,0,0.00,0.00,0.00,0.00),(10292,5,2986,2,4,15,0,0.00,0.00,0.00,0.00),(10293,5,2987,2,4,15,0,0.00,0.00,0.00,0.00),(10294,5,2988,2,4,15,0,0.00,0.00,0.00,0.00),(10295,5,2989,2,4,15,0,0.00,0.00,0.00,0.00),(10296,5,2991,2,4,15,0,0.00,0.00,0.00,0.00),(10297,5,2992,2,4,15,0,0.00,0.00,0.00,0.00),(10298,5,2993,2,4,15,0,0.00,0.00,0.00,0.00),(10299,5,3006,2,4,15,0,0.00,0.00,0.00,0.00),(10300,5,3007,2,4,15,0,0.00,0.00,0.00,0.00),(10301,5,3031,2,4,1,1,1.92,1.75,12.60,12.00),(10302,5,3032,2,4,1,1,0.10,1.00,1.05,1.00),(10303,5,3033,2,4,1,1,1.10,1.00,1.05,1.00),(10304,5,3034,2,4,1,1,1.10,1.00,1.05,1.00),(10305,5,3035,2,4,1,1,1.10,1.00,1.05,1.00),(10306,5,3036,2,4,1,1,1.10,1.00,1.05,1.00),(10307,5,3037,2,4,1,1,1.10,1.00,1.05,1.00),(10308,5,3038,2,4,1,1,1.10,1.00,1.05,1.00),(10309,5,3039,2,4,1,1,1.10,1.00,1.05,1.00),(10310,5,3040,2,4,1,1,1.10,1.00,1.05,1.00),(10311,5,3041,2,4,1,1,1.10,1.00,1.05,1.00),(10312,5,3042,2,4,1,2,1.10,1.00,1.05,1.00),(10313,5,3043,2,4,1,1,1.10,1.00,1.05,1.00),(10314,5,3044,2,4,1,1,1.10,1.00,1.05,1.00),(10315,5,3045,2,4,1,1,1.10,1.00,1.05,1.00),(10316,5,3046,2,4,1,1,1.10,1.00,1.05,1.00),(10317,5,3047,2,4,1,1,1.10,1.00,1.05,1.00),(10318,5,3048,2,4,1,1,1.10,1.00,1.05,1.00),(10319,5,3049,2,4,1,1,2.10,1.00,1.05,1.00),(10320,5,3050,2,4,1,1,1.10,1.00,1.05,1.00),(10321,5,3051,2,4,1,1,1.10,1.00,1.05,1.00),(10322,5,3052,2,4,1,1,1.10,1.00,1.05,1.00),(10323,5,3053,2,4,1,1,1.10,1.00,1.05,1.00),(10324,5,3054,2,4,1,1,1.10,1.00,1.05,1.00),(10325,5,3055,2,4,1,1,1.10,1.00,1.05,1.00),(10326,5,3056,2,4,1,1,1.10,1.00,1.05,1.00),(10327,5,3057,2,4,1,1,1.10,1.00,1.05,1.00),(10328,5,3058,2,4,1,1,1.10,1.00,1.05,1.00),(10329,5,3059,2,4,1,1,1.10,1.00,1.05,1.00),(10330,5,3060,2,4,1,1,1.10,1.00,1.05,1.00),(10331,5,3061,2,4,1,1,1.10,1.00,1.05,1.00),(10332,5,3062,2,4,1,1,1.10,1.00,1.05,1.00),(10333,5,3063,2,4,1,1,1.10,1.00,2.05,1.00),(10334,5,3064,2,4,1,1,1.10,1.00,1.05,1.00),(10335,5,3065,2,4,1,1,1.10,1.00,1.05,1.00),(10336,5,3066,2,4,1,1,1.10,1.00,2.05,1.00),(10337,5,3067,2,4,1,1,1.10,1.00,1.05,1.00),(10338,5,3068,2,4,2,1,1.10,1.00,1.05,1.00),(10339,5,3069,2,4,1,1,1.10,1.00,1.05,1.00),(10340,5,3070,2,4,2,1,1.10,1.00,1.05,1.00),(10341,5,3071,2,4,2,1,1.10,1.00,1.05,1.00),(10342,5,3072,2,4,2,1,2.10,1.00,1.05,1.00),(10343,5,3073,2,4,2,1,2.10,1.00,1.05,1.00),(10344,5,3074,2,4,2,1,1.10,1.00,1.05,1.00),(10345,5,3075,2,4,2,1,1.10,1.00,1.05,1.00),(10346,5,3076,2,4,2,1,1.10,1.00,1.05,1.00),(10347,5,3077,2,4,2,1,1.10,1.00,2.05,1.00),(10348,5,3078,2,4,1,1,1.10,1.00,1.05,1.00),(10349,5,3079,2,4,2,1,1.10,1.00,1.05,1.00),(10350,5,3080,2,4,2,1,1.10,1.00,1.05,1.00),(10351,5,3081,2,4,2,1,1.10,1.00,1.05,1.00),(10352,5,3082,2,4,2,1,2.10,1.00,1.05,1.00),(10353,5,3083,2,4,2,1,1.10,1.00,1.05,1.00),(10354,5,3084,2,4,2,1,1.10,1.00,1.05,1.00),(10355,5,3085,2,4,2,1,1.10,1.00,1.05,1.00),(10356,5,3086,2,4,6,1,1.10,1.00,1.05,1.00),(10357,5,3087,2,4,6,1,1.10,1.00,1.05,1.00),(10358,5,3088,2,4,6,1,1.10,1.00,1.05,1.00),(10359,5,3089,2,4,6,1,1.10,1.00,1.05,1.00),(10360,5,3090,2,4,6,1,1.10,1.00,1.05,1.00),(10361,5,3091,2,4,6,1,1.10,1.00,1.05,1.00),(10362,5,3092,2,4,6,1,1.10,1.00,1.05,1.00),(10363,5,3093,2,4,6,1,1.10,1.00,1.05,1.00),(10364,5,3094,2,4,6,1,1.10,1.00,1.05,1.00),(10365,5,3095,2,4,6,1,1.10,1.00,1.05,1.00),(10366,5,3096,2,4,6,1,1.10,1.00,1.05,1.00),(10367,5,3097,2,4,6,1,1.10,1.00,1.05,1.00),(10368,5,3098,2,4,6,1,1.10,1.00,1.05,1.00),(10369,5,3099,2,4,6,1,1.10,1.00,1.05,1.00),(10370,5,3100,2,4,6,1,1.10,1.00,1.05,1.00),(10371,5,3101,2,4,6,1,1.10,1.00,1.05,1.00),(10372,5,3102,2,4,6,1,1.10,1.00,1.05,1.00),(10373,5,3103,2,4,6,1,1.10,1.00,1.05,1.00),(10374,5,3104,2,4,6,1,1.10,1.00,1.05,1.00),(10375,5,3105,2,4,6,1,1.10,1.00,1.05,1.00),(10376,5,3106,2,4,6,1,1.10,1.00,1.05,1.00),(10377,5,3107,2,4,6,1,1.10,1.00,1.05,1.00),(10378,5,3108,2,4,6,1,1.10,1.00,1.05,1.00),(10379,5,3109,2,4,6,1,1.10,1.00,1.05,1.00),(10380,5,3110,2,4,6,1,1.10,1.00,1.05,1.00),(10381,5,3111,2,4,6,1,1.10,1.00,1.05,1.00),(10382,5,3112,2,4,6,1,1.10,1.00,1.05,1.00),(10383,5,3113,2,4,6,1,1.10,1.00,1.05,1.00),(10384,5,3114,2,4,6,1,1.10,1.00,1.05,1.00),(10385,5,3115,2,4,7,1,1.10,1.00,1.05,1.00),(10386,5,3116,2,4,7,1,1.10,1.00,1.05,1.00),(10387,5,3117,2,4,7,1,2.10,1.00,1.05,1.00),(10388,5,3118,2,4,7,1,1.10,1.00,1.05,1.00),(10389,5,3119,2,4,7,1,1.10,1.00,1.05,1.00),(10390,5,3120,2,4,7,1,1.10,1.00,1.05,1.00),(10391,5,3121,2,4,7,1,1.10,1.00,1.05,1.00),(10392,5,3122,2,4,7,1,1.10,1.00,1.05,1.00),(10393,5,3123,2,4,7,1,1.10,1.00,1.05,1.00),(10394,5,3124,2,4,7,1,1.10,1.00,2.05,1.00),(10395,5,3125,2,4,7,1,1.10,1.00,1.05,1.00),(10396,5,3126,2,4,7,1,1.10,1.00,1.05,1.00),(10397,5,3127,2,4,7,1,1.10,1.00,1.05,1.00),(10398,5,3128,2,4,7,1,1.10,1.00,1.05,1.00),(10399,5,3129,2,4,7,1,1.10,1.00,1.05,1.00),(10400,5,3130,2,4,7,1,1.10,1.00,1.05,1.00),(10401,5,3131,2,4,7,1,1.10,1.00,1.05,1.00),(10402,5,3132,2,4,7,1,1.10,1.00,1.05,1.00),(10403,5,3133,2,4,7,1,1.10,1.00,1.05,1.00),(10404,5,3134,2,4,7,1,1.10,1.00,1.05,1.00),(10405,5,3135,2,4,7,1,1.10,1.00,1.05,1.00),(10406,5,3136,2,4,7,1,1.10,1.00,1.05,1.00),(10407,5,3137,2,4,8,1,1.10,1.00,1.05,1.00),(10408,5,3138,2,4,8,1,1.10,1.00,1.05,1.00),(10409,5,3139,2,4,8,1,1.10,1.00,1.05,1.00),(10410,5,3140,2,4,8,1,1.10,1.00,1.05,1.00),(10411,5,3141,2,4,8,1,1.10,1.00,1.05,1.00),(10412,5,3142,2,4,8,1,1.10,1.00,1.05,1.00),(10413,5,3143,2,4,8,1,1.10,1.00,1.05,1.00),(10414,5,3144,2,4,8,1,1.10,1.00,2.05,1.00),(10415,5,3145,2,4,8,1,1.10,1.00,1.05,1.00),(10416,5,3146,2,4,8,1,1.10,1.00,1.05,1.00),(10417,5,3147,2,4,8,1,1.10,1.00,1.05,1.00),(10418,5,3148,2,4,8,1,1.10,1.00,1.05,1.00),(10419,5,3149,2,4,8,1,1.10,1.00,1.05,1.00),(10420,5,3150,2,4,9,1,1.10,1.00,1.05,1.00),(10421,5,3151,2,4,9,1,1.10,1.00,1.05,1.00),(10422,5,3152,2,4,8,1,1.10,1.00,1.05,1.00),(10423,5,3153,2,4,9,1,1.10,1.00,1.05,1.00),(10424,5,3154,2,4,9,1,1.10,1.00,1.05,1.00),(10425,5,3155,2,4,9,1,1.10,1.00,1.05,1.00),(10426,5,3156,2,4,10,1,1.10,1.00,1.05,1.00),(10427,5,3157,2,4,10,1,1.10,1.00,1.05,1.00),(10428,5,3158,2,4,9,1,1.10,1.00,1.05,1.00),(10429,5,3159,2,4,9,1,1.10,1.00,1.05,1.00),(10430,5,3160,2,4,10,1,1.10,1.00,1.05,1.00),(10431,5,3161,2,4,10,1,1.10,1.00,1.05,1.00),(10432,5,3162,2,4,9,1,1.10,1.00,1.05,1.00),(10433,5,3163,2,4,9,1,1.10,1.00,1.05,1.00),(10434,5,3164,2,4,9,1,1.10,1.00,1.05,1.00),(10435,5,3165,2,4,9,1,1.10,1.00,1.05,1.00),(10436,5,3166,2,4,9,1,1.10,1.00,1.05,1.00),(10437,5,3167,2,4,9,1,1.10,1.00,1.05,1.00),(10438,5,3168,2,4,9,1,1.10,1.00,1.05,1.00),(10439,5,3169,2,4,10,1,1.10,1.00,1.05,1.00),(10440,5,3170,2,4,9,1,1.10,1.00,1.05,1.00),(10441,5,3171,2,4,9,1,1.10,1.00,1.05,1.00),(10442,5,3172,2,4,9,1,1.10,1.00,1.05,1.00),(10443,5,3173,2,4,9,1,1.10,1.00,1.05,1.00),(10444,5,3174,2,4,9,1,1.10,1.00,1.05,1.00),(10445,5,3175,2,4,9,1,1.10,1.00,1.05,1.00),(10446,5,3176,2,4,9,1,1.10,1.00,1.05,1.00),(10447,5,3177,2,4,10,1,1.10,1.00,1.05,1.00),(10449,5,3179,2,4,10,1,1.10,1.00,1.05,1.00),(10450,5,3180,2,4,10,1,1.10,1.00,1.05,1.00),(10451,5,3181,2,4,11,1,1.10,1.00,1.05,1.00),(10452,5,3182,2,4,11,1,1.10,1.00,1.05,1.00),(10453,5,3183,2,4,11,1,1.10,1.00,1.05,1.00),(10454,5,3184,2,4,11,1,1.10,1.00,1.05,1.00),(10455,5,3185,2,4,11,1,1.10,1.00,1.05,1.00),(10456,5,3186,2,4,11,1,1.10,1.00,1.05,1.00),(10457,5,3187,2,4,11,1,1.10,1.00,1.05,1.00),(10458,5,3188,2,4,11,1,1.10,1.00,1.05,1.00),(10459,5,3189,2,4,11,1,1.10,1.00,1.05,1.00),(10460,5,3190,2,4,11,1,1.10,1.00,1.05,1.00),(10461,5,3191,2,4,11,1,1.10,1.00,1.05,1.00),(10462,5,3192,2,4,11,1,1.10,1.00,1.05,1.00),(10463,5,3193,2,4,11,1,1.10,1.00,1.05,1.00),(10464,5,3194,2,4,11,1,1.10,1.00,1.05,1.00),(10465,5,3195,2,4,11,1,1.10,1.00,1.05,1.00),(10466,5,3196,2,4,11,1,1.10,1.00,1.05,1.00),(10467,5,3197,2,4,11,1,1.10,1.00,1.05,1.00),(10468,5,3198,2,4,11,1,1.10,1.00,1.05,1.00),(10469,5,3199,2,4,11,1,1.10,1.00,1.05,1.00),(10470,5,3200,2,4,11,1,1.10,1.00,1.05,1.00),(10471,5,3201,2,4,11,1,1.10,1.00,1.05,1.00),(10472,5,3202,2,4,11,1,1.10,1.00,1.05,1.00),(10473,5,3203,2,4,11,1,1.10,1.00,1.05,1.00),(10474,5,3204,2,4,11,1,1.10,1.00,1.05,1.00),(10475,5,3205,2,4,11,1,1.10,1.00,1.05,1.00),(10476,5,3206,2,4,6,1,1.10,1.00,1.05,1.00),(10477,5,3207,2,4,11,1,1.10,1.00,1.05,1.00),(10478,5,3208,2,4,11,1,1.10,1.00,1.05,1.00),(10479,5,3209,2,4,11,1,1.10,1.00,1.05,1.00),(10480,5,3210,2,4,11,1,1.10,1.00,1.05,1.00),(10481,5,3211,2,4,11,1,1.10,1.00,2.05,1.00),(10482,5,3212,2,4,11,1,1.10,1.00,1.05,1.00),(10483,5,3213,2,4,11,1,1.10,1.00,1.05,1.00),(10484,5,3214,2,4,11,1,1.10,1.00,1.05,1.00),(10485,5,3215,2,4,11,1,1.10,1.00,1.05,1.00),(10486,5,3216,2,4,11,1,1.10,1.00,1.05,1.00),(10487,5,3217,2,4,11,1,2.10,1.00,2.10,2.00),(10488,5,3218,2,4,11,1,1.10,1.00,1.05,1.00),(10489,5,3219,2,4,11,1,1.10,1.00,3.10,2.00),(10490,5,3220,2,4,11,1,1.10,1.00,1.05,1.00),(10491,5,3221,2,4,11,1,1.10,1.00,1.05,1.00),(10492,5,3222,2,4,11,1,1.10,1.00,1.05,1.00),(10493,5,3223,2,4,11,1,1.10,1.00,1.05,1.00),(10494,5,3224,2,4,11,1,1.10,1.00,1.05,1.00),(10495,5,3225,2,4,11,1,1.10,1.00,1.05,1.00),(10496,5,3226,2,4,11,1,1.10,1.00,1.05,1.00),(10497,5,3227,2,4,11,1,1.10,1.00,2.05,1.00),(10498,5,3228,2,4,11,1,1.10,1.00,1.05,1.00),(10499,5,3229,2,4,11,1,1.10,1.00,1.05,1.00),(10500,5,3230,2,4,11,1,1.10,1.00,2.10,2.00),(10501,5,3231,2,4,11,1,1.10,1.00,2.05,1.00),(10502,5,3232,2,4,11,1,1.10,1.00,1.05,1.00),(10503,5,3233,2,4,11,1,1.10,1.00,1.05,1.00),(10504,5,3234,2,4,11,1,1.10,1.00,1.05,1.00),(10505,5,3235,2,4,11,1,1.10,1.00,1.05,1.00),(10506,5,3236,2,4,11,1,1.10,1.00,1.05,1.00),(10507,5,3237,2,4,11,1,1.10,1.00,1.05,1.00),(10508,5,3238,2,4,11,1,1.10,1.00,1.05,1.00),(10509,5,3239,2,4,11,1,1.10,1.00,1.05,1.00),(10510,5,3240,2,4,11,1,1.10,1.00,2.05,1.00),(10511,5,3241,2,4,11,1,1.10,1.00,1.05,1.00),(10512,5,3242,2,4,11,1,1.10,1.00,1.05,1.00),(10513,5,3243,2,4,11,1,1.10,1.00,1.05,1.00),(10514,5,3244,2,4,11,1,1.10,1.00,1.05,1.00),(10515,5,3245,2,4,11,1,1.10,1.00,1.05,1.00),(10516,5,3246,2,4,11,1,1.10,1.00,1.05,1.00),(10517,5,3247,2,4,11,1,1.10,1.00,1.05,1.00),(10518,5,3248,2,4,9,1,1.10,1.00,1.05,1.00),(10519,5,3249,2,4,9,1,1.10,1.00,1.05,1.00),(10520,5,3250,2,4,11,1,1.10,1.00,1.05,1.00),(10521,5,3251,2,4,11,1,1.10,1.00,1.05,1.00),(10522,5,3252,2,4,11,1,1.10,1.00,1.05,1.00),(10523,5,3253,2,4,11,1,1.10,1.00,1.05,1.00),(10524,5,3254,2,4,11,1,1.10,1.00,1.05,1.00),(10525,5,3255,2,4,11,1,1.10,1.00,1.05,1.00),(10526,5,3256,2,4,11,1,1.10,1.00,1.05,1.00),(10527,5,3257,2,4,11,1,1.10,1.00,1.05,1.00),(10528,5,3258,2,4,11,1,1.10,1.00,1.05,1.00),(10529,5,3259,2,4,11,1,1.10,1.00,1.05,1.00),(10530,5,3260,2,4,11,1,1.10,1.00,1.05,1.00),(10531,5,3261,2,4,11,1,1.10,1.00,1.05,1.00),(10532,5,3262,2,4,11,1,1.10,1.00,1.05,1.00),(10533,5,3263,2,4,11,1,1.10,1.00,1.05,1.00),(10534,5,3264,2,4,12,1,1.10,1.00,1.05,1.00),(10535,5,3265,2,4,12,1,1.10,1.00,1.05,1.00),(10536,5,3266,2,4,12,1,1.10,1.00,1.05,1.00),(10537,5,3267,2,4,12,1,1.10,1.00,1.05,1.00),(10538,5,3268,2,4,12,1,1.10,1.00,1.05,1.00),(10539,5,3269,2,4,12,1,1.10,1.00,1.05,1.00),(10540,5,3270,2,4,12,1,1.10,1.00,1.05,1.00),(10541,5,3271,2,4,12,1,1.10,1.00,3.10,2.00),(10542,5,3272,2,4,12,1,1.10,1.00,1.05,1.00),(10543,5,3273,2,4,13,1,1.10,1.00,1.05,1.00),(10544,5,3274,2,4,15,1,1.10,1.00,1.05,1.00),(10545,5,3275,2,4,13,1,1.10,1.00,1.05,1.00),(10546,5,3276,2,4,13,1,1.10,1.00,1.05,1.00),(10547,5,3277,2,4,13,1,1.10,1.00,1.05,1.00),(10548,5,3278,2,4,13,1,1.10,1.00,1.05,1.00),(10549,5,3279,2,4,13,1,1.10,1.00,1.05,1.00),(10550,5,3280,2,4,13,1,1.10,1.00,1.05,1.00),(10551,5,3281,2,4,13,1,1.10,1.00,1.05,1.00),(10552,5,3282,2,4,13,1,1.10,1.00,1.05,1.00),(10553,5,3283,2,4,13,1,1.10,1.00,1.05,1.00),(10554,5,3284,2,4,13,1,1.10,1.00,1.05,1.00),(10555,5,3285,2,4,13,1,1.10,1.00,1.05,1.00),(10556,5,3286,2,4,13,1,1.10,1.00,1.05,1.00),(10557,5,3287,2,4,13,1,1.10,1.00,1.05,1.00),(10558,5,3288,2,4,13,1,1.10,1.00,1.05,1.00),(10559,5,3289,2,4,13,1,1.10,1.00,1.05,1.00),(10560,5,3290,2,4,13,1,1.10,1.00,1.05,1.00),(10561,5,3291,2,4,13,1,1.10,1.00,1.05,1.00),(10562,5,3292,2,4,15,1,1.10,1.00,1.05,1.00),(10563,5,3293,2,4,13,1,1.10,1.00,1.05,1.00);
/*!40000 ALTER TABLE `sucursales_productos` ENABLE KEYS */;
UNLOCK TABLES;

--
-- Table structure for table `tickets_ventas`
--

DROP TABLE IF EXISTS `tickets_ventas`;
/*!40101 SET @saved_cs_client     = @@character_set_client */;
/*!40101 SET character_set_client = utf8 */;
CREATE TABLE `tickets_ventas` (
  `idticket_venta` int(11) NOT NULL,
  `correlativo` int(11) NOT NULL,
  `fecha` timestamp NOT NULL DEFAULT CURRENT_TIMESTAMP ON UPDATE CURRENT_TIMESTAMP,
  `idusuario` int(11) NOT NULL,
  `monto_total_neto` double(6,2) NOT NULL,
  `descuentos` double(6,2) DEFAULT NULL,
  `monto_total` double(6,2) NOT NULL,
  PRIMARY KEY (`idticket_venta`)
) ENGINE=InnoDB DEFAULT CHARSET=utf8;
/*!40101 SET character_set_client = @saved_cs_client */;

--
-- Dumping data for table `tickets_ventas`
--

LOCK TABLES `tickets_ventas` WRITE;
/*!40000 ALTER TABLE `tickets_ventas` DISABLE KEYS */;
/*!40000 ALTER TABLE `tickets_ventas` ENABLE KEYS */;
UNLOCK TABLES;

--
-- Table structure for table `tipo_compras`
--

DROP TABLE IF EXISTS `tipo_compras`;
/*!40101 SET @saved_cs_client     = @@character_set_client */;
/*!40101 SET character_set_client = utf8 */;
CREATE TABLE `tipo_compras` (
  `idtipo_compra` int(11) NOT NULL AUTO_INCREMENT,
  `nombre` varchar(400) NOT NULL,
  `descripcion` varchar(400) NOT NULL,
  PRIMARY KEY (`idtipo_compra`)
) ENGINE=InnoDB AUTO_INCREMENT=4 DEFAULT CHARSET=latin1;
/*!40101 SET character_set_client = @saved_cs_client */;

--
-- Dumping data for table `tipo_compras`
--

LOCK TABLES `tipo_compras` WRITE;
/*!40000 ALTER TABLE `tipo_compras` DISABLE KEYS */;
INSERT INTO `tipo_compras` VALUES (1,'Mayoreo','Decuentos especiales'),(3,'Detalle','Descuentos para no mayores del 20%');
/*!40000 ALTER TABLE `tipo_compras` ENABLE KEYS */;
UNLOCK TABLES;

--
-- Table structure for table `tipos_facturas`
--

DROP TABLE IF EXISTS `tipos_facturas`;
/*!40101 SET @saved_cs_client     = @@character_set_client */;
/*!40101 SET character_set_client = utf8 */;
CREATE TABLE `tipos_facturas` (
  `idtipo_factura` int(11) NOT NULL AUTO_INCREMENT,
  `nombre` varchar(45) DEFAULT NULL,
  PRIMARY KEY (`idtipo_factura`)
) ENGINE=InnoDB DEFAULT CHARSET=utf8;
/*!40101 SET character_set_client = @saved_cs_client */;

--
-- Dumping data for table `tipos_facturas`
--

LOCK TABLES `tipos_facturas` WRITE;
/*!40000 ALTER TABLE `tipos_facturas` DISABLE KEYS */;
/*!40000 ALTER TABLE `tipos_facturas` ENABLE KEYS */;
UNLOCK TABLES;

--
-- Table structure for table `tipos_gastos`
--

DROP TABLE IF EXISTS `tipos_gastos`;
/*!40101 SET @saved_cs_client     = @@character_set_client */;
/*!40101 SET character_set_client = utf8 */;
CREATE TABLE `tipos_gastos` (
  `idtipo_gasto` int(11) NOT NULL AUTO_INCREMENT,
  `nombre` varchar(45) NOT NULL,
  `decripcion` varchar(400) NOT NULL,
  PRIMARY KEY (`idtipo_gasto`)
) ENGINE=InnoDB DEFAULT CHARSET=latin1;
/*!40101 SET character_set_client = @saved_cs_client */;

--
-- Dumping data for table `tipos_gastos`
--

LOCK TABLES `tipos_gastos` WRITE;
/*!40000 ALTER TABLE `tipos_gastos` DISABLE KEYS */;
/*!40000 ALTER TABLE `tipos_gastos` ENABLE KEYS */;
UNLOCK TABLES;

--
-- Table structure for table `traslados`
--

DROP TABLE IF EXISTS `traslados`;
/*!40101 SET @saved_cs_client     = @@character_set_client */;
/*!40101 SET character_set_client = utf8 */;
CREATE TABLE `traslados` (
  `idtraslado` int(11) NOT NULL AUTO_INCREMENT,
  `idsucursal_envio` int(11) NOT NULL,
  `idsucursal_llegada` int(11) NOT NULL,
  `observaciones` varchar(500) NOT NULL,
  `fecha_envio` timestamp NOT NULL DEFAULT CURRENT_TIMESTAMP ON UPDATE CURRENT_TIMESTAMP,
  `fecha_recepcion` timestamp NULL DEFAULT NULL,
  `validada` enum('SI','NO') NOT NULL,
  PRIMARY KEY (`idtraslado`),
  KEY `fk_traslados_sucursales1_idx` (`idsucursal_envio`),
  KEY `fk_traslados_sucursales2_idx` (`idsucursal_llegada`),
  CONSTRAINT `fk_traslados_sucursales1` FOREIGN KEY (`idsucursal_envio`) REFERENCES `sucursales` (`idsucursal`) ON DELETE NO ACTION ON UPDATE NO ACTION,
  CONSTRAINT `fk_traslados_sucursales2` FOREIGN KEY (`idsucursal_llegada`) REFERENCES `sucursales` (`idsucursal`) ON DELETE NO ACTION ON UPDATE NO ACTION
) ENGINE=InnoDB DEFAULT CHARSET=latin1;
/*!40101 SET character_set_client = @saved_cs_client */;

--
-- Dumping data for table `traslados`
--

LOCK TABLES `traslados` WRITE;
/*!40000 ALTER TABLE `traslados` DISABLE KEYS */;
/*!40000 ALTER TABLE `traslados` ENABLE KEYS */;
UNLOCK TABLES;

--
-- Table structure for table `usuarios`
--

DROP TABLE IF EXISTS `usuarios`;
/*!40101 SET @saved_cs_client     = @@character_set_client */;
/*!40101 SET character_set_client = utf8 */;
CREATE TABLE `usuarios` (
  `idusuario` int(11) NOT NULL AUTO_INCREMENT,
  `usuario` varchar(45) NOT NULL,
  `contraseña` varchar(200) NOT NULL,
  `idempleado_sucursal` int(11) NOT NULL,
  `idgrupo` int(11) NOT NULL,
  `fecha_creacion` timestamp NOT NULL DEFAULT CURRENT_TIMESTAMP ON UPDATE CURRENT_TIMESTAMP,
  `estado` enum('Activo','Inactivo') NOT NULL,
  PRIMARY KEY (`idusuario`),
  KEY `fk_usuarios_grupos1_idx` (`idgrupo`),
  KEY `fk_usuarios_empleados_sucursales1_idx` (`idempleado_sucursal`),
  CONSTRAINT `fk_usuarios_empleados_sucursales1` FOREIGN KEY (`idempleado_sucursal`) REFERENCES `empleados_sucursales` (`idempleado_sucursal`) ON DELETE NO ACTION ON UPDATE NO ACTION,
  CONSTRAINT `fk_usuarios_grupos1` FOREIGN KEY (`idgrupo`) REFERENCES `grupos` (`idgrupo`) ON DELETE NO ACTION ON UPDATE NO ACTION
) ENGINE=InnoDB AUTO_INCREMENT=4 DEFAULT CHARSET=utf8;
/*!40101 SET character_set_client = @saved_cs_client */;

--
-- Dumping data for table `usuarios`
--

LOCK TABLES `usuarios` WRITE;
/*!40000 ALTER TABLE `usuarios` DISABLE KEYS */;
INSERT INTO `usuarios` VALUES (3,'jfuentes','c4ca4238a0b923820dcc509a6f75849b',1,1,'2018-05-03 22:22:42','Activo');
/*!40000 ALTER TABLE `usuarios` ENABLE KEYS */;
UNLOCK TABLES;

--
-- Table structure for table `utilidades_compras`
--

DROP TABLE IF EXISTS `utilidades_compras`;
/*!40101 SET @saved_cs_client     = @@character_set_client */;
/*!40101 SET character_set_client = utf8 */;
CREATE TABLE `utilidades_compras` (
  `idutilidad_compra` int(11) NOT NULL AUTO_INCREMENT,
  `nombre` varchar(45) NOT NULL,
  `porcentaje` double(6,2) NOT NULL,
  `idtipo_compra` int(11) NOT NULL,
  PRIMARY KEY (`idutilidad_compra`),
  KEY `fk_utilidades_compras_tipo_compras1_idx` (`idtipo_compra`),
  CONSTRAINT `fk_utilidades_compras_tipo_compras1` FOREIGN KEY (`idtipo_compra`) REFERENCES `tipo_compras` (`idtipo_compra`) ON DELETE NO ACTION ON UPDATE NO ACTION
) ENGINE=InnoDB AUTO_INCREMENT=10 DEFAULT CHARSET=latin1;
/*!40101 SET character_set_client = @saved_cs_client */;

--
-- Dumping data for table `utilidades_compras`
--

LOCK TABLES `utilidades_compras` WRITE;
/*!40000 ALTER TABLE `utilidades_compras` DISABLE KEYS */;
INSERT INTO `utilidades_compras` VALUES (2,'5%',0.05,1),(3,'6%',0.06,1),(4,'10%',0.10,3),(5,'12%',0.12,3),(6,'14%',0.14,3),(7,'16%',0.16,3),(8,'18%',0.18,3),(9,'20%',0.20,3);
/*!40000 ALTER TABLE `utilidades_compras` ENABLE KEYS */;
UNLOCK TABLES;

--
-- Table structure for table `vencimientos`
--

DROP TABLE IF EXISTS `vencimientos`;
/*!40101 SET @saved_cs_client     = @@character_set_client */;
/*!40101 SET character_set_client = utf8 */;
CREATE TABLE `vencimientos` (
  `idvencimiento` int(11) NOT NULL AUTO_INCREMENT,
  `fecha_vencimiento` timestamp NOT NULL DEFAULT CURRENT_TIMESTAMP ON UPDATE CURRENT_TIMESTAMP,
  `descripcion` varchar(400) DEFAULT NULL,
  PRIMARY KEY (`idvencimiento`)
) ENGINE=InnoDB DEFAULT CHARSET=latin1;
/*!40101 SET character_set_client = @saved_cs_client */;

--
-- Dumping data for table `vencimientos`
--

LOCK TABLES `vencimientos` WRITE;
/*!40000 ALTER TABLE `vencimientos` DISABLE KEYS */;
/*!40000 ALTER TABLE `vencimientos` ENABLE KEYS */;
UNLOCK TABLES;

--
-- Table structure for table `vencimientos_productos`
--

DROP TABLE IF EXISTS `vencimientos_productos`;
/*!40101 SET @saved_cs_client     = @@character_set_client */;
/*!40101 SET character_set_client = utf8 */;
CREATE TABLE `vencimientos_productos` (
  `idvencimiento_producto` int(11) NOT NULL AUTO_INCREMENT,
  `idproductos_suc` int(11) NOT NULL,
  `idvencimiento` int(11) NOT NULL,
  PRIMARY KEY (`idvencimiento_producto`),
  KEY `fk_vencimientos_productos_sucursales_productos1_idx` (`idproductos_suc`),
  KEY `fk_vencimientos_productos_vencimientos1_idx` (`idvencimiento`),
  CONSTRAINT `fk_vencimientos_productos_sucursales_productos1` FOREIGN KEY (`idproductos_suc`) REFERENCES `sucursales_productos` (`idsucursal_producto`) ON DELETE NO ACTION ON UPDATE NO ACTION,
  CONSTRAINT `fk_vencimientos_productos_vencimientos1` FOREIGN KEY (`idvencimiento`) REFERENCES `vencimientos` (`idvencimiento`) ON DELETE NO ACTION ON UPDATE NO ACTION
) ENGINE=InnoDB DEFAULT CHARSET=latin1;
/*!40101 SET character_set_client = @saved_cs_client */;

--
-- Dumping data for table `vencimientos_productos`
--

LOCK TABLES `vencimientos_productos` WRITE;
/*!40000 ALTER TABLE `vencimientos_productos` DISABLE KEYS */;
/*!40000 ALTER TABLE `vencimientos_productos` ENABLE KEYS */;
UNLOCK TABLES;

--
-- Table structure for table `ventas`
--

DROP TABLE IF EXISTS `ventas`;
/*!40101 SET @saved_cs_client     = @@character_set_client */;
/*!40101 SET character_set_client = utf8 */;
CREATE TABLE `ventas` (
  `idventa` int(11) NOT NULL AUTO_INCREMENT,
  `idventa_ticket` int(11) DEFAULT NULL,
  `idventa_factura` int(11) DEFAULT NULL,
  `fecha` timestamp NOT NULL DEFAULT CURRENT_TIMESTAMP ON UPDATE CURRENT_TIMESTAMP,
  `idsucursal` int(11) NOT NULL,
  `anulacion` enum('NO','SI') NOT NULL,
  PRIMARY KEY (`idventa`),
  KEY `fk_ventas_ventas_tickets1_idx` (`idventa_ticket`),
  KEY `fk_ventas_ventas_factura1_idx` (`idventa_factura`),
  KEY `fk_ventas_sucursales1_idx` (`idsucursal`),
  CONSTRAINT `fk_ventas_sucursales1` FOREIGN KEY (`idsucursal`) REFERENCES `sucursales` (`idsucursal`) ON DELETE NO ACTION ON UPDATE NO ACTION,
  CONSTRAINT `fk_ventas_ventas_factura1` FOREIGN KEY (`idventa_factura`) REFERENCES `ventas_factura` (`idventa`) ON DELETE NO ACTION ON UPDATE NO ACTION,
  CONSTRAINT `fk_ventas_ventas_tickets1` FOREIGN KEY (`idventa_ticket`) REFERENCES `ventas_tickets` (`idventa_ticket`) ON DELETE NO ACTION ON UPDATE NO ACTION
) ENGINE=InnoDB DEFAULT CHARSET=latin1;
/*!40101 SET character_set_client = @saved_cs_client */;

--
-- Dumping data for table `ventas`
--

LOCK TABLES `ventas` WRITE;
/*!40000 ALTER TABLE `ventas` DISABLE KEYS */;
/*!40000 ALTER TABLE `ventas` ENABLE KEYS */;
UNLOCK TABLES;

--
-- Table structure for table `ventas_factura`
--

DROP TABLE IF EXISTS `ventas_factura`;
/*!40101 SET @saved_cs_client     = @@character_set_client */;
/*!40101 SET character_set_client = utf8 */;
CREATE TABLE `ventas_factura` (
  `idventa` int(11) NOT NULL AUTO_INCREMENT,
  `idforma_pago` int(11) NOT NULL,
  `idsucursal` int(11) NOT NULL,
  `idfactura` int(11) NOT NULL,
  `fecha` timestamp NOT NULL DEFAULT CURRENT_TIMESTAMP ON UPDATE CURRENT_TIMESTAMP,
  PRIMARY KEY (`idventa`),
  KEY `fk_ventas_factura_formas_pagos1_idx` (`idforma_pago`),
  KEY `fk_ventas_factura_sucursales1_idx` (`idsucursal`),
  KEY `fk_ventas_factura_facturas_ventas1_idx` (`idfactura`),
  CONSTRAINT `fk_ventas_factura_facturas_ventas1` FOREIGN KEY (`idfactura`) REFERENCES `facturas_ventas` (`idfactura_venta`) ON DELETE NO ACTION ON UPDATE NO ACTION,
  CONSTRAINT `fk_ventas_factura_formas_pagos1` FOREIGN KEY (`idforma_pago`) REFERENCES `formas_pagos` (`idforma_pago`) ON DELETE NO ACTION ON UPDATE NO ACTION,
  CONSTRAINT `fk_ventas_factura_sucursales1` FOREIGN KEY (`idsucursal`) REFERENCES `sucursales` (`idsucursal`) ON DELETE NO ACTION ON UPDATE NO ACTION
) ENGINE=InnoDB DEFAULT CHARSET=utf8;
/*!40101 SET character_set_client = @saved_cs_client */;

--
-- Dumping data for table `ventas_factura`
--

LOCK TABLES `ventas_factura` WRITE;
/*!40000 ALTER TABLE `ventas_factura` DISABLE KEYS */;
/*!40000 ALTER TABLE `ventas_factura` ENABLE KEYS */;
UNLOCK TABLES;

--
-- Table structure for table `ventas_tickets`
--

DROP TABLE IF EXISTS `ventas_tickets`;
/*!40101 SET @saved_cs_client     = @@character_set_client */;
/*!40101 SET character_set_client = utf8 */;
CREATE TABLE `ventas_tickets` (
  `idventa_ticket` int(11) NOT NULL,
  `idforma_pago` int(11) NOT NULL,
  `idsucursal` int(11) NOT NULL,
  `idticket` int(11) NOT NULL,
  `fecha` timestamp NOT NULL DEFAULT CURRENT_TIMESTAMP ON UPDATE CURRENT_TIMESTAMP,
  PRIMARY KEY (`idventa_ticket`),
  KEY `fk_ventas_tickets_tickets_ventas1_idx` (`idticket`),
  KEY `fk_ventas_tickets_sucursales1_idx` (`idsucursal`),
  KEY `fk_ventas_tickets_formas_pagos1_idx` (`idforma_pago`),
  CONSTRAINT `fk_ventas_tickets_formas_pagos1` FOREIGN KEY (`idforma_pago`) REFERENCES `formas_pagos` (`idforma_pago`) ON DELETE NO ACTION ON UPDATE NO ACTION,
  CONSTRAINT `fk_ventas_tickets_sucursales1` FOREIGN KEY (`idsucursal`) REFERENCES `sucursales` (`idsucursal`) ON DELETE NO ACTION ON UPDATE NO ACTION,
  CONSTRAINT `fk_ventas_tickets_tickets_ventas1` FOREIGN KEY (`idticket`) REFERENCES `tickets_ventas` (`idticket_venta`) ON DELETE NO ACTION ON UPDATE NO ACTION
) ENGINE=InnoDB DEFAULT CHARSET=latin1;
/*!40101 SET character_set_client = @saved_cs_client */;

--
-- Dumping data for table `ventas_tickets`
--

LOCK TABLES `ventas_tickets` WRITE;
/*!40000 ALTER TABLE `ventas_tickets` DISABLE KEYS */;
/*!40000 ALTER TABLE `ventas_tickets` ENABLE KEYS */;
UNLOCK TABLES;
/*!40103 SET TIME_ZONE=@OLD_TIME_ZONE */;

/*!40101 SET SQL_MODE=@OLD_SQL_MODE */;
/*!40014 SET FOREIGN_KEY_CHECKS=@OLD_FOREIGN_KEY_CHECKS */;
/*!40014 SET UNIQUE_CHECKS=@OLD_UNIQUE_CHECKS */;
/*!40101 SET CHARACTER_SET_CLIENT=@OLD_CHARACTER_SET_CLIENT */;
/*!40101 SET CHARACTER_SET_RESULTS=@OLD_CHARACTER_SET_RESULTS */;
/*!40101 SET COLLATION_CONNECTION=@OLD_COLLATION_CONNECTION */;
/*!40111 SET SQL_NOTES=@OLD_SQL_NOTES */;

-- Dump completed on 2018-05-22 13:11:57
